team,jersey,first_name,last_name,position,archetype,overall,age,birth_year,height_in,weight_lb,college,dev,speed,acceleration,agility,strength,jumping,stamina,injury_resist,toughness,awareness,play_recognition,discipline,throw_power,throw_acc_short,throw_acc_mid,throw_acc_deep,throw_on_run,throw_under_pressure,break_sack,play_action,scrambling,carrying,ball_security,break_tackle,trucking,elusiveness,juke_move,spin_move,stiff_arm,vision,catching,catch_in_traffic,spectacular_catch,route_short,route_mid,route_deep,release,run_block,pass_block,impact_block,lead_block,run_block_power,run_block_finesse,pass_block_power,pass_block_finesse,power_moves,finesse_moves,block_shedding,pursuit,tackle,hit_power,man_coverage,zone_coverage,press,kick_power,kick_accuracy,punt_power,punt_accuracy
NYS,,Julian,Wise,QB,FIELD_GENERAL,79,25,2001,76,214,Tennessee,SLOW,64,81,81,77,80,82,77,87,89,88,75,80,82,80,66,74,82,71,77,66,57,65,36,37,32,28,27,29,31,35,28,34,35,26,31,35,39,33,20,32,37,35,30,48,28,42,35,35,28,36,33,42,35,12,9,10,13
NYS,,Miles,Sexton,QB,GUNSLINGER,70,26,2000,77,237,Central Michigan,NORMAL,72,68,65,76,72,72,73,72,62,60,57,78,70,77,76,71,66,66,73,67,55,48,38,30,29,47,37,32,30,36,27,38,40,32,33,28,43,28,43,30,34,38,38,37,38,37,34,40,25,31,38,36,33,5,11,12,6
NYS,,Zane,Flowers,QB,POCKET_PASSER,54,22,2004,76,219,Texas,NORMAL,48,53,47,54,51,60,52,48,54,52,59,61,57,59,55,42,50,57,50,40,41,36,43,33,28,33,42,27,47,28,34,39,24,25,32,32,32,25,32,30,28,22,36,38,36,29,25,29,27,34,39,26,25,19,8,15,20
NYS,,Percy,James,RB,ONE_CUT_ZONE,79,23,2003,71,219,Hawaii,NORMAL,76,83,82,72,76,81,84,83,67,79,87,29,35,32,22,44,31,29,34,30,67,88,79,71,78,31,28,36,88,79,75,27,65,57,31,74,73,76,24,66,27,26,46,31,36,34,33,38,31,38,29,39,25,15,4,16,19
NYS,,Aaron,Burke,RB,ONE_CUT_ZONE,71,23,2003,71,209,Houston,SLOW,71,77,78,64,60,69,69,67,65,68,82,36,38,32,42,27,28,34,35,23,70,71,65,57,67,34,29,29,77,66,64,34,63,50,31,60,62,60,31,56,37,33,33,35,37,28,29,26,44,33,38,41,41,10,18,11,12
NYS,,Reggie,Hunt,RB,ONE_CUT_ZONE,65,21,2005,74,226,Nebraska,QUICK,58,71,68,58,75,67,61,68,66,69,70,37,32,38,34,43,26,31,33,30,64,62,55,47,63,35,38,30,85,58,44,33,61,48,30,48,49,59,34,50,38,25,28,40,35,31,56,36,35,32,49,32,25,10,8,10,1
NYS,,Luca,Oliver,RB,POWER_BACK,61,29,1997,70,214,Sam Houston State,QUICK,57,57,59,66,62,66,58,62,61,56,60,35,45,28,31,27,36,30,40,26,64,74,69,71,58,37,52,39,57,56,42,31,39,48,32,54,52,63,34,57,39,38,42,32,37,32,41,38,35,39,33,32,29,30,18,5,11
NYS,,Franklin,Sharp,FB,ELUSIVE,67,23,2003,70,240,Louisville,NORMAL,65,66,75,56,67,72,73,62,76,65,65,28,38,35,30,38,37,32,45,44,72,37,62,23,26,38,35,29,35,66,43,34,54,53,30,58,63,35,73,66,48,33,36,35,28,31,36,33,36,37,42,35,28,14,4,19,19
NYS,,Kai,Williams,WR,Z_ROUTE_TECH,79,28,1998,69,183,Virginia Tech,QUICK,77,75,73,75,73,85,77,77,85,82,75,30,33,44,42,37,29,40,31,18,65,38,61,33,66,30,48,39,36,75,82,81,86,80,76,94,73,23,35,41,30,33,37,29,34,32,38,36,27,37,36,30,34,9,11,10,18
NYS,,Harrison,Conley,WR,X_CONTESTED,74,24,2002,72,197,Kent State,SLOW,58,75,79,82,78,77,71,71,78,77,79,40,31,41,33,44,34,36,38,37,65,38,57,45,56,30,33,30,40,72,90,81,67,79,73,72,64,46,33,36,40,38,50,46,36,27,25,38,38,33,40,37,31,19,5,17,14
NYS,,Nathan,Terrell,WR,X_CONTESTED,75,24,2002,69,189,Oklahoma,QUICK,63,76,75,77,78,81,75,69,74,70,85,34,29,39,30,32,34,25,22,35,69,27,65,35,51,39,43,42,31,66,88,90,77,79,76,80,60,45,21,24,42,30,26,40,22,44,36,22,42,31,28,34,28,9,7,11,19
NYS,,Demarco,Fleming,WR,DEEP_THREAT,71,25,2001,76,208,North Dakota State,QUICK,86,81,77,69,77,73,69,69,74,74,74,32,44,36,47,32,26,33,38,32,73,34,61,37,52,32,36,39,33,70,59,60,48,69,82,78,49,28,24,34,38,39,27,28,32,36,30,31,32,36,32,35,34,7,10,13,16
NYS,,Maxwell,Medina,WR,X_CONTESTED,62,21,2005,74,210,Purdue,NORMAL,53,62,57,68,68,60,62,64,61,55,68,26,43,32,27,27,41,40,32,31,50,33,54,46,49,36,31,19,25,60,67,71,66,67,54,65,45,33,35,40,33,36,32,33,37,36,27,32,28,36,41,30,43,11,14,12,9
NYS,,Leon,Sloan,WR,Z_ROUTE_TECH,62,21,2005,70,186,Iowa State,NORMAL,59,60,53,62,63,60,65,55,66,63,58,34,37,35,33,36,31,42,34,35,57,32,50,45,51,31,42,30,27,54,57,61,75,68,62,66,60,30,29,20,38,50,29,37,43,32,33,34,37,34,42,37,35,11,13,8,14
NYS,,Phillip,Drummond,TE,INLINE_BLOCKER,75,29,1997,79,276,Vanderbilt,NORMAL,66,80,72,86,80,79,80,74,79,66,75,41,40,30,35,39,40,25,29,21,37,35,26,35,20,29,28,32,32,70,65,61,73,61,57,65,85,79,88,67,35,42,66,26,34,29,34,36,30,40,44,35,29,11,9,10,13
NYS,,Drew,Knight,TE,INLINE_BLOCKER,65,29,1997,76,262,Appalachian State,NORMAL,56,67,66,71,60,70,57,64,65,69,62,32,37,34,36,42,37,45,32,43,37,27,35,40,41,38,30,43,32,65,64,58,63,52,44,59,70,67,70,53,30,40,49,43,31,27,28,39,33,38,37,36,41,22,5,11,15
NYS,,Hakeem,Bowen,TE,MOVE_TE,57,25,2001,79,256,Mississippi State,SLOW,65,67,57,52,57,60,58,59,53,66,50,29,41,35,31,41,35,26,31,27,33,27,40,33,45,33,26,33,33,55,53,42,60,62,52,46,58,52,60,45,41,36,25,41,31,36,23,17,41,28,36,36,35,12,15,6,9
NYS,,Rashad,Norwood,LT,ATHLETIC_PULLING,86,31,1995,76,292,Auburn,NORMAL,94,99,98,80,83,88,88,87,87,87,90,33,23,37,30,44,40,39,31,27,42,32,49,37,34,38,47,37,34,34,41,31,38,33,33,33,87,89,46,30,81,83,78,88,30,38,34,31,26,26,41,32,34,8,6,24,3
NYS,,Desmond,Randall,LT,ATHLETIC_PULLING,65,24,2002,79,331,Florida,NORMAL,71,73,78,51,65,60,63,59,64,66,66,29,38,33,38,37,32,25,29,30,36,35,38,41,22,25,38,43,28,37,30,36,35,36,37,28,62,65,30,49,73,70,70,65,22,42,23,40,29,45,33,41,28,22,1,10,9
NYS,,Logan,Todd,LG,ZONE_BLOCKER,74,29,1997,78,332,Florida,NORMAL,71,86,81,69,82,72,68,69,80,82,88,38,30,28,37,39,33,44,36,27,27,38,36,37,27,30,28,58,36,38,30,33,29,36,32,33,76,73,75,31,64,88,69,66,23,39,40,39,43,32,29,35,33,12,1,14,14
NYS,,Rondell,Downs,LG,POWER_MAULER,62,29,1997,74,288,Stanford,NORMAL,61,59,51,72,69,56,56,63,50,61,62,31,37,49,34,30,25,40,34,34,31,33,31,44,37,42,26,35,39,25,44,25,41,31,32,24,64,65,71,43,66,53,54,64,30,33,40,36,25,33,32,26,39,11,9,16,10
NYS,,Hendrix,Sherman,C,POWER_MAULER,75,25,2001,77,313,Cincinnati,QUICK,76,58,61,88,73,78,74,73,80,79,74,33,33,29,45,46,33,43,41,23,30,33,36,27,28,26,28,39,30,36,38,31,32,32,39,37,76,67,79,30,87,61,64,64,34,28,39,31,34,41,37,34,42,4,3,7,11
NYS,,Logan,Shepherd,RG,ATHLETIC_PULLING,73,22,2004,74,306,California,NORMAL,79,84,84,64,68,70,74,73,83,64,75,29,36,36,28,28,33,31,44,37,37,25,27,31,31,45,34,38,37,38,30,53,45,36,33,27,75,73,71,41,69,72,69,56,30,34,38,37,33,46,25,27,30,11,13,14,1
NYS,,Levi,Watts,RG,ZONE_BLOCKER,73,26,2000,76,301,Rice,QUICK,77,78,79,66,69,79,83,68,79,75,73,27,37,24,39,35,43,46,30,33,43,33,40,32,47,20,36,39,38,42,32,35,37,41,25,25,72,73,68,42,63,96,77,62,34,40,38,33,41,32,40,33,25,13,1,10,17
NYS,,Mitchell,Fitzgerald,RT,ZONE_BLOCKER,73,23,2003,80,326,Florida Atlantic,NORMAL,72,78,83,71,72,74,71,66,77,70,72,28,31,44,44,46,34,32,31,26,40,25,24,36,38,33,41,38,29,28,39,33,34,25,44,39,70,72,24,44,64,83,68,76,38,28,36,29,38,37,42,29,32,17,20,11,4
NYS,,Holden,Gibson,RT,ZONE_BLOCKER,68,29,1997,78,311,Pittsburgh,QUICK,71,74,73,56,57,63,72,68,74,68,71,40,43,34,33,36,44,29,35,39,36,25,35,35,43,35,44,28,29,33,40,39,36,42,28,33,70,66,28,21,56,75,73,71,37,35,34,26,33,41,31,37,35,6,6,12,21
NYS,,Jaden,Cruz,EDGE,POWER_RUSHER,80,33,1993,76,260,Purdue,SLOW,74,86,67,94,83,80,80,76,79,82,81,29,26,36,35,41,36,29,38,31,39,31,26,19,33,28,25,33,28,24,34,38,29,41,35,31,34,20,32,40,17,24,20,35,82,73,89,75,76,74,55,79,51,21,16,6,20
NYS,,Tariq,Ray,EDGE,SPEED_RUSHER,78,28,1998,76,250,Appalachian State,NORMAL,90,79,85,69,82,67,80,68,75,76,78,47,30,35,30,40,32,31,33,31,33,17,27,36,49,35,31,35,46,48,31,34,36,32,45,32,27,34,34,26,43,32,22,35,68,90,59,80,81,77,63,59,29,15,16,21,15
NYS,,Shane,Tucker,EDGE,COVERAGE_OLB,71,21,2005,75,257,Florida State,QUICK,75,68,73,72,73,68,69,77,66,69,74,29,28,34,30,31,28,33,38,46,32,40,25,25,39,25,44,45,37,39,39,50,33,26,34,26,34,29,34,33,35,35,43,28,62,76,67,82,69,64,53,69,25,12,10,4,16
NYS,,Sam,Bates,EDGE,COVERAGE_OLB,65,21,2005,77,273,Youngstown State,SUPERSTAR,82,57,64,52,57,67,70,77,63,63,69,38,37,35,31,35,40,42,28,34,35,23,44,33,37,39,37,27,23,37,47,20,46,40,40,38,32,33,40,36,27,27,32,34,52,69,74,71,63,36,50,57,35,20,15,19,17
NYS,,Gerald,Freeman,EDGE,COVERAGE_OLB,52,28,1998,78,274,San Jose State,SUPERSTAR,65,55,53,36,54,55,45,50,52,57,46,38,26,38,21,33,41,33,38,37,28,26,43,31,45,31,38,33,33,39,36,31,23,41,25,29,32,23,22,31,33,33,38,45,41,53,54,62,52,42,58,57,34,20,14,14,24
NYS,,Omar,Long,DT,INTERIOR_RUSHER,77,29,1997,76,316,Illinois,SLOW,83,87,77,70,79,74,74,71,74,70,75,41,37,40,33,34,39,47,38,25,44,39,44,31,37,27,39,41,46,30,41,31,42,37,26,35,30,46,31,40,43,41,27,39,88,84,76,81,64,63,30,42,41,17,18,11,9
NYS,,Kevin,Torres,DT,TWO_GAP_5TECH,76,24,2002,78,347,Wisconsin,NORMAL,77,62,80,79,79,85,78,75,75,81,71,32,30,37,33,34,35,29,32,31,37,38,38,37,31,44,25,29,43,22,33,30,36,29,23,38,30,29,34,35,38,31,41,40,71,66,84,73,77,62,41,30,36,21,1,18,12
NYS,,Jared,Briggs,DT,NOSE_1TECH,64,21,2005,77,322,Wisconsin,NORMAL,55,48,55,78,63,64,63,68,51,63,61,27,36,30,30,42,28,35,22,37,50,34,29,34,35,35,32,24,35,37,38,38,31,32,31,32,25,43,35,31,37,48,41,29,70,47,65,56,72,50,33,38,36,13,1,14,11
NYS,,Rashad,Harper,DT,NOSE_1TECH,59,25,2001,78,348,Boise State,NORMAL,42,43,60,81,62,53,57,57,60,59,50,42,30,31,38,36,35,30,32,29,40,30,40,37,37,43,32,26,31,45,25,32,35,32,32,35,34,35,36,28,42,38,36,29,51,42,64,45,58,39,30,39,30,1,21,8,21
NYS,,Omar,Mitchell,LB,THUMPER,74,31,1995,72,218,Rice,SLOW,62,77,74,85,69,76,75,70,70,76,80,31,43,40,32,38,22,40,27,37,34,44,28,41,34,32,26,29,32,31,22,37,32,34,34,34,36,21,43,29,41,39,14,27,45,65,81,66,84,78,70,70,51,14,11,16,17
NYS,,Craig,Nash,LB,COVERAGE_LB,75,24,2002,74,245,Syracuse,NORMAL,83,74,84,70,84,72,71,77,73,75,76,28,38,35,36,29,36,34,41,32,41,32,29,36,28,37,34,37,35,33,23,27,36,39,29,32,37,37,31,44,33,42,40,30,66,53,64,76,73,69,82,79,59,12,19,21,16
NYS,,Chandler,Moses,LB,BLITZING_LB,70,21,2005,72,236,Oregon,NORMAL,75,72,68,68,77,61,74,75,64,73,69,36,40,39,37,47,40,34,30,23,26,37,22,41,20,43,50,26,29,22,35,28,33,27,39,39,32,37,37,41,47,38,44,27,71,71,72,78,76,67,59,56,58,10,13,3,8
NYS,,Jesse,Stanley,LB,COVERAGE_LB,57,30,1996,73,226,Central Michigan,X_FACTOR,71,58,55,57,59,55,66,59,51,55,61,37,42,39,37,39,40,18,33,39,39,42,32,35,37,31,31,36,33,27,26,42,36,42,29,39,35,29,35,24,34,38,28,33,54,50,48,50,55,48,67,68,52,14,4,5,22
NYS,,Weston,Woodson,LB,THUMPER,60,25,2001,75,247,Youngstown State,NORMAL,45,61,58,74,60,58,60,61,62,55,53,31,35,48,31,31,41,27,28,29,31,36,36,25,34,26,31,40,25,41,43,34,31,42,41,31,44,39,30,27,40,43,40,34,55,43,68,62,68,72,52,52,51,6,9,20,9
NYS,,Dante,Roberson,LB,BLITZING_LB,55,23,2003,73,227,New Mexico,NORMAL,47,63,56,47,56,56,56,52,55,54,51,33,34,36,24,43,25,29,30,34,40,21,31,34,33,32,43,36,35,33,42,43,40,51,41,32,35,38,34,37,27,32,41,44,62,60,52,59,59,61,56,47,42,12,19,13,14
NYS,,Ezekiel,Huff,CB,MAN_PRESS,81,27,1999,71,190,Southern Miss,QUICK,80,81,83,90,73,89,87,78,83,67,90,39,45,38,31,36,36,34,33,31,37,22,29,42,32,33,32,32,38,75,50,66,33,31,35,34,35,34,26,48,34,39,44,30,40,33,39,73,76,79,93,71,92,14,5,12,5
NYS,,Davion,Sexton,CB,ZONE_CB,78,23,2003,72,199,Middle Tennessee,SLOW,76,75,84,83,80,72,77,87,91,83,78,29,41,31,34,27,25,23,32,29,37,40,30,24,35,35,28,27,28,86,37,68,25,35,39,30,31,41,30,37,33,29,37,32,40,37,44,66,75,68,68,92,73,14,4,1,8
NYS,,Jalen,Valdez,CB,SLOT_CB,73,25,2001,69,168,Auburn,QUICK,73,86,84,71,62,71,68,77,62,71,64,29,25,31,32,36,37,25,38,36,36,45,38,35,42,43,18,42,26,75,34,60,33,38,27,30,34,44,32,34,45,29,30,36,38,40,37,59,78,53,71,72,60,15,11,19,13
NYS,,Dalton,Matthews,CB,BALLHAWK,61,21,2005,70,172,South Carolina,QUICK,59,58,58,61,62,54,57,58,57,68,57,31,28,35,33,43,45,32,36,30,39,30,40,22,36,34,31,41,30,79,29,56,35,43,39,43,31,31,43,23,23,33,31,28,30,33,47,44,49,44,53,72,55,10,16,10,23
NYS,,Liam,Small,CB,MAN_PRESS,57,22,2004,72,191,Southern Miss,QUICK,58,53,53,57,52,49,57,55,61,48,60,33,34,34,43,32,37,37,32,40,40,29,43,37,44,44,32,35,39,53,35,44,27,34,34,33,36,27,24,35,33,40,35,26,30,34,42,49,65,40,67,44,70,20,7,11,12
NYS,,Kenny,Carroll,S,STRONG_SAFETY,81,28,1998,75,214,Iowa,NORMAL,79,74,66,87,79,85,86,89,81,75,71,24,36,29,37,33,39,36,39,50,30,39,32,36,39,35,36,34,40,81,28,66,29,23,24,28,37,26,23,30,42,34,36,37,26,29,63,90,91,84,85,72,61,21,1,6,13
NYS,,Kyler,Cochran,S,BOX_SAFETY,73,26,2000,70,191,Montana,SLOW,67,77,74,76,65,72,68,70,65,87,71,33,40,40,31,36,41,32,41,29,32,26,30,37,27,41,44,45,27,72,37,58,30,27,36,36,28,32,42,41,39,43,31,40,34,34,56,73,91,89,62,53,63,5,12,1,5
NYS,,Antoine,Smart,S,STRONG_SAFETY,68,21,2005,70,183,Florida State,NORMAL,70,62,75,73,67,66,62,70,58,73,76,33,35,36,33,40,34,27,35,27,33,42,49,35,37,37,27,32,33,64,37,56,34,32,34,34,46,25,46,42,34,30,32,40,46,44,44,73,77,76,67,58,54,16,5,7,24
NYS,,Tyrese,Bell,S,HYBRID_NICKEL,59,29,1997,74,213,West Virginia,SLOW,52,58,76,50,60,56,59,57,58,58,63,36,42,36,32,21,47,31,40,26,47,30,39,28,42,32,35,38,38,58,37,41,29,27,30,37,39,47,33,44,34,33,39,40,32,29,51,64,62,52,59,66,38,7,18,10,6
NYS,,Jayden,Chandler,K,SPECIALIST,78,25,2001,75,197,Wisconsin,QUICK,77,91,81,81,71,81,77,76,70,77,72,36,49,40,42,47,44,47,36,33,41,51,40,53,42,45,36,36,44,43,40,40,50,45,43,42,36,41,42,44,44,44,25,43,45,35,48,38,36,41,43,41,51,79,77,38,39
NYS,,Riley,Drummond,P,SPECIALIST,74,28,1998,73,198,James Madison,NORMAL,70,73,72,79,78,71,66,86,78,74,68,40,45,35,33,40,51,44,45,29,47,43,42,34,37,48,43,53,33,34,48,51,46,28,35,40,43,48,49,41,40,49,41,36,46,50,44,47,56,48,36,40,48,33,36,73,74
NYS,,Felix,Carr,LS,SPECIALIST,56,24,2002,76,238,Oklahoma State,NORMAL,59,58,61,51,53,49,66,55,58,51,56,38,37,52,38,45,48,41,42,47,31,41,48,36,45,48,42,36,47,40,49,50,42,53,30,45,47,37,42,41,48,42,52,27,45,45,46,32,58,38,36,44,40,39,36,32,36
BOS,,Aaron,Herrera,QB,DUAL_THREAT,82,26,2000,74,215,Rice,X_FACTOR,99,92,75,68,77,79,76,81,73,80,82,83,81,74,86,90,83,81,84,99,61,66,30,38,35,40,30,20,48,45,27,36,30,28,28,31,34,30,21,36,34,20,30,38,40,38,34,26,42,45,40,43,32,2,11,14,1
BOS,,Drew,Shelton,QB,IMPROVISER,62,21,2005,75,223,Iowa,QUICK,65,63,63,67,57,59,60,57,52,67,69,58,63,61,60,67,73,78,52,66,46,36,37,36,29,32,37,32,30,35,32,37,35,38,27,23,36,45,29,34,27,36,31,34,40,27,37,34,27,33,33,30,31,14,17,7,13
BOS,,Marshall,Ryan,QB,POCKET_PASSER,60,27,1999,74,217,Grambling State,NORMAL,36,59,62,48,71,56,62,63,70,63,72,63,58,67,56,44,62,63,57,44,56,54,36,33,33,34,32,20,28,36,39,30,33,35,29,28,27,35,39,34,36,26,27,34,43,39,39,33,33,29,38,39,35,20,15,9,16
BOS,,Cooper,Newton,RB,ONE_CUT_ZONE,75,29,1997,68,193,Youngstown State,SUPERSTAR,74,79,79,65,83,77,77,82,71,71,72,35,35,32,32,30,38,34,45,30,73,75,65,59,73,28,27,43,86,79,61,39,60,62,26,54,62,72,39,66,34,37,42,26,38,36,36,37,38,30,37,52,31,5,2,7,21
BOS,,Felix,Flowers,RB,RECEIVING_BACK,68,24,2002,69,222,Sam Houston State,NORMAL,73,65,63,72,70,69,67,68,60,72,65,20,37,41,42,45,37,31,35,26,73,77,56,62,71,40,31,26,67,83,61,38,61,59,34,58,62,74,35,57,49,30,39,30,35,40,37,33,34,35,46,39,31,12,15,24,19
BOS,,Grant,Williamson,RB,ELUSIVE,65,24,2002,72,206,South Alabama,SLOW,62,59,71,49,71,64,71,67,63,62,70,33,28,38,20,34,30,35,37,37,69,66,65,55,77,41,28,32,63,69,60,33,48,61,33,52,56,62,30,45,44,26,34,34,32,31,36,37,26,39,42,27,24,17,12,23,12
BOS,,Emmanuel,Walsh,RB,ONE_CUT_ZONE,57,26,2000,74,226,West Virginia,NORMAL,60,66,62,55,63,62,49,49,55,63,45,41,40,23,35,32,35,44,31,27,58,52,48,51,49,36,46,23,62,45,41,34,45,47,35,42,45,59,29,44,49,31,29,32,34,35,31,28,26,41,30,28,24,11,16,17,20
BOS,,Parker,Lane,FB,WORKHORSE,59,26,2000,71,231,Louisiana Tech,NORMAL,61,61,66,60,53,67,61,63,58,58,49,32,38,28,32,44,32,22,32,30,62,31,56,35,38,37,42,35,42,51,48,44,49,43,42,41,57,34,67,55,27,39,38,22,28,38,50,25,33,23,31,30,28,25,12,11,17
BOS,,Marquise,Valdez,WR,X_CONTESTED,73,26,2000,69,179,San Jose State,NORMAL,70,66,71,81,79,75,72,73,68,75,76,31,39,38,41,31,33,31,38,43,62,34,67,33,60,44,23,29,46,74,80,81,74,70,72,68,62,30,34,30,33,29,46,37,28,42,26,41,43,40,25,41,28,16,15,21,14
BOS,,Keegan,Harmon,WR,Z_ROUTE_TECH,70,26,2000,76,217,Georgia,NORMAL,70,65,67,63,68,67,71,63,71,71,67,37,32,33,34,32,25,37,37,27,71,44,51,35,59,28,40,34,36,64,59,62,76,78,84,71,58,28,46,38,35,25,32,46,31,44,39,38,37,26,25,30,33,4,22,17,17
BOS,,Tyrese,Jennings,WR,SLOT,71,21,2005,74,189,Old Dominion,SLOW,76,56,89,68,61,73,68,75,72,69,78,42,35,33,42,33,31,30,43,27,55,42,55,39,61,28,38,29,26,67,77,64,82,67,64,71,66,39,38,29,33,32,38,38,32,25,30,37,30,27,37,31,40,2,10,7,9
BOS,,Tristan,Leach,WR,SLOT,67,24,2002,72,186,Missouri,NORMAL,69,69,73,61,58,67,72,65,58,62,59,39,22,36,25,31,44,23,26,36,67,21,66,29,54,36,30,34,38,60,76,68,79,61,57,68,65,34,41,35,27,38,35,33,35,40,30,40,36,31,34,38,37,12,9,26,16
BOS,,Weston,Bishop,WR,DEEP_THREAT,60,27,1999,69,172,Purdue,QUICK,70,69,56,63,52,58,59,56,65,60,59,39,30,31,27,35,24,34,43,37,42,29,29,25,46,36,38,36,36,62,45,58,54,57,69,54,52,25,28,43,28,36,28,49,31,32,27,36,31,36,33,28,37,12,10,15,11
BOS,,Trent,Murray,WR,Z_ROUTE_TECH,57,21,2005,70,173,Mississippi State,NORMAL,48,56,56,49,47,60,60,61,55,59,65,37,24,32,35,39,27,27,35,35,54,23,47,36,56,32,48,39,39,49,53,55,65,67,66,56,45,36,41,30,37,38,18,34,37,31,35,23,42,46,48,42,33,10,18,13,16
BOS,,Liam,Knox,TE,H_BACK,71,27,1999,79,266,Kansas State,NORMAL,58,67,63,70,76,75,63,67,83,70,70,27,23,38,42,29,35,31,33,38,19,36,42,39,36,39,42,37,29,73,65,58,69,70,53,65,73,66,74,77,32,31,59,40,34,25,33,44,33,37,25,28,33,16,13,13,12
BOS,,Sterling,Weaver,TE,INLINE_BLOCKER,64,27,1999,74,253,Tulsa,NORMAL,54,65,53,72,67,62,65,62,66,75,59,24,30,26,42,36,32,51,33,29,45,35,40,37,44,25,30,38,40,56,69,52,63,45,57,48,77,71,69,43,32,36,53,31,33,38,32,36,33,35,38,35,40,21,12,9,8
BOS,,Sebastian,Phillips,TE,RECEIVING_TE,61,25,2001,77,243,Boston College,NORMAL,60,64,70,51,63,61,66,67,54,62,66,44,40,26,37,40,33,30,37,36,38,41,27,34,35,35,29,40,28,75,69,44,63,72,47,54,41,71,49,45,32,33,42,36,29,36,33,32,32,36,39,40,33,2,12,19,3
BOS,,Jace,Myers,LT,POWER_MAULER,77,29,1997,79,313,Memphis,NORMAL,72,71,70,89,79,84,70,76,68,73,78,35,29,29,32,33,30,28,48,48,25,36,29,24,31,23,35,24,39,31,37,42,39,39,28,25,79,82,28,27,91,57,72,77,31,33,34,35,28,39,30,29,22,19,12,21,12
BOS,,Darnell,Bush,LT,ZONE_BLOCKER,65,30,1996,77,290,Ole Miss,NORMAL,60,70,76,57,65,65,63,64,68,75,56,38,30,36,39,41,26,24,37,26,37,40,32,37,35,40,38,47,34,30,45,43,41,31,30,26,62,65,27,33,47,84,69,61,46,36,27,31,43,30,55,35,29,14,14,11,7
BOS,,Chase,Daniels,LG,POWER_MAULER,77,31,1995,76,315,Michigan State,SLOW,72,72,65,95,76,78,82,76,75,76,80,25,32,34,30,25,34,26,40,27,32,32,40,32,40,27,39,36,27,41,31,45,31,22,38,31,76,75,76,26,77,66,74,61,46,31,28,36,35,41,31,36,49,14,19,7,13
BOS,,Duke,Henry,LG,PASS_PROTECTOR,62,28,1998,78,340,Colorado,SLOW,72,60,65,55,63,62,62,57,57,60,54,38,27,40,36,29,32,24,41,34,23,39,33,30,29,38,32,28,32,33,32,40,43,38,31,34,64,72,44,30,57,60,70,53,38,29,18,33,29,43,34,30,32,16,15,2,5
BOS,,Malik,Perkins,C,ZONE_BLOCKER,73,23,2003,74,304,Ohio,NORMAL,73,77,85,59,79,69,69,72,79,74,81,45,40,32,29,39,25,38,43,37,34,38,24,35,43,38,39,31,37,36,25,30,31,28,32,42,75,82,76,38,56,91,69,57,32,30,26,31,39,42,53,37,31,17,20,11,20
BOS,,Isaac,Hale,RG,PASS_PROTECTOR,68,27,1999,77,333,Florida,NORMAL,61,66,56,63,63,67,68,73,74,71,72,29,30,40,43,27,29,28,37,29,42,31,34,30,26,31,41,41,47,32,38,30,27,42,41,30,76,77,62,30,51,53,66,60,39,38,32,27,36,36,33,43,36,17,20,20,16
BOS,,Jace,Alvarez,RG,PASS_PROTECTOR,62,24,2002,75,312,North Carolina,SLOW,58,65,62,65,68,63,56,62,68,62,65,46,46,31,41,28,40,41,40,39,38,33,39,28,25,44,20,36,25,41,38,29,37,26,32,35,55,74,56,31,44,63,70,49,34,35,44,36,32,31,40,35,39,15,9,10,9
BOS,,Shawn,Powers,RT,PASS_PROTECTOR,73,31,1995,80,320,Georgia Southern,NORMAL,77,77,68,69,76,72,67,75,76,66,77,38,28,32,32,34,16,32,40,37,42,29,43,26,35,31,37,31,29,38,28,25,44,33,19,36,67,75,41,37,62,69,80,85,37,31,30,25,28,38,37,29,30,15,6,17,7
BOS,,Liam,Medina,RT,ZONE_BLOCKER,56,26,2000,77,308,Arkansas,NORMAL,54,62,67,52,56,59,47,59,61,52,57,47,34,30,37,40,39,33,36,26,47,34,36,44,29,30,34,31,27,33,44,37,32,38,24,24,55,52,37,35,54,67,60,48,37,39,35,30,43,31,31,35,38,18,4,10,18
BOS,,Luca,Castillo,EDGE,COVERAGE_OLB,81,24,2002,76,255,Tulsa,NORMAL,80,93,82,79,82,85,85,79,84,82,84,31,38,31,31,33,42,23,33,48,26,31,27,36,29,42,44,33,34,27,31,30,41,38,36,31,32,32,26,29,35,38,39,37,65,80,84,93,88,69,81,91,46,8,9,17,2
BOS,,Montrell,Kelly,EDGE,POWER_RUSHER,74,27,1999,75,241,Stanford,NORMAL,58,71,67,77,79,62,73,75,75,64,69,39,26,33,35,38,32,43,31,31,36,29,33,26,41,44,34,33,32,28,25,27,38,41,30,39,37,35,33,39,35,31,41,47,89,68,84,76,73,68,62,69,42,12,4,15,1
BOS,,Andre,Knight,EDGE,RUN_STOPPING_EDGE,67,21,2005,79,281,Oregon State,NORMAL,64,68,60,75,67,66,72,60,68,75,68,32,35,37,36,42,25,33,29,18,29,33,32,35,32,21,38,34,41,35,35,26,32,30,29,29,39,38,35,30,42,42,35,23,64,58,81,61,72,52,64,48,33,17,19,4,12
BOS,,Brett,Lowe,EDGE,RUN_STOPPING_EDGE,61,28,1998,79,268,Florida Atlantic,QUICK,47,60,59,68,64,55,64,68,67,60,56,28,35,36,38,28,42,35,39,22,26,27,30,32,36,30,35,31,34,32,33,32,28,36,24,21,46,33,34,36,35,33,27,31,66,51,72,60,65,52,48,55,30,9,17,16,17
BOS,,Cooper,Morales,EDGE,RUN_STOPPING_EDGE,52,21,2005,76,248,Villanova,SLOW,43,58,56,61,56,53,49,54,51,50,57,34,31,36,35,35,27,34,46,28,22,36,30,39,29,32,28,28,38,36,37,37,33,32,35,31,31,33,29,22,42,35,34,29,44,44,70,45,61,33,45,48,26,7,18,13,4
BOS,,Montrell,Moore,DT,NOSE_1TECH,82,23,2003,77,328,Texas State,SLOW,77,67,81,95,81,81,89,79,78,77,84,30,36,28,33,33,41,42,15,36,35,32,30,38,33,40,28,26,37,35,43,29,36,35,40,33,30,38,31,37,24,29,39,41,77,71,95,66,86,64,37,40,28,11,14,11,23
BOS,,Jordan,Campbell,DT,INTERIOR_RUSHER,67,27,1999,74,308,Georgia Tech,SLOW,72,80,70,65,65,72,65,71,61,60,67,35,31,41,20,34,43,28,35,25,38,35,28,30,35,38,36,30,28,34,32,35,40,44,35,44,40,39,31,36,38,31,34,41,74,75,62,69,62,52,38,38,21,16,12,3,23
BOS,,Julian,Young,DT,PENETRATOR_3TECH,67,23,2003,74,321,Houston,QUICK,59,79,60,59,68,67,67,65,70,58,65,36,40,34,35,22,34,26,27,30,36,33,33,26,30,29,40,31,28,20,33,41,38,35,35,27,40,43,28,22,39,35,29,30,73,74,65,69,64,66,41,30,25,14,19,4,7
BOS,,Jacoby,Richards,DT,INTERIOR_RUSHER,60,23,2003,78,339,Kansas State,NORMAL,54,66,59,63,57,66,55,64,60,54,64,21,33,31,36,19,34,38,36,46,37,39,35,27,27,31,36,33,24,41,39,30,31,44,33,27,35,35,22,41,40,29,34,33,68,66,56,56,51,56,43,32,37,11,14,4,10
BOS,,Reece,Flowers,LB,COVERAGE_LB,72,24,2002,72,222,Tulsa,SLOW,77,63,74,58,71,73,66,74,79,76,66,37,28,42,35,31,27,27,39,27,43,25,34,33,46,30,30,40,36,37,41,34,30,17,36,29,40,28,36,37,33,20,29,32,63,67,62,72,68,62,74,82,60,10,3,5,9
BOS,,Solomon,Fuller,LB,BLITZING_LB,68,23,2003,74,233,Texas Tech,NORMAL,71,83,68,69,75,66,70,63,75,68,76,43,39,29,41,37,41,32,31,46,32,31,42,36,34,35,27,21,27,29,37,36,33,23,26,41,34,33,37,40,45,25,37,43,63,67,65,63,68,67,62,61,51,14,7,8,16
BOS,,Dallas,West,LB,COVERAGE_LB,69,25,2001,72,213,Central Michigan,SLOW,79,65,73,64,72,72,67,68,67,73,68,36,46,25,36,34,38,41,31,24,39,25,33,35,34,36,46,36,44,44,25,41,41,42,34,23,30,40,38,43,36,33,40,41,58,58,58,66,67,55,73,75,49,20,18,6,13
BOS,,Jace,Davenport,LB,COVERAGE_LB,63,21,2005,75,243,Troy,NORMAL,70,67,67,59,58,60,61,64,67,58,57,46,41,39,39,42,39,32,27,33,35,44,30,52,30,32,18,37,30,36,31,38,35,35,27,29,33,43,41,40,35,30,36,33,39,47,47,62,62,51,72,75,45,13,3,3,7
BOS,,Dominic,Chambers,LB,BLITZING_LB,55,23,2003,76,258,Montana,NORMAL,56,58,53,56,52,45,51,57,55,58,48,38,35,32,29,27,35,34,31,42,25,34,28,38,25,25,33,31,39,33,40,39,32,33,33,40,51,30,29,30,28,29,42,40,64,60,53,57,53,61,61,43,39,1,11,6,8
BOS,,Antoine,Roberts,LB,FIELD_GENERAL_MLB,52,22,2004,75,247,North Texas,SLOW,44,51,59,57,56,52,61,43,54,64,50,19,40,29,38,35,28,40,25,25,33,34,24,42,36,29,33,33,26,38,49,32,27,28,21,48,29,40,30,32,31,34,23,32,39,32,44,57,57,48,40,45,56,19,10,18,13
BOS,,Clayton,Langston,CB,MAN_PRESS,76,21,2005,71,186,Penn State,SUPERSTAR,80,76,72,79,75,75,77,80,80,66,78,33,35,35,41,47,40,42,46,36,30,31,33,39,38,42,39,35,28,78,42,54,27,30,34,40,34,38,32,40,38,38,33,33,20,30,42,60,80,59,77,73,82,15,9,15,16
BOS,,Wesley,Conley,CB,MAN_PRESS,71,23,2003,71,186,Montana,NORMAL,78,69,61,77,72,71,78,71,76,64,76,22,30,37,39,45,32,29,41,37,31,37,31,23,37,28,40,39,31,66,29,75,37,38,37,30,39,32,27,40,47,40,29,38,30,33,44,63,72,62,84,52,82,19,19,14,8
BOS,,Cody,Dixon,CB,SLOT_CB,66,22,2004,71,198,Boston College,NORMAL,57,75,78,65,61,70,67,67,59,62,67,34,33,50,45,37,39,31,35,35,33,33,32,34,29,36,35,28,44,60,31,47,33,31,30,32,40,33,39,28,35,34,33,34,33,33,38,57,71,58,72,60,59,1,16,11,9
BOS,,Mason,Moses,CB,MAN_PRESS,64,31,1995,70,184,North Carolina,QUICK,63,63,68,74,60,62,59,61,64,60,54,36,31,43,38,38,30,32,40,35,28,35,27,25,34,31,45,34,28,50,27,57,25,29,41,28,30,30,31,48,36,25,28,34,34,33,36,42,62,46,76,52,74,7,7,16,10
BOS,,Vance,McLean,CB,BALLHAWK,58,27,1999,71,191,Boston College,QUICK,47,53,62,71,55,53,61,51,64,71,64,30,31,30,41,38,35,24,34,29,38,30,36,24,36,31,53,40,40,69,37,55,30,33,29,32,32,34,44,29,27,32,30,34,35,35,40,43,56,48,55,63,54,10,14,11,11
BOS,,Braden,Fitzgerald,S,HYBRID_NICKEL,74,30,1996,72,210,Mississippi State,QUICK,70,70,87,70,78,73,79,81,65,80,71,29,39,28,40,31,33,34,31,26,30,34,25,34,36,28,41,36,30,70,32,80,29,36,33,45,43,48,27,29,39,30,37,32,39,39,68,77,69,60,81,83,58,16,7,7,13
BOS,,Tariq,Martin,S,FREE_SAFETY,73,28,1998,75,216,Oklahoma,NORMAL,77,73,63,67,71,73,65,76,72,77,75,38,36,35,35,29,50,45,34,28,27,30,37,40,31,38,31,39,47,74,29,58,29,42,27,32,31,39,28,35,46,29,36,40,45,42,57,70,60,65,69,85,55,13,7,19,2
BOS,,Craig,Peters,S,BOX_SAFETY,68,27,1999,74,215,South Alabama,NORMAL,53,75,69,75,69,71,66,71,73,70,70,31,38,30,37,22,40,34,35,33,34,36,31,34,31,45,40,28,35,77,32,53,28,38,38,30,27,38,32,36,35,28,31,30,36,37,55,62,84,76,61,63,52,6,16,19,8
BOS,,Damarcus,Hicks,S,FREE_SAFETY,60,25,2001,70,190,South Alabama,NORMAL,60,52,61,58,66,65,60,52,64,71,61,37,36,32,36,21,40,32,33,32,29,38,34,30,32,27,42,33,27,65,34,50,32,29,33,37,32,35,36,30,26,35,33,33,25,32,55,57,53,42,53,68,47,18,15,17,17
BOS,,Ty,Cox,K,SPECIALIST,67,28,1998,73,196,Iowa,NORMAL,69,62,68,71,67,66,65,68,75,73,65,33,47,42,37,48,42,35,38,41,37,42,38,34,34,43,31,38,35,46,38,46,48,44,36,41,59,38,43,40,42,44,39,28,45,43,49,51,53,34,42,45,28,66,67,32,37
BOS,,Kendrick,Waller,P,SPECIALIST,66,23,2003,76,208,Old Dominion,NORMAL,64,71,67,68,67,71,67,67,64,59,63,30,45,40,39,43,29,36,43,45,36,46,41,39,30,51,41,38,45,41,40,41,46,47,45,34,51,39,52,44,56,50,36,49,44,35,36,49,46,41,38,33,40,23,25,67,65
BOS,,Kobe,Hester,LS,SPECIALIST,54,25,2001,74,248,Cincinnati,QUICK,48,54,56,51,52,49,61,54,56,52,48,45,41,40,43,39,47,45,50,42,50,45,38,48,40,43,51,35,43,34,29,40,42,52,52,45,38,51,43,33,42,42,41,38,48,34,35,45,54,52,40,37,42,25,32,26,36
PHI,,Colby,Goode,QB,GUNSLINGER,89,32,1994,74,212,Old Dominion,NORMAL,87,80,89,88,84,96,87,91,90,88,82,98,79,90,93,85,97,87,84,88,80,69,33,21,27,31,35,27,34,29,23,37,34,41,36,25,40,33,29,40,33,35,31,30,39,32,42,29,36,29,35,40,40,16,20,16,12
PHI,,Raymond,Hoyt,QB,DUAL_THREAT,73,29,1997,77,236,Louisiana,SUPERSTAR,78,80,70,77,77,83,80,68,71,65,75,72,75,75,77,74,73,70,65,84,58,54,32,25,46,29,30,37,27,35,44,41,41,35,26,24,25,30,53,31,37,38,36,28,36,31,45,35,28,34,36,39,31,14,16,19,14
PHI,,Ezekiel,Jones,QB,IMPROVISER,61,29,1997,73,212,Villanova,SLOW,57,63,59,61,57,63,59,61,54,56,70,64,65,64,51,70,65,73,60,67,47,50,24,37,34,29,30,35,33,30,28,39,33,34,33,35,25,38,30,38,29,39,42,31,32,44,40,35,32,41,28,36,32,18,20,8,2
PHI,,Davion,Buchanan,RB,WORKHORSE,79,22,2004,73,219,Wake Forest,NORMAL,73,79,78,78,77,85,87,86,84,79,72,28,23,39,33,27,30,28,32,38,86,91,85,81,72,34,35,25,74,79,61,30,68,70,31,59,74,80,34,66,37,36,41,37,26,31,40,41,34,25,26,27,22,7,15,18,13
PHI,,Bennett,Pruitt,RB,ELUSIVE,72,31,1995,72,224,Ohio,NORMAL,66,71,89,62,66,68,70,70,73,78,71,35,31,36,40,33,45,32,22,29,68,65,71,63,79,31,34,25,72,71,68,39,60,61,26,56,60,72,27,50,40,32,37,31,27,29,33,29,23,40,34,41,41,8,20,7,14
PHI,,Riley,Castillo,RB,WORKHORSE,65,33,1993,73,212,Notre Dame,NORMAL,62,61,55,66,64,76,66,60,67,75,70,31,38,31,44,25,42,35,31,25,76,77,74,60,58,25,29,34,66,67,38,50,49,59,34,57,53,57,38,50,39,38,37,37,38,33,29,38,34,32,24,31,33,1,13,5,16
PHI,,Victor,Peterson,RB,POWER_BACK,65,25,2001,68,187,North Dakota State,SLOW,61,68,58,76,62,72,62,59,63,67,70,40,28,36,39,39,33,28,33,42,72,59,75,78,58,34,38,41,67,61,58,37,44,51,37,56,58,69,35,54,34,43,26,44,26,34,35,32,45,26,32,34,40,13,20,22,11
PHI,,Trevon,Rodgers,FB,RECEIVING_BACK,67,29,1997,70,236,Tennessee,NORMAL,67,65,67,63,66,72,64,62,66,69,62,37,28,32,35,32,35,32,42,37,63,35,58,26,30,27,34,37,32,90,60,40,59,67,28,57,59,19,72,66,33,38,35,39,55,38,31,34,42,31,26,22,35,19,9,16,18
PHI,,Lucas,Gaines,WR,Z_ROUTE_TECH,83,30,1996,73,198,Toledo,SUPERSTAR,82,74,79,77,74,85,83,79,86,77,85,28,26,26,32,29,30,39,32,29,73,37,75,27,78,31,28,30,29,74,77,80,90,93,88,89,75,31,43,34,35,27,34,32,41,39,35,34,27,31,29,44,24,11,8,10,10
PHI,,Darius,Phillips,WR,YAC_RECEIVER,82,26,2000,72,189,UCLA,NORMAL,76,94,82,82,83,88,81,77,89,83,77,33,31,29,35,40,18,38,37,35,68,33,74,34,77,28,21,25,47,91,84,80,83,76,70,81,71,40,33,34,33,36,25,37,40,50,20,32,35,32,49,32,38,21,15,8,13
PHI,,Warren,Drummond,WR,YAC_RECEIVER,72,27,1999,74,201,UCLA,NORMAL,69,75,67,63,75,73,60,69,70,76,73,33,28,40,43,25,28,25,34,43,60,40,65,33,67,31,25,39,32,76,71,65,78,73,67,71,59,36,31,37,34,40,36,41,38,36,41,23,28,38,51,33,38,16,13,16,16
PHI,,Harrison,Moore,WR,DEEP_THREAT,69,24,2002,70,169,Ole Miss,SLOW,88,69,63,63,65,68,61,68,64,68,61,36,33,33,33,22,40,33,24,34,65,36,46,45,60,25,42,34,32,66,57,61,63,69,78,65,56,34,39,31,26,24,38,35,33,35,43,24,39,37,33,32,27,1,8,3,15
PHI,,Devonte,Griffin,WR,DEEP_THREAT,62,29,1997,75,213,Tennessee,QUICK,76,77,56,50,58,62,59,65,56,65,65,32,33,39,26,40,35,36,34,37,48,26,53,28,45,42,32,41,34,63,52,63,54,61,65,56,44,37,46,34,31,31,37,33,32,40,28,36,37,38,22,31,30,15,19,16,12
PHI,,Lamar,Strong,WR,YAC_RECEIVER,60,25,2001,70,198,South Dakota State,NORMAL,60,67,57,56,64,62,58,60,62,64,64,36,47,20,36,26,30,22,38,28,38,39,59,31,61,37,45,40,29,58,53,59,61,61,57,61,33,24,37,37,44,27,32,42,38,21,36,23,43,36,38,37,38,11,20,9,8
PHI,,Devonte,Bryant,TE,INLINE_BLOCKER,73,25,2001,74,243,San Diego State,NORMAL,61,71,80,80,69,72,79,67,74,73,74,25,33,36,28,30,24,46,35,42,46,29,30,40,25,34,35,37,48,69,62,60,76,58,67,64,90,76,82,51,32,30,65,31,40,30,19,23,12,34,35,39,38,7,3,23,15
PHI,,Riley,Acosta,TE,INLINE_BLOCKER,66,30,1996,77,242,Southern Illinois,NORMAL,45,65,58,80,61,73,73,59,61,61,68,39,36,43,35,28,38,42,34,40,37,34,25,31,36,37,36,41,24,61,66,59,60,52,61,53,78,74,77,70,33,45,61,33,36,30,48,29,37,37,45,23,28,7,9,20,13
PHI,,Evan,Delaney,TE,RECEIVING_TE,56,26,2000,78,251,Mississippi State,SLOW,49,65,63,50,53,57,57,60,55,54,50,41,26,37,34,33,26,30,18,35,27,35,40,30,39,35,32,21,40,68,62,46,57,71,50,43,47,50,49,43,38,35,53,49,35,27,46,30,29,31,33,41,42,7,1,1,22
PHI,,Nico,Ford,LT,ZONE_BLOCKER,82,23,2003,78,302,Mississippi State,QUICK,83,89,87,69,84,81,75,81,93,82,88,46,29,30,29,28,30,31,38,33,38,25,41,33,37,29,48,37,35,39,45,30,31,33,31,33,80,79,28,28,79,99,83,83,49,31,26,27,18,32,35,35,42,7,16,14,24
PHI,,Zane,Dean,LT,ATHLETIC_PULLING,62,24,2002,78,322,USC,NORMAL,71,64,73,52,64,61,67,64,71,61,52,40,36,33,37,28,29,37,35,33,29,43,34,37,41,31,34,41,27,40,36,35,24,25,30,24,62,61,33,34,63,70,52,58,37,32,41,24,25,19,38,37,40,3,12,12,10
PHI,,Zane,Alvarez,LG,ATHLETIC_PULLING,76,30,1996,76,320,West Virginia,NORMAL,88,70,90,69,75,77,71,72,78,79,72,37,34,28,40,31,36,31,31,34,36,41,28,26,29,29,48,39,25,32,33,33,42,36,27,31,80,71,71,35,81,74,78,67,17,37,27,30,33,30,32,40,53,17,9,17,21
PHI,,Isaac,Pickett,LG,POWER_MAULER,63,31,1995,76,317,Tulane,NORMAL,57,50,45,69,63,62,63,58,60,63,65,36,40,43,36,26,25,35,33,33,37,32,28,40,39,35,38,33,33,20,36,33,28,34,51,31,68,59,66,39,70,49,63,40,31,35,34,32,33,28,46,32,21,8,19,18,15
PHI,,Ricardo,Francis,C,ZONE_BLOCKER,75,21,2005,78,318,Louisville,NORMAL,86,83,88,80,83,77,73,74,75,85,84,36,40,28,23,30,42,35,33,39,27,36,34,38,25,33,34,35,44,22,35,34,32,28,31,25,73,71,77,29,63,82,76,60,37,37,28,23,37,36,47,32,26,1,14,14,20
PHI,,Franklin,Harrell,RG,ZONE_BLOCKER,75,29,1997,75,301,Old Dominion,SLOW,84,78,89,61,74,71,67,78,80,73,78,32,37,43,37,29,35,34,40,35,33,34,39,28,36,35,31,38,26,38,29,46,17,32,35,33,79,77,72,39,70,82,77,61,37,36,32,45,29,43,34,28,27,5,17,16,8
PHI,,Trevon,Stanley,RG,ZONE_BLOCKER,59,24,2002,76,307,Kentucky,NORMAL,55,66,65,56,58,53,59,61,68,58,63,27,36,30,36,32,32,37,28,31,37,31,33,36,26,41,33,31,26,29,37,30,24,43,32,24,58,58,61,29,43,69,58,51,34,30,36,34,40,26,35,27,42,10,7,12,12
PHI,,Colby,Pena,RT,ATHLETIC_PULLING,79,30,1996,78,316,Grambling State,NORMAL,87,88,93,80,83,82,87,72,70,84,75,30,44,32,33,32,25,35,34,33,36,37,38,43,26,23,29,22,37,38,52,21,30,29,33,31,82,75,29,25,80,77,75,81,40,37,24,36,39,26,32,37,34,5,6,11,21
PHI,,Jaden,Rhodes,RT,ZONE_BLOCKER,65,28,1998,79,317,Iowa,SLOW,75,73,80,56,65,68,66,69,65,73,60,24,41,23,38,36,36,42,39,22,27,31,35,32,19,34,30,36,41,35,39,35,31,22,34,37,57,64,37,29,56,82,65,71,35,38,28,34,33,29,43,36,36,5,6,25,13
PHI,,Jared,Stafford,EDGE,SPEED_RUSHER,82,26,2000,75,260,Southern Miss,NORMAL,87,94,92,72,74,82,83,83,77,86,87,31,24,33,35,25,39,35,33,34,37,40,35,34,36,44,36,36,36,35,31,34,34,27,35,33,45,25,34,36,36,24,37,45,75,92,69,74,81,69,76,69,40,9,6,1,13
PHI,,Colby,Bennett,EDGE,POWER_RUSHER,78,27,1999,76,272,Northwestern,SUPERSTAR,70,69,77,91,84,75,81,82,78,70,86,28,31,39,33,34,36,31,46,33,32,38,25,54,35,31,44,30,19,34,40,24,33,37,40,37,41,28,29,29,38,36,38,34,95,70,75,87,70,66,56,55,41,13,7,18,16
PHI,,Jackson,Atkins,EDGE,POWER_RUSHER,69,27,1999,74,241,Southern Miss,SLOW,61,69,63,77,70,74,70,64,69,69,62,39,30,41,39,46,39,35,27,38,39,28,33,32,35,34,39,41,39,27,32,30,39,29,32,33,38,37,34,32,26,30,25,35,81,59,70,72,72,62,52,53,30,4,14,3,19
PHI,,Bo,Fitzgerald,EDGE,POWER_RUSHER,60,22,2004,76,254,TCU,NORMAL,48,50,62,71,64,57,61,61,60,62,53,30,45,38,43,21,15,38,45,37,38,35,40,36,31,38,40,39,38,37,24,39,35,37,31,34,25,17,35,37,31,46,37,24,74,45,69,59,65,44,47,47,37,5,20,15,14
PHI,,Connor,Campbell,EDGE,COVERAGE_OLB,59,26,2000,78,264,Southern Miss,QUICK,67,54,72,41,66,49,59,66,58,63,58,29,38,26,34,39,26,22,36,31,40,33,32,31,26,28,37,33,36,32,36,30,31,28,42,40,36,39,24,37,24,28,38,37,49,68,60,63,60,46,54,56,36,4,1,7,20
PHI,,Logan,Atkins,DT,PENETRATOR_3TECH,79,29,1997,76,324,Kansas,NORMAL,83,91,69,74,84,79,77,78,78,80,73,32,30,39,30,42,33,27,34,37,35,28,25,30,33,32,33,36,39,38,29,30,27,32,50,42,29,40,28,38,26,44,34,22,78,89,76,84,74,78,30,33,39,8,4,9,22
PHI,,Grant,Myers,DT,TWO_GAP_5TECH,76,28,1998,77,330,Georgia Tech,SLOW,86,72,78,84,72,76,74,77,74,75,76,31,33,38,43,32,49,26,37,23,33,35,40,42,33,29,31,32,35,19,33,34,29,31,33,30,32,32,18,39,41,35,44,26,68,61,84,65,85,58,41,32,31,14,5,17,15
PHI,,Carter,Huff,DT,TWO_GAP_5TECH,63,25,2001,77,341,Texas Tech,SLOW,70,55,62,64,66,64,65,62,57,67,66,32,26,44,23,34,32,30,39,28,38,42,31,23,24,46,38,39,32,35,41,31,34,48,36,29,40,26,26,26,31,26,42,27,61,50,70,57,70,46,39,45,22,17,9,19,14
PHI,,Victor,Alexander,DT,TWO_GAP_5TECH,59,22,2004,77,326,North Dakota State,QUICK,66,50,62,63,57,64,55,52,58,63,61,37,29,34,34,38,24,29,39,36,30,35,38,42,23,28,25,35,33,31,41,29,36,38,31,31,22,40,39,28,28,33,24,42,56,38,73,53,60,58,35,41,39,25,10,2,14
PHI,,Zion,Wright,LB,COVERAGE_LB,78,29,1997,74,235,Toledo,QUICK,87,78,82,71,78,80,86,81,70,82,78,26,42,37,32,28,26,40,47,33,38,35,39,32,36,35,38,35,33,34,24,29,34,36,33,41,34,38,34,32,28,45,32,44,65,71,67,75,77,57,88,88,71,15,18,8,9
PHI,,Cooper,Swain,LB,FIELD_GENERAL_MLB,75,28,1998,74,228,Grambling State,NORMAL,68,68,77,75,78,85,82,80,84,77,74,31,38,38,39,40,26,34,33,28,33,35,37,26,33,23,33,35,31,34,27,22,29,31,33,26,41,26,29,28,43,27,29,34,64,59,71,79,80,73,67,72,55,19,19,8,13
PHI,,Emmanuel,Chapman,LB,BLITZING_LB,71,25,2001,75,230,Grambling State,NORMAL,68,79,74,75,72,76,69,64,79,73,78,44,32,32,22,49,40,37,39,28,35,29,42,31,31,41,33,27,35,28,37,37,33,40,27,32,44,32,31,35,39,33,16,32,66,59,73,76,68,75,59,67,54,22,4,3,18
PHI,,Darius,Crockett,LB,THUMPER,61,25,2001,74,242,Grambling State,NORMAL,46,53,64,69,56,58,64,68,57,60,65,26,27,22,30,39,46,35,34,35,33,37,34,39,43,39,34,33,30,31,46,33,38,31,26,40,37,35,27,38,27,41,28,35,47,54,74,64,71,79,54,47,46,14,12,15,8
PHI,,Kenny,Everett,LB,BLITZING_LB,61,22,2004,75,247,Wake Forest,QUICK,64,73,54,53,61,61,60,54,62,55,54,30,33,42,39,44,30,27,40,34,36,36,39,23,35,39,36,31,30,37,33,30,39,36,31,28,30,26,30,30,39,32,28,38,53,65,54,67,70,74,47,46,64,5,3,16,18
PHI,,Peyton,Brady,LB,THUMPER,55,24,2002,76,240,Utah,NORMAL,50,49,56,73,52,49,48,53,56,62,54,43,42,37,45,34,23,48,35,51,43,40,34,35,35,38,30,32,44,32,27,38,28,33,44,34,42,30,35,35,32,29,41,29,49,40,64,53,58,71,45,42,47,4,11,13,9
PHI,,Luca,Frazier,CB,BALLHAWK,83,23,2003,74,213,Texas,SUPERSTAR,78,86,81,82,90,90,74,85,84,87,86,36,32,32,38,35,30,36,26,33,36,36,20,45,23,35,25,32,32,96,42,71,29,40,25,41,34,26,31,36,32,32,42,42,34,28,34,68,77,74,78,97,69,14,7,13,13
PHI,,Patrick,Price,CB,ZONE_CB,76,25,2001,73,186,South Carolina,NORMAL,80,76,81,80,84,82,75,73,84,87,77,37,37,37,38,44,41,32,37,26,28,34,35,40,40,36,30,28,32,79,41,65,42,37,36,39,33,28,30,34,28,33,39,27,28,31,39,63,79,61,68,78,66,11,7,14,15
PHI,,Micah,Rhodes,CB,SLOT_CB,72,24,2002,69,187,Nebraska,NORMAL,64,82,80,76,66,66,68,70,68,69,70,30,40,32,34,43,37,37,31,31,39,32,38,38,39,27,34,39,43,73,23,55,21,28,33,34,40,46,41,36,38,46,32,32,35,31,37,47,84,58,82,64,62,10,24,14,15
PHI,,Jared,Craig,CB,ZONE_CB,62,31,1995,73,194,Wisconsin,NORMAL,65,64,63,61,62,60,64,62,74,75,63,37,34,26,36,35,31,36,37,34,42,35,33,43,39,36,19,35,38,63,45,51,32,41,33,24,37,24,42,29,37,24,37,42,27,25,33,54,70,55,51,70,51,12,19,15,4
PHI,,Justice,Wallace,CB,MAN_PRESS,56,23,2003,70,176,Marshall,NORMAL,63,46,51,67,55,47,54,48,56,42,50,37,31,38,43,39,34,35,36,43,35,31,34,34,39,31,28,24,40,54,38,40,44,30,29,40,29,28,39,38,29,31,32,39,36,37,32,38,46,43,70,41,75,4,23,8,2
PHI,,Zachary,Mitchell,S,BOX_SAFETY,80,27,1999,74,204,Virginia,NORMAL,71,84,84,86,78,83,81,87,79,85,84,23,45,38,32,30,34,43,38,37,35,33,32,44,32,32,32,39,39,79,30,67,42,30,31,33,37,33,37,39,31,38,35,33,39,34,87,81,96,93,76,68,67,8,24,5,9
PHI,,Jabari,Jefferson,S,BOX_SAFETY,72,21,2005,72,207,Villanova,NORMAL,60,78,70,70,67,74,75,73,66,81,78,41,31,38,35,37,30,41,30,34,29,44,33,28,41,47,38,33,29,70,26,56,34,32,38,36,25,36,38,25,34,39,31,39,42,36,76,81,80,89,64,61,55,8,8,16,8
PHI,,Thomas,Carr,S,FREE_SAFETY,71,26,2000,74,207,Tennessee,NORMAL,80,72,76,70,69,76,79,73,66,79,75,35,45,34,38,33,40,33,30,31,43,35,47,33,29,38,36,32,36,71,46,58,25,27,44,34,33,27,36,45,35,35,38,29,28,35,61,67,57,55,71,76,55,8,20,15,2
PHI,,Sterling,Rivera,S,HYBRID_NICKEL,61,21,2005,71,185,North Carolina,NORMAL,65,60,66,51,52,67,61,62,60,51,65,35,30,42,24,39,31,35,34,42,35,32,32,29,37,45,46,40,30,55,31,51,37,34,32,31,28,36,46,42,41,39,32,37,31,39,49,65,59,62,72,62,56,6,18,3,24
PHI,,Kolton,Whitfield,K,SPECIALIST,73,28,1998,74,199,Western Kentucky,NORMAL,81,65,73,74,69,69,71,69,61,68,74,35,54,37,38,51,38,40,55,49,39,54,41,45,41,40,33,40,42,40,37,42,56,41,40,41,44,44,44,43,38,42,41,35,52,46,51,40,36,42,46,40,36,67,80,44,29
PHI,,Tyler,Daniels,P,SPECIALIST,72,21,2005,72,197,Louisville,NORMAL,78,73,63,64,82,78,77,68,76,78,71,41,36,32,46,41,46,43,43,37,40,43,48,49,33,44,41,39,49,44,40,33,51,41,40,33,46,42,49,42,36,36,38,40,45,41,41,33,50,45,49,33,48,43,44,70,74
PHI,,Cedric,Chambers,LS,SPECIALIST,62,31,1995,74,247,Purdue,SLOW,63,62,66,66,66,72,53,59,61,73,62,45,43,40,43,42,41,46,46,50,40,49,28,36,33,44,44,40,50,34,27,42,45,48,45,46,25,32,47,42,46,42,39,39,37,33,45,38,60,34,37,28,34,34,41,27,35
BAL,,Rondell,Norris,QB,GUNSLINGER,78,30,1996,77,239,San Diego State,NORMAL,75,83,78,76,75,84,80,76,67,80,72,90,73,72,91,73,83,69,90,88,55,71,28,28,33,44,38,34,39,37,31,30,30,50,17,29,35,31,42,38,39,37,32,38,32,30,37,28,34,23,29,30,35,13,18,5,1
BAL,,Marcus,Calhoun,QB,FIELD_GENERAL,66,23,2003,78,250,Auburn,NORMAL,52,71,64,65,70,66,55,68,75,70,62,57,76,67,59,66,57,62,65,56,69,59,42,34,41,49,28,45,39,41,33,37,32,35,36,26,24,37,29,32,35,32,37,29,38,39,41,39,47,26,34,34,35,15,5,7,30
BAL,,Kade,Riley,QB,POCKET_PASSER,58,24,2002,72,206,Arizona State,SLOW,41,53,59,61,52,62,53,62,61,48,54,60,66,63,60,54,51,64,61,54,49,48,45,35,37,46,35,38,36,28,23,34,37,37,40,33,41,39,26,40,40,35,29,30,40,32,27,52,43,35,53,22,24,11,17,19,15
BAL,,Orlando,Whitfield,RB,ONE_CUT_ZONE,76,28,1998,68,189,Arizona,QUICK,77,80,78,66,85,71,66,78,78,78,77,45,31,40,34,36,44,31,28,27,81,76,70,67,76,32,47,30,76,74,65,39,69,74,43,55,66,74,41,65,18,29,43,33,32,33,35,33,32,40,28,38,42,10,15,10,10
BAL,,Charles,Clark,RB,POWER_BACK,70,28,1998,69,199,Virginia Tech,NORMAL,66,69,61,79,75,66,76,72,75,70,80,45,39,38,27,32,26,31,23,30,76,70,76,85,64,41,31,36,70,64,52,26,56,61,27,53,46,67,38,62,31,34,31,40,41,37,48,38,38,39,46,36,34,18,1,8,14
BAL,,Zachary,Skinner,RB,RECEIVING_BACK,60,25,2001,72,217,Marshall,SLOW,57,57,55,53,60,56,61,52,70,52,58,40,29,43,43,28,35,33,26,34,54,63,60,41,63,35,33,30,64,76,46,25,56,54,35,47,43,66,37,51,41,34,31,30,44,31,48,39,20,36,39,31,34,18,27,5,2
BAL,,Bo,Doyle,RB,ELUSIVE,59,24,2002,71,226,Arkansas,QUICK,56,61,60,56,56,57,59,53,62,61,62,36,26,40,41,34,25,46,25,34,59,58,59,48,70,32,29,46,58,56,43,40,58,48,36,52,40,59,40,62,38,19,38,22,38,21,37,32,35,32,36,31,39,23,12,7,12
BAL,,Isaiah,Joseph,FB,ELUSIVE,66,35,1991,70,235,South Alabama,SLOW,63,67,71,56,64,66,69,59,61,59,67,32,32,34,32,34,36,27,44,33,73,35,67,40,21,45,44,42,35,79,55,25,45,56,34,47,68,30,62,69,30,37,38,39,31,27,33,35,27,33,31,33,33,21,18,25,15
BAL,,Anthony,Jacobs,WR,Z_ROUTE_TECH,87,27,1999,70,190,South Carolina,QUICK,82,80,87,81,85,85,89,84,94,88,81,40,28,27,38,37,32,34,40,31,73,31,66,40,73,40,42,36,32,82,80,79,94,96,94,91,77,32,30,29,37,48,36,31,40,35,34,32,34,41,33,42,33,20,15,1,15
BAL,,Gerald,Ford,WR,Z_ROUTE_TECH,73,31,1995,77,216,Georgia Tech,SUPERSTAR,68,63,62,78,70,67,75,66,76,71,72,39,44,38,34,34,37,35,28,38,59,40,53,36,65,43,34,37,32,67,74,74,82,83,77,79,67,37,40,35,49,40,31,34,25,37,30,38,34,29,32,33,35,2,14,1,18
BAL,,Bryce,Faulkner,WR,YAC_RECEIVER,72,24,2002,76,202,Texas,SLOW,78,80,76,72,79,63,78,72,75,78,69,33,40,37,34,26,32,28,35,32,47,37,60,26,71,35,38,31,30,72,61,67,73,73,61,68,63,40,32,43,42,32,24,33,29,34,23,34,34,40,29,37,44,18,10,5,6
BAL,,Simeon,Phillips,WR,Z_ROUTE_TECH,72,23,2003,70,169,Sam Houston State,NORMAL,65,67,71,72,69,81,67,76,77,65,74,43,42,39,34,38,27,41,25,37,56,39,52,33,67,28,29,27,34,55,72,62,89,87,71,80,64,41,36,28,36,35,33,31,32,32,35,33,41,27,39,29,32,2,14,13,12
BAL,,Jalen,Warren,WR,Z_ROUTE_TECH,64,24,2002,74,201,Ohio State,SUPERSTAR,59,61,57,57,68,64,72,69,60,58,62,33,25,30,36,36,26,44,37,41,53,38,53,38,50,27,38,29,33,52,62,63,77,68,72,63,47,32,37,39,27,29,32,42,36,46,28,44,37,33,37,39,34,9,6,10,13
BAL,,Hendrix,Avery,WR,Z_ROUTE_TECH,61,24,2002,76,199,Bowling Green,SLOW,56,60,60,55,58,57,65,57,65,59,65,24,33,24,38,46,26,27,27,29,46,39,51,23,45,32,29,35,32,57,52,60,68,76,60,51,48,25,26,36,36,37,39,25,43,32,35,30,32,33,38,34,46,9,10,15,15
BAL,,Sawyer,Moody,TE,MOVE_TE,79,24,2002,74,228,Appalachian State,NORMAL,91,86,82,86,79,84,78,88,75,82,80,32,42,25,43,41,35,31,30,22,23,25,51,39,25,30,35,36,36,80,75,68,81,81,58,58,74,77,72,67,33,28,69,34,39,27,27,29,31,31,34,25,31,15,19,17,7
BAL,,Bryce,Webb,TE,MOVE_TE,68,22,2004,75,228,Stanford,SLOW,76,81,65,66,73,67,75,66,64,61,68,37,32,41,48,38,22,29,44,37,39,26,26,37,32,31,42,37,38,64,70,52,59,78,62,51,71,66,69,57,18,28,56,42,30,38,28,40,23,39,30,34,21,6,13,19,14
BAL,,Wesley,Heath,TE,H_BACK,63,21,2005,74,238,USC,NORMAL,65,59,59,65,65,64,63,58,67,70,56,35,32,27,28,25,27,44,26,33,42,41,31,37,37,27,29,36,35,65,53,49,61,64,41,53,62,62,65,58,25,29,49,38,21,30,38,35,37,29,35,53,39,11,7,21,11
BAL,,Thomas,Snell,LT,ATHLETIC_PULLING,78,21,2005,77,301,LSU,SUPERSTAR,86,87,96,69,75,79,80,86,72,80,77,37,33,26,25,41,38,28,37,40,28,26,31,31,38,36,36,39,26,36,35,33,44,30,29,39,88,82,29,38,71,83,64,75,37,21,31,34,33,29,37,39,25,6,21,9,13
BAL,,Malachi,Howard,LT,POWER_MAULER,69,25,2001,77,315,Texas Tech,NORMAL,66,70,63,80,65,64,76,71,62,68,65,39,24,37,35,45,41,25,39,46,38,39,43,37,36,35,27,25,40,30,37,36,41,31,34,31,74,65,38,30,80,62,71,63,23,38,33,34,28,18,43,41,38,9,8,11,15
BAL,,Hayden,Sandoval,LG,ZONE_BLOCKER,72,25,2001,74,297,Iowa,SUPERSTAR,66,75,86,63,75,75,70,65,77,70,83,27,36,21,31,32,26,23,35,28,29,42,52,41,25,35,39,33,29,29,30,37,32,28,33,33,73,74,76,32,59,82,68,47,30,41,49,28,40,35,25,40,38,11,18,19,14
BAL,,Warren,Flores,LG,POWER_MAULER,62,33,1993,76,315,James Madison,NORMAL,61,54,50,72,63,62,59,52,58,63,59,34,39,34,32,37,35,38,42,36,40,33,23,31,32,25,35,40,27,16,38,33,29,37,35,31,62,62,60,39,65,56,63,54,38,52,34,33,38,32,31,36,33,14,18,1,22
BAL,,Andre,Burke,C,POWER_MAULER,77,24,2002,78,305,Oklahoma,SUPERSTAR,82,71,60,82,80,73,72,78,75,83,74,36,28,33,27,41,36,35,26,30,41,44,33,44,27,25,26,46,31,26,34,35,31,36,45,28,83,75,75,46,80,68,70,58,38,30,45,36,42,36,46,35,28,1,1,14,5
BAL,,Jesse,Sargent,RG,PASS_PROTECTOR,79,24,2002,76,306,Indiana,NORMAL,73,83,89,83,82,77,79,78,86,79,84,34,28,35,30,26,36,35,34,24,37,35,34,36,25,38,35,39,32,44,47,43,37,38,35,26,67,87,72,29,76,74,81,86,33,43,20,35,33,39,30,32,47,7,19,21,16
BAL,,Bennett,Clayton,RG,POWER_MAULER,64,23,2003,75,297,Western Kentucky,SUPERSTAR,65,61,45,65,58,57,63,62,62,64,63,32,46,27,34,33,39,26,31,36,42,31,20,38,34,29,29,38,26,29,38,29,34,26,38,36,71,63,67,28,70,52,59,50,34,39,40,34,30,29,34,33,45,13,11,14,13
BAL,,Adrian,Davidson,RT,ATHLETIC_PULLING,77,21,2005,76,295,Youngstown State,SLOW,90,83,90,67,84,71,75,67,79,76,82,36,30,28,40,38,26,28,35,34,35,40,31,21,35,26,42,34,34,30,37,41,39,20,43,30,74,81,27,35,76,70,70,80,25,29,29,32,35,29,35,40,29,9,15,7,2
BAL,,Darren,Blackwell,RT,POWER_MAULER,66,23,2003,79,311,Wyoming,SUPERSTAR,69,49,56,77,64,71,64,62,63,61,67,35,40,30,38,35,33,22,48,30,38,36,26,34,34,43,34,32,39,36,31,41,32,41,36,32,74,63,36,36,82,57,64,62,25,35,38,44,35,35,31,36,33,7,7,11,10
BAL,,Mitchell,Quinn,EDGE,RUN_STOPPING_EDGE,82,29,1997,76,256,Boston College,NORMAL,76,82,81,88,79,76,78,85,85,84,78,26,27,34,37,37,34,31,47,37,30,44,42,31,33,41,42,33,36,37,41,40,35,40,41,27,30,36,20,28,41,33,39,31,75,71,96,86,94,81,57,67,44,12,3,2,15
BAL,,Charles,Snyder,EDGE,RUN_STOPPING_EDGE,79,29,1997,74,242,Texas A&M,NORMAL,68,76,74,88,82,78,88,84,86,87,79,36,33,30,42,33,42,35,30,30,40,40,35,33,34,39,34,44,36,30,30,42,34,38,38,37,33,43,29,23,29,30,32,25,78,68,91,85,88,68,66,72,22,19,11,12,23
BAL,,Demarco,Cortez,EDGE,COVERAGE_OLB,70,25,2001,78,272,Fresno State,SLOW,72,68,74,64,71,67,67,70,66,70,73,38,32,29,40,23,35,38,50,32,31,39,34,36,27,35,34,40,29,30,37,27,39,37,28,43,28,21,41,35,42,22,33,26,66,68,69,83,76,50,81,66,30,18,8,15,10
BAL,,Cameron,Farmer,EDGE,COVERAGE_OLB,66,22,2004,74,238,Tulsa,SLOW,77,69,66,65,73,63,69,64,68,64,70,24,35,27,33,28,41,32,31,41,31,48,31,33,40,28,32,39,31,35,35,42,32,35,36,39,29,35,41,38,38,32,49,26,46,66,66,75,71,61,63,68,32,12,11,16,11
BAL,,Nico,Strong,EDGE,RUN_STOPPING_EDGE,56,28,1998,77,251,Memphis,QUICK,52,53,62,67,53,47,54,53,58,59,53,39,23,36,29,31,37,35,33,38,26,29,27,41,40,36,39,45,30,35,29,39,32,28,28,35,34,34,32,27,40,29,37,41,50,47,64,59,59,49,47,34,31,2,7,14,6
BAL,,Calvin,Baldwin,DT,INTERIOR_RUSHER,81,25,2001,74,296,Fresno State,SLOW,87,82,86,79,80,88,75,82,75,81,81,30,34,33,32,34,35,35,32,32,19,36,29,36,41,38,35,38,36,31,38,44,35,36,36,29,27,29,50,40,38,40,35,28,92,83,74,88,78,69,38,34,41,19,10,12,18
BAL,,Grant,Rivera,DT,NOSE_1TECH,69,24,2002,78,339,Coastal Carolina,NORMAL,66,55,65,76,66,67,65,72,63,75,72,39,47,41,38,51,29,30,30,32,26,34,35,38,37,35,33,30,42,22,32,41,37,29,39,29,41,24,40,32,37,38,37,27,61,56,80,56,76,61,33,43,27,6,11,19,11
BAL,,Xavier,Pena,DT,TWO_GAP_5TECH,66,28,1998,73,285,Liberty,NORMAL,66,57,61,69,67,61,65,58,66,67,69,27,34,30,36,42,29,34,33,38,42,34,37,48,35,40,32,34,30,45,36,45,37,30,37,34,36,38,37,32,38,34,36,32,66,50,77,62,69,58,35,34,30,16,21,6,10
BAL,,Jameson,Keller,DT,PENETRATOR_3TECH,60,24,2002,74,310,California,SLOW,59,71,54,55,58,57,66,63,54,61,64,37,33,30,38,26,36,38,39,38,38,26,34,37,29,42,35,25,32,40,22,34,31,33,41,39,42,36,34,41,32,30,43,36,62,74,51,63,63,62,31,32,28,6,15,10,17
BAL,,Maxwell,Snell,LB,COVERAGE_LB,79,26,2000,76,242,Vanderbilt,SUPERSTAR,91,65,88,74,79,83,76,79,82,79,81,39,22,31,39,18,28,32,43,40,30,34,26,28,25,30,44,36,37,27,44,38,25,32,35,35,43,21,40,42,37,45,21,38,59,68,65,76,77,65,91,89,69,15,16,24,11
BAL,,Kevin,Short,LB,COVERAGE_LB,81,25,2001,72,224,Brigham Young,QUICK,87,79,93,72,82,76,87,81,77,77,77,25,36,39,26,39,34,34,28,34,38,24,38,22,36,31,34,32,32,27,30,26,41,38,38,38,38,35,30,42,33,36,39,37,71,79,72,85,79,68,91,90,69,4,18,1,1
BAL,,Joel,Lewis,LB,THUMPER,66,27,1999,72,228,Middle Tennessee,X_FACTOR,57,66,67,72,72,62,62,65,62,73,70,26,30,34,35,43,24,39,35,34,46,27,33,32,35,20,28,44,32,45,22,34,44,21,40,31,23,49,32,32,31,33,34,33,51,55,70,60,83,76,44,52,43,15,8,2,23
BAL,,Noah,Lane,LB,BLITZING_LB,58,23,2003,76,239,Houston,SUPERSTAR,57,70,54,56,62,60,63,53,55,62,64,39,44,40,34,32,35,36,32,33,39,44,35,35,39,29,29,43,33,42,39,37,36,32,40,36,40,38,45,36,33,30,38,41,56,50,53,69,60,60,47,49,38,1,15,12,10
BAL,,Justin,Duncan,LB,BLITZING_LB,60,24,2002,76,247,Brigham Young,NORMAL,61,68,59,59,62,60,58,59,57,56,57,31,30,35,39,35,41,36,25,37,36,33,31,39,32,38,37,31,46,41,34,30,45,39,28,35,26,30,33,34,39,29,36,40,48,61,62,61,62,71,61,50,42,13,20,8,10
BAL,,Carter,Mullins,LB,COVERAGE_LB,56,23,2003,74,230,North Carolina A&T,NORMAL,60,46,64,54,60,50,55,59,56,62,64,26,39,33,34,29,41,24,28,32,28,37,38,32,38,37,37,40,37,36,40,39,41,34,45,31,37,39,25,28,26,33,32,35,47,53,38,57,55,46,67,64,36,19,11,7,7
BAL,,Mario,Joseph,CB,BALLHAWK,84,25,2001,72,196,Indiana,NORMAL,78,84,83,88,91,86,86,82,83,93,85,35,46,32,35,33,37,39,37,40,33,44,32,37,38,25,32,22,32,97,31,70,34,31,44,28,37,32,34,37,27,35,36,31,33,32,40,70,81,73,75,97,75,8,7,8,9
BAL,,Reece,Webb,CB,MAN_PRESS,74,29,1997,72,194,San Jose State,QUICK,84,70,68,87,71,78,79,73,79,63,78,31,30,36,40,40,37,29,38,28,27,47,30,38,30,36,32,28,34,66,45,51,38,30,38,27,36,43,31,34,41,33,28,32,37,34,28,66,75,67,83,62,81,11,14,9,9
BAL,,Jayden,McKinney,CB,ZONE_CB,73,21,2005,73,202,LSU,QUICK,73,72,67,71,77,77,81,77,80,77,67,36,32,37,36,36,43,36,41,43,36,31,39,49,34,33,43,45,30,66,39,59,31,38,27,24,39,41,44,37,38,36,30,26,36,28,31,68,72,61,71,90,60,5,24,12,10
BAL,,Adrian,Ward,CB,MAN_PRESS,66,27,1999,71,183,Liberty,NORMAL,72,62,64,73,63,65,64,63,62,54,62,36,29,35,36,33,36,39,26,45,27,31,26,33,44,40,30,29,37,61,48,51,32,32,33,36,40,30,39,38,34,33,40,28,41,24,36,50,54,45,78,54,80,14,12,17,16
BAL,,Julian,Avery,CB,BALLHAWK,56,21,2005,70,186,Tulsa,NORMAL,55,54,54,59,67,53,62,57,52,71,50,34,46,38,35,36,44,37,36,17,28,29,39,31,30,45,28,32,24,66,36,40,38,42,41,26,28,32,24,25,30,44,32,39,30,40,39,44,50,40,48,68,39,10,5,5,2
BAL,,Darnell,Barrett,S,STRONG_SAFETY,80,25,2001,75,213,Kentucky,SLOW,77,79,78,90,80,79,83,84,73,83,73,46,32,33,28,37,34,36,34,39,39,32,38,35,32,31,30,35,32,83,36,68,37,35,43,43,42,50,40,28,42,35,43,40,33,45,69,86,85,84,75,77,67,2,11,23,9
BAL,,Easton,Parks,S,HYBRID_NICKEL,77,23,2003,75,220,Kansas State,NORMAL,76,72,83,63,72,77,83,74,70,71,76,40,46,41,30,33,29,26,38,25,35,32,38,36,29,33,30,27,34,74,43,76,33,24,19,24,36,24,31,24,39,34,34,37,40,47,68,81,76,63,82,88,61,11,17,19,11
BAL,,Thomas,Smith,S,HYBRID_NICKEL,62,25,2001,73,202,Rice,NORMAL,58,67,69,47,60,56,55,68,60,54,57,29,32,44,35,39,41,28,35,38,33,48,32,44,20,36,30,29,41,56,37,51,29,27,40,19,38,27,37,39,36,29,34,24,26,31,39,64,56,60,68,72,51,15,12,9,10
BAL,,Roman,Lee,S,STRONG_SAFETY,58,24,2002,71,201,Marshall,SUPERSTAR,56,63,61,69,57,57,53,55,60,55,57,29,32,39,32,34,40,30,32,38,42,39,34,25,32,35,32,31,30,57,35,52,42,23,33,33,27,30,23,34,40,33,35,35,38,42,49,57,71,65,58,46,54,19,11,12,26
BAL,,Riley,Cruz,K,SPECIALIST,73,29,1997,75,200,South Dakota State,SLOW,71,71,70,77,73,70,65,73,76,70,80,49,41,42,51,46,39,47,33,46,49,47,50,46,46,41,37,42,44,49,46,49,43,39,45,48,45,44,40,52,34,47,41,39,36,31,46,49,50,42,35,41,44,75,70,49,34
BAL,,Ian,Moody,P,SPECIALIST,74,27,1999,73,201,Florida,SLOW,70,81,75,73,72,78,70,74,69,67,75,41,45,42,34,43,33,47,40,42,29,51,32,47,38,53,35,43,42,35,30,41,32,39,35,45,38,45,43,42,37,48,41,36,49,34,42,37,39,38,37,53,35,27,26,79,69
BAL,,Silas,Sloan,LS,SPECIALIST,64,27,1999,76,263,Michigan,QUICK,55,65,72,60,68,67,63,55,69,63,59,45,44,38,34,38,42,43,40,49,39,46,37,42,42,38,31,30,36,47,43,42,44,33,39,48,44,51,40,44,38,42,37,40,37,42,41,34,61,46,50,40,29,44,36,34,38
BUF,,Mitchell,Brady,QB,POCKET_PASSER,80,34,1992,74,217,Kansas,NORMAL,59,84,82,76,79,87,80,82,89,79,79,82,73,84,88,81,75,77,79,75,70,78,25,42,40,35,38,33,28,29,35,30,38,33,34,35,25,38,37,29,39,46,43,37,31,36,28,22,28,43,44,39,36,7,16,8,16
BUF,,Orlando,Frazier,QB,IMPROVISER,71,24,2002,74,221,Virginia,NORMAL,69,71,74,65,74,78,71,70,57,76,72,71,69,72,76,79,73,78,70,74,61,50,32,45,32,29,30,37,40,44,30,38,33,24,34,24,36,41,31,33,40,46,28,38,43,38,29,31,31,29,32,22,37,12,16,1,7
BUF,,Wesley,Conner,QB,FIELD_GENERAL,59,23,2003,76,217,Ohio State,SLOW,60,60,61,65,55,56,64,62,62,55,65,57,62,63,54,58,58,54,68,52,53,58,32,35,19,44,34,50,42,30,30,28,38,22,40,35,31,30,42,45,39,39,41,32,47,30,33,34,26,29,38,27,30,7,1,9,24
BUF,,Levi,Brooks,RB,RECEIVING_BACK,81,29,1997,71,198,South Carolina,SLOW,78,82,81,74,78,81,86,74,87,82,85,37,32,24,33,35,36,27,28,29,73,86,79,77,79,38,26,35,82,99,56,35,76,71,36,70,73,87,46,68,32,42,34,40,31,38,40,30,42,31,33,38,23,12,10,12,14
BUF,,Ricardo,Walsh,RB,WORKHORSE,76,21,2005,73,226,Liberty,NORMAL,73,74,77,75,80,91,75,76,76,75,67,33,30,36,31,41,35,37,35,45,85,94,83,72,71,26,33,44,69,73,55,41,70,48,42,66,55,73,35,58,29,32,35,35,32,30,31,37,26,31,42,32,39,15,13,23,8
BUF,,Denzel,Shannon,RB,WORKHORSE,69,24,2002,68,189,North Texas,SLOW,69,78,64,68,67,91,72,67,63,65,67,29,43,35,31,23,39,30,30,30,76,80,69,62,61,36,44,41,64,72,56,37,48,57,44,45,53,77,40,53,25,30,39,26,30,31,37,39,33,39,36,24,34,5,14,18,9
BUF,,Phillip,Heath,RB,ONE_CUT_ZONE,58,21,2005,72,215,Tulsa,QUICK,56,67,62,48,56,60,56,57,51,55,58,37,39,28,42,23,38,33,35,42,59,65,58,51,46,38,29,28,62,53,43,32,43,52,41,48,38,57,29,57,26,39,41,36,29,32,34,28,27,25,38,34,27,19,6,24,15
BUF,,Leon,Lyons,FB,WORKHORSE,66,31,1995,70,230,Louisiana Tech,QUICK,59,64,69,58,68,80,66,56,64,68,72,35,17,40,36,18,32,34,36,28,69,33,62,27,41,37,21,35,37,63,51,36,56,52,31,59,66,29,60,75,38,32,38,41,43,32,32,35,28,38,26,34,38,7,22,11,21
BUF,,Kobe,James,WR,Z_ROUTE_TECH,85,22,2004,73,195,Marshall,NORMAL,75,82,86,79,82,79,83,88,92,96,88,23,26,25,27,30,27,32,30,39,73,40,79,46,69,25,28,36,39,80,71,88,88,97,91,88,68,32,38,44,21,35,32,39,33,40,31,23,28,24,32,28,44,22,16,14,8
BUF,,Carter,Harris,WR,DEEP_THREAT,75,28,1998,77,223,Youngstown State,NORMAL,88,81,72,68,65,76,80,75,71,72,77,30,27,20,36,29,33,40,36,37,67,32,53,27,64,32,23,33,19,76,68,76,70,69,85,73,62,40,27,33,35,28,32,40,28,32,26,26,31,34,34,46,28,10,7,3,20
BUF,,Dillon,Young,WR,YAC_RECEIVER,73,24,2002,72,196,Alabama,NORMAL,84,73,74,74,67,69,70,74,73,69,77,39,41,28,36,33,42,34,30,33,62,39,77,40,73,34,32,34,27,64,80,73,76,74,72,69,67,30,30,30,35,33,33,25,32,22,27,26,33,19,29,24,43,10,21,20,12
BUF,,Vance,Salazar,WR,DEEP_THREAT,67,21,2005,72,187,UNLV,NORMAL,81,69,63,65,66,69,64,63,69,68,60,30,30,39,34,32,31,30,31,42,48,34,56,29,62,29,29,30,39,60,61,71,59,67,74,63,58,28,40,29,40,40,40,34,37,42,36,33,39,33,38,32,38,11,10,5,9
BUF,,Eli,Graham,WR,SLOT,64,25,2001,69,169,Baylor,NORMAL,62,62,62,54,50,61,61,66,68,69,65,38,37,39,27,40,24,31,38,35,60,33,51,24,55,33,35,23,27,61,69,63,71,68,52,75,51,31,22,34,35,26,19,39,34,37,33,32,27,45,37,38,31,26,15,12,17
BUF,,Jamal,Adams,WR,SLOT,59,30,1996,73,199,Miami,NORMAL,59,57,66,48,49,60,56,62,57,58,60,32,26,33,32,21,37,40,36,32,47,34,43,36,46,45,40,36,33,59,64,56,72,57,47,65,53,35,34,39,21,34,30,30,39,35,35,36,42,30,45,33,20,4,26,18,13
BUF,,Rondell,Davenport,TE,RECEIVING_TE,81,29,1997,77,248,Coastal Carolina,NORMAL,78,88,86,78,69,72,83,73,78,78,80,34,34,27,32,34,32,31,43,40,32,25,36,31,36,44,37,32,26,88,95,64,83,95,81,70,66,77,68,59,39,24,81,38,46,46,25,31,41,36,34,30,43,8,16,5,14
BUF,,Chandler,Brooks,TE,MOVE_TE,72,21,2005,79,254,Northwestern,SLOW,85,76,71,68,65,73,78,76,70,70,76,32,30,31,33,33,37,41,41,25,28,38,36,25,37,29,34,35,35,72,78,70,72,76,63,49,72,67,65,59,46,43,68,26,21,32,23,28,38,34,34,29,36,10,18,16,12
BUF,,Gavin,Payne,TE,MOVE_TE,65,24,2002,78,247,Ole Miss,NORMAL,74,72,65,51,69,67,64,60,62,65,74,34,28,23,30,43,32,26,41,29,40,29,30,33,44,27,25,42,37,65,72,57,63,70,64,57,70,64,57,67,35,23,52,26,29,36,40,28,35,39,28,23,38,13,9,21,13
BUF,,Lawrence,Brady,LT,POWER_MAULER,85,27,1999,78,308,North Carolina A&T,SLOW,84,73,71,96,94,79,76,88,79,82,84,37,31,44,30,31,38,35,45,39,36,42,50,28,38,23,35,34,30,41,40,38,27,27,37,24,83,85,23,34,97,77,88,83,30,38,31,27,34,27,36,34,35,9,14,17,2
BUF,,Joshua,Gibson,LT,ZONE_BLOCKER,64,28,1998,76,288,North Carolina A&T,SLOW,54,68,73,55,61,59,65,61,69,63,70,34,33,40,15,26,19,29,34,25,30,37,41,23,26,33,22,40,44,26,27,29,32,29,22,38,63,60,31,27,55,79,62,66,32,22,44,44,32,34,33,23,25,23,13,14,10
BUF,,Cody,Buchanan,LG,POWER_MAULER,81,23,2003,76,313,Rutgers,NORMAL,81,83,62,86,82,82,76,68,78,75,85,35,28,43,35,35,41,43,33,39,38,36,40,35,25,27,45,37,39,34,32,33,41,34,35,37,87,75,87,27,91,77,75,67,40,36,34,30,34,31,35,27,33,10,2,13,1
BUF,,Justin,Odom,LG,ZONE_BLOCKER,64,25,2001,77,324,Middle Tennessee,NORMAL,51,73,68,61,67,59,65,61,72,60,69,26,25,41,29,37,25,42,31,21,41,36,36,31,27,39,37,24,41,31,43,35,38,31,16,22,67,59,61,41,53,72,65,59,36,46,33,31,23,24,28,28,36,11,10,17,7
BUF,,Cooper,Newton,C,ATHLETIC_PULLING,81,28,1998,75,296,San Diego State,QUICK,87,83,97,80,86,76,77,81,84,76,75,34,20,25,24,42,27,18,25,20,26,45,30,37,34,23,34,35,33,41,30,39,38,26,32,33,82,78,84,29,83,73,71,70,41,39,41,34,22,37,38,39,27,1,3,17,5
BUF,,Sebastian,Payne,RG,POWER_MAULER,79,32,1994,75,303,Kansas,NORMAL,78,80,67,93,75,77,80,76,76,85,73,38,33,32,32,34,32,25,35,39,28,24,44,35,23,36,32,29,35,37,34,46,31,40,31,32,86,71,81,38,87,66,70,62,32,26,33,34,30,29,30,36,30,13,6,14,9
BUF,,Nehemiah,Carpenter,RG,ZONE_BLOCKER,59,24,2002,77,332,Coastal Carolina,SUPERSTAR,58,73,62,47,60,59,59,57,70,57,59,30,30,27,36,28,31,38,24,35,42,36,47,38,34,34,43,40,32,29,38,32,35,39,41,38,61,55,57,34,50,75,68,39,32,40,29,30,35,28,31,32,37,15,8,8,20
BUF,,Dominic,Hardin,RT,POWER_MAULER,80,22,2004,77,309,Tulsa,NORMAL,80,80,69,93,82,78,84,79,75,77,83,27,39,35,29,33,34,22,28,41,23,45,33,39,39,28,43,49,37,30,24,32,33,22,36,30,82,82,29,30,93,64,76,75,38,39,29,38,42,45,48,34,42,1,8,4,15
BUF,,Noah,Cooper,RT,ATHLETIC_PULLING,66,29,1997,79,305,North Carolina,NORMAL,69,68,76,59,71,66,59,63,65,66,56,36,36,39,37,25,42,39,42,36,37,31,36,35,35,33,42,26,37,34,33,36,37,38,37,22,69,69,40,40,66,67,57,63,39,44,30,37,41,30,23,31,34,11,22,16,8
BUF,,Jeremiah,Jennings,EDGE,RUN_STOPPING_EDGE,85,29,1997,76,244,South Alabama,NORMAL,81,86,80,94,86,85,83,86,95,82,83,33,31,30,36,22,35,30,43,41,34,38,38,40,35,31,32,32,24,25,28,26,24,35,36,33,37,46,27,33,38,33,33,39,92,71,97,79,94,67,70,71,43,16,8,10,11
BUF,,Vance,Nichols,EDGE,POWER_RUSHER,81,30,1996,76,256,Stanford,SLOW,67,80,68,84,83,87,82,80,84,84,85,34,23,40,34,31,28,28,25,33,32,35,25,30,39,22,31,28,40,36,47,32,44,41,36,32,29,37,37,37,39,35,39,39,98,68,91,77,82,70,71,79,36,6,6,9,11
BUF,,Parker,Francis,EDGE,RUN_STOPPING_EDGE,65,23,2003,76,250,Arkansas,NORMAL,62,60,72,73,66,78,69,68,68,68,65,40,30,39,30,29,47,34,33,31,35,33,37,25,29,37,25,35,48,41,28,31,31,40,25,38,38,33,26,48,39,34,38,27,57,60,79,59,68,55,56,62,26,6,26,9,23
BUF,,Nico,Curtis,EDGE,POWER_RUSHER,61,23,2003,78,264,Duke,X_FACTOR,56,57,60,76,64,56,59,63,58,59,59,29,34,36,26,33,27,33,28,49,42,35,46,37,35,25,32,31,24,26,26,31,32,39,31,36,36,36,37,29,41,32,38,35,77,50,67,54,57,49,52,47,33,20,26,12,13
BUF,,Jordan,Hendricks,EDGE,SPEED_RUSHER,59,23,2003,77,263,San Diego State,SLOW,62,72,67,45,59,63,57,65,61,52,62,26,28,40,31,26,37,39,43,38,37,27,36,41,25,38,44,32,44,29,33,37,44,30,33,38,39,39,47,41,33,30,26,36,56,77,51,47,52,43,53,50,34,5,11,5,10
BUF,,Kaleb,Waters,DT,TWO_GAP_5TECH,84,29,1997,74,310,Washington State,NORMAL,82,74,80,87,87,83,82,81,73,96,86,30,33,44,27,34,33,30,41,32,32,31,29,41,34,39,37,28,39,39,30,30,29,32,40,26,29,22,37,28,29,41,25,30,77,72,96,86,81,66,31,46,28,8,13,8,9
BUF,,Anthony,Ellis,DT,INTERIOR_RUSHER,78,26,2000,78,338,Ohio State,NORMAL,81,81,72,75,69,82,74,77,74,83,80,34,32,33,40,38,30,38,24,24,27,27,36,37,30,21,31,37,37,29,35,39,32,27,20,27,37,36,31,37,24,36,28,32,91,84,72,78,69,67,32,31,36,9,23,6,13
BUF,,Demarco,Ware,DT,TWO_GAP_5TECH,64,27,1999,76,315,Ohio State,QUICK,69,51,70,67,59,60,63,64,56,69,65,32,31,38,51,37,34,34,31,38,23,28,44,38,35,31,35,27,22,32,35,25,35,34,29,29,30,22,31,29,32,28,27,37,61,57,76,59,62,56,33,35,32,10,22,16,18
BUF,,Jabari,Tanner,DT,NOSE_1TECH,61,21,2005,74,310,UCLA,QUICK,51,48,70,75,50,57,66,64,55,54,53,37,33,29,40,39,32,36,38,39,38,31,35,28,29,36,43,37,42,41,35,29,44,36,32,31,32,33,37,40,28,23,31,35,57,54,71,45,61,45,34,35,35,16,1,7,8
BUF,,Clay,Hansen,LB,BLITZING_LB,85,30,1996,74,259,Old Dominion,SUPERSTAR,83,98,87,75,86,77,89,84,89,92,82,31,34,39,40,31,33,34,32,36,26,44,32,30,39,32,29,24,35,32,34,39,31,44,36,44,41,38,32,39,37,36,43,26,81,83,87,92,81,87,79,70,71,7,9,19,4
BUF,,Jamal,Stokes,LB,BLITZING_LB,73,22,2004,74,246,SMU,X_FACTOR,75,82,81,80,73,70,71,65,79,76,74,23,31,47,36,26,34,35,24,36,32,42,33,36,30,29,37,29,20,35,34,35,35,28,44,37,28,35,39,31,31,27,37,34,72,64,66,78,78,72,64,62,61,8,10,15,4
BUF,,Deshaun,Wright,LB,THUMPER,66,21,2005,75,244,Vanderbilt,NORMAL,62,60,63,85,68,66,57,73,67,63,69,33,30,34,27,33,50,41,41,25,39,28,37,31,34,47,41,40,38,28,33,38,38,37,37,29,31,48,43,23,38,42,40,40,44,52,73,68,72,88,54,55,61,6,17,16,17
BUF,,Jarrett,Mann,LB,FIELD_GENERAL_MLB,58,23,2003,72,235,Tulane,NORMAL,47,47,61,58,64,52,67,59,65,69,51,16,38,34,31,38,35,38,41,31,29,33,41,48,37,38,29,37,29,32,39,40,37,30,36,38,35,31,37,29,30,27,29,31,41,53,62,66,56,50,42,54,42,6,12,22,11
BUF,,Cristian,Morgan,LB,BLITZING_LB,53,27,1999,75,250,Brigham Young,SLOW,56,66,54,51,56,50,56,61,56,52,50,25,42,42,45,36,45,42,29,33,37,39,29,35,37,35,25,38,30,35,23,33,40,34,33,31,31,27,35,25,26,30,24,34,51,45,58,62,49,58,40,39,35,12,6,13,4
BUF,,Dalton,Daniels,LB,FIELD_GENERAL_MLB,56,23,2003,75,232,Tennessee,NORMAL,54,58,59,50,50,58,51,58,61,59,58,38,26,26,39,36,36,38,31,32,31,23,38,28,31,39,35,25,32,33,37,41,33,38,37,31,32,44,28,37,35,32,36,38,48,45,52,68,58,44,50,44,39,10,18,16,20
BUF,,Hakeem,Solomon,CB,BALLHAWK,86,24,2002,70,188,Louisville,QUICK,79,98,80,77,94,91,82,78,91,88,85,36,35,32,42,28,31,47,34,43,38,37,33,26,36,35,33,31,46,98,37,76,34,34,42,53,42,29,44,34,25,33,32,36,35,28,26,75,79,81,84,93,76,4,20,8,10
BUF,,Evan,Valdez,CB,BALLHAWK,81,26,2000,74,207,North Carolina,NORMAL,85,80,82,86,89,76,78,78,74,94,77,53,28,36,45,39,22,27,33,31,35,35,36,30,27,33,33,26,43,85,41,71,34,36,33,38,30,32,24,36,31,26,40,35,29,35,33,89,74,67,72,88,66,10,9,1,1
BUF,,Hakeem,Stuart,CB,BALLHAWK,74,32,1994,71,187,North Dakota State,NORMAL,75,79,68,72,79,75,67,78,70,78,81,44,31,30,35,27,39,35,26,38,40,41,31,32,21,37,40,39,39,90,31,68,35,36,40,26,36,36,33,43,32,33,39,29,40,35,38,65,68,70,64,87,59,17,26,12,13
BUF,,Jaden,Davenport,CB,BALLHAWK,59,28,1998,72,186,Grambling State,NORMAL,56,63,61,62,75,57,57,57,57,65,57,31,41,33,33,23,30,36,33,28,34,32,30,29,26,33,32,39,41,77,39,50,26,43,46,36,35,34,34,37,26,29,34,34,43,26,24,57,50,51,47,70,48,7,9,11,6
BUF,,Peyton,Shaw,CB,MAN_PRESS,58,21,2005,72,197,Oregon,NORMAL,64,57,57,60,60,55,56,53,59,48,57,37,36,22,27,31,36,36,34,39,34,39,39,29,39,37,36,30,40,54,24,54,28,32,31,36,36,28,35,25,37,18,47,35,26,37,32,45,53,43,68,46,64,10,6,7,16
BUF,,Lawrence,Rodriguez,S,FREE_SAFETY,81,24,2002,74,221,Colorado State,NORMAL,86,79,78,80,81,79,83,90,81,85,76,32,41,36,31,40,32,28,29,40,32,38,30,36,49,31,26,35,43,90,36,59,32,34,17,38,24,36,27,22,33,33,29,49,24,41,75,81,75,70,81,81,66,10,20,21,15
BUF,,Kenny,Murray,S,STRONG_SAFETY,75,23,2003,71,211,Bowling Green,SLOW,68,71,74,84,75,82,78,69,82,74,73,23,35,37,41,41,31,26,39,44,39,41,31,28,35,34,38,29,24,73,28,66,43,31,26,27,32,42,24,31,23,30,32,35,31,34,63,72,85,89,77,65,71,9,7,24,4
BUF,,Amari,Cummings,S,STRONG_SAFETY,67,23,2003,70,198,Western Kentucky,SUPERSTAR,59,60,63,79,64,71,72,70,71,70,66,32,39,39,27,41,30,35,25,42,34,32,31,27,28,43,42,33,19,60,30,61,26,32,40,25,36,28,29,32,33,39,22,35,35,37,51,64,81,78,70,54,50,10,14,11,12
BUF,,Kenny,Morrow,S,HYBRID_NICKEL,63,21,2005,73,203,Illinois,X_FACTOR,62,63,68,54,64,54,73,62,62,57,62,35,25,40,45,31,33,37,44,32,31,44,34,29,34,23,34,24,27,62,29,45,35,33,33,34,42,39,33,36,31,21,28,34,30,34,45,62,60,56,73,72,60,6,9,14,16
BUF,,Amari,Huff,K,SPECIALIST,73,33,1993,73,210,UCLA,NORMAL,64,70,79,74,88,72,72,72,71,72,71,48,48,51,36,47,46,44,50,33,36,39,39,25,37,34,45,48,40,43,37,38,41,39,36,39,36,46,44,33,42,42,57,48,47,51,30,44,39,45,43,37,46,77,69,30,37
BUF,,Shawn,Roy,P,SPECIALIST,72,23,2003,71,204,Stanford,SUPERSTAR,67,71,75,72,76,64,75,73,77,75,76,43,42,47,55,47,43,38,37,50,41,47,44,38,38,51,34,36,41,48,27,46,53,52,45,43,30,40,41,42,47,43,43,40,44,37,45,45,34,41,38,44,38,26,27,75,69
BUF,,Bryce,Morgan,LS,SPECIALIST,66,32,1994,77,245,Ohio State,NORMAL,64,75,68,70,69,67,69,68,68,68,64,44,42,39,31,35,35,41,40,47,33,38,50,43,40,45,36,45,35,54,36,33,42,33,29,40,33,50,46,44,38,52,42,40,29,31,66,46,59,44,45,47,33,31,23,27,43
CLE,,Jonah,Steele,QB,GUNSLINGER,85,27,1999,74,212,Mississippi State,SLOW,83,82,82,86,82,89,83,85,81,74,79,91,88,78,93,88,90,85,89,89,82,78,37,34,38,36,33,35,41,35,34,29,29,18,34,21,47,27,34,36,33,51,35,42,38,21,39,42,30,41,33,38,33,16,10,6,21
CLE,,Jonah,Sanders,QB,POCKET_PASSER,68,25,2001,75,211,Fresno State,QUICK,57,70,70,62,69,69,77,66,71,68,67,69,70,71,68,61,68,67,63,60,52,61,29,34,29,33,27,41,29,36,44,38,36,42,38,40,35,27,27,40,33,47,35,40,41,23,29,34,36,26,27,46,30,3,18,10,6
CLE,,Denzel,Jenkins,QB,IMPROVISER,64,22,2004,72,215,Alabama,NORMAL,62,63,64,60,56,67,53,72,66,61,63,62,65,64,51,70,62,74,71,68,55,44,36,31,26,28,39,19,19,25,36,38,35,30,27,34,37,29,36,31,37,35,36,33,29,29,34,35,41,33,34,34,40,6,6,4,18
CLE,,Isaac,Henry,RB,RECEIVING_BACK,86,30,1996,74,232,Penn State,QUICK,87,92,97,86,90,89,83,81,92,74,94,25,30,25,35,32,33,31,32,26,84,80,81,77,79,28,29,30,87,93,71,39,82,88,41,76,70,83,35,70,34,27,36,28,26,30,31,41,31,32,32,36,28,30,4,17,20
CLE,,Jared,Brantley,RB,RECEIVING_BACK,74,27,1999,74,223,Michigan,NORMAL,78,74,76,71,79,76,78,70,76,77,77,39,35,35,29,41,34,31,35,32,72,80,72,65,68,27,39,35,69,84,52,37,67,66,30,67,64,88,30,58,37,34,22,24,39,44,33,29,26,27,30,28,43,18,16,21,11
CLE,,Shawn,Flowers,RB,ONE_CUT_ZONE,62,23,2003,68,192,UNLV,NORMAL,56,74,68,62,64,62,65,65,55,66,62,37,29,33,29,35,36,30,39,34,54,71,57,55,61,25,39,30,68,54,44,26,44,56,37,51,49,59,19,53,28,24,38,33,33,32,34,40,38,44,43,34,33,10,14,7,2
CLE,,Devin,Gregory,RB,WORKHORSE,62,22,2004,68,185,West Virginia,NORMAL,60,56,63,62,61,72,73,55,66,62,62,32,45,29,29,29,37,34,38,38,68,69,65,60,55,25,33,40,64,59,49,23,51,60,37,50,56,58,35,48,30,34,29,43,30,38,39,35,29,39,19,37,42,6,10,1,11
CLE,,Desmond,Robinson,FB,POWER_BACK,64,25,2001,71,235,Missouri,SUPERSTAR,69,62,69,71,69,65,67,61,68,69,69,38,30,43,41,26,42,38,31,29,66,19,70,30,38,39,35,43,44,52,53,43,48,46,36,48,61,33,59,66,22,37,36,28,34,33,36,30,33,26,23,35,44,11,14,16,16
CLE,,Malik,Bishop,WR,SLOT,81,22,2004,69,171,Villanova,QUICK,74,80,89,68,75,80,72,84,89,78,87,32,25,38,34,37,35,35,30,34,61,39,69,25,65,30,31,43,23,87,82,84,90,77,64,86,69,32,35,37,37,18,42,31,27,40,21,38,30,25,21,26,34,20,9,16,11
CLE,,Deshaun,Moore,WR,X_CONTESTED,76,27,1999,71,189,Kentucky,NORMAL,74,68,76,80,77,73,83,85,75,71,71,30,29,32,27,33,39,35,24,37,63,17,72,38,54,32,26,39,24,72,89,86,79,71,76,80,63,30,45,37,30,42,24,32,32,29,30,23,40,32,44,42,31,12,10,12,12
CLE,,Tristan,Lane,WR,X_CONTESTED,77,23,2003,77,213,Washington,NORMAL,71,67,71,82,86,81,76,75,81,77,74,38,29,26,29,31,28,36,36,28,68,35,63,44,50,43,44,29,29,77,89,83,76,77,74,86,75,21,38,33,32,38,22,34,42,34,28,16,44,37,35,31,31,4,11,20,13
CLE,,Jackson,Daniels,WR,Z_ROUTE_TECH,70,23,2003,69,184,Texas,NORMAL,65,66,69,58,65,73,65,66,82,68,71,37,32,39,31,36,34,35,33,26,61,41,59,41,57,31,30,37,32,69,60,71,75,77,71,78,63,29,35,34,36,33,28,25,35,32,24,33,35,39,32,37,37,9,21,16,13
CLE,,Quentin,Caldwell,WR,X_CONTESTED,63,24,2002,77,223,Fresno State,NORMAL,54,70,59,68,64,59,65,66,62,60,60,29,39,31,43,46,42,36,22,31,54,31,60,42,45,39,41,47,45,61,72,81,64,61,58,64,53,41,37,35,36,27,39,35,33,32,41,39,30,35,32,38,37,18,5,2,13
CLE,,Demarco,Richardson,WR,DEEP_THREAT,59,27,1999,74,182,Purdue,NORMAL,73,73,59,53,58,62,56,59,55,63,56,31,35,19,29,32,35,35,32,35,55,33,51,30,48,24,46,31,31,53,46,59,47,57,68,54,52,37,38,34,36,45,36,36,39,50,42,43,28,17,29,33,31,9,17,9,8
CLE,,Isaiah,Gates,TE,RECEIVING_TE,80,22,2004,76,244,Temple,NORMAL,78,77,79,72,85,79,86,80,82,82,77,35,35,33,34,38,42,30,24,39,26,38,37,31,32,25,38,39,29,91,87,68,82,89,74,64,73,73,62,69,26,33,78,33,24,44,33,32,37,23,34,23,35,14,15,6,8
CLE,,Jaxon,Keller,TE,H_BACK,69,27,1999,78,255,Arizona State,NORMAL,64,66,70,70,72,72,70,73,76,69,69,42,30,20,38,34,25,33,36,50,32,41,40,36,26,30,36,35,37,78,62,53,68,74,43,50,62,67,71,68,26,37,59,36,34,27,41,24,38,31,36,28,47,6,18,13,3
CLE,,Braxton,Sexton,TE,RECEIVING_TE,61,26,2000,79,271,Louisiana,SUPERSTAR,63,66,66,59,69,63,70,53,66,66,69,33,32,34,42,24,39,37,29,33,30,38,31,44,41,35,32,38,30,74,70,50,54,71,55,49,42,59,47,52,33,26,55,30,43,28,46,32,34,30,31,35,36,26,14,5,1
CLE,,Lamar,Maddox,LT,POWER_MAULER,77,36,1990,78,317,Boise State,SLOW,71,68,67,97,79,73,75,78,76,76,76,33,32,30,39,31,32,32,25,42,37,31,35,37,25,37,39,33,47,38,31,37,24,25,29,33,85,69,38,31,84,68,79,75,39,45,36,30,26,30,37,26,34,17,4,14,16
CLE,,Levi,Simmons,LT,ZONE_BLOCKER,72,25,2001,79,318,North Dakota State,QUICK,77,71,81,64,70,72,63,74,82,67,73,25,34,25,35,33,47,34,30,32,25,40,35,30,23,37,35,25,30,43,32,38,39,24,28,33,70,72,37,36,56,72,73,72,42,28,39,31,39,32,32,34,28,15,6,14,5
CLE,,Chase,Alvarez,LG,PASS_PROTECTOR,78,33,1993,77,330,Wisconsin,NORMAL,86,77,79,77,81,83,84,86,81,72,78,35,33,34,33,32,30,45,44,40,36,39,29,30,22,43,35,31,35,25,36,38,44,31,35,32,80,84,69,34,65,78,83,67,26,29,33,36,29,30,40,36,42,1,8,15,9
CLE,,Reggie,Jefferson,LG,POWER_MAULER,71,28,1998,75,302,Oregon State,QUICK,69,66,56,76,79,70,64,66,70,72,73,36,34,31,37,28,31,37,28,38,29,25,35,41,32,35,43,35,32,27,41,32,39,39,38,36,72,75,78,40,76,53,66,63,35,16,39,38,28,26,26,31,48,15,12,16,1
CLE,,Jameson,Hester,C,ATHLETIC_PULLING,78,26,2000,74,295,West Virginia,SLOW,88,77,81,76,83,78,75,71,77,80,74,27,36,37,51,31,41,30,29,39,33,32,43,42,35,35,28,28,21,30,37,45,33,28,26,35,80,73,78,26,81,81,77,64,33,35,16,33,35,34,38,41,39,10,10,8,6
CLE,,Anthony,Spencer,RG,ATHLETIC_PULLING,76,26,2000,76,314,Western Michigan,SLOW,90,81,97,72,80,75,79,75,74,74,73,35,32,38,33,31,45,28,33,37,32,33,38,46,24,45,38,36,41,29,41,38,39,26,34,49,78,77,80,38,73,74,75,75,35,41,40,37,41,40,29,37,29,15,3,13,8
CLE,,Dante,Avery,RG,ATHLETIC_PULLING,70,27,1999,76,300,Arizona State,NORMAL,74,74,98,69,78,73,74,73,70,73,64,37,46,39,32,29,27,34,40,27,29,35,38,37,38,42,21,33,39,33,36,31,23,32,31,42,71,70,67,44,67,69,65,43,34,25,27,40,42,29,36,32,28,1,7,12,11
CLE,,Joshua,Cummings,RT,ATHLETIC_PULLING,82,21,2005,80,321,Houston,NORMAL,82,93,90,79,87,86,75,79,92,77,74,31,42,42,27,36,33,25,27,43,26,30,39,42,31,43,43,32,37,29,29,39,31,37,44,34,84,80,33,33,78,84,77,82,45,43,33,37,33,28,42,34,31,23,16,14,2
CLE,,Ezekiel,Graves,RT,POWER_MAULER,63,21,2005,77,306,Toledo,QUICK,65,56,48,64,66,62,63,58,60,58,61,28,27,30,41,33,38,35,36,32,37,34,27,32,32,27,36,42,31,38,46,35,37,26,34,30,64,68,29,22,76,56,50,67,40,30,42,32,25,27,42,33,44,23,17,19,15
CLE,,Jarrett,Stout,EDGE,COVERAGE_OLB,81,23,2003,77,261,LSU,NORMAL,80,86,82,69,77,77,89,79,84,86,71,31,41,30,44,35,27,34,37,31,42,36,37,20,37,41,23,37,26,31,22,36,39,32,33,28,31,42,34,34,27,33,35,40,78,78,86,82,83,70,78,87,35,13,6,10,21
CLE,,Theo,Washington,EDGE,RUN_STOPPING_EDGE,80,25,2001,79,270,Nebraska,QUICK,73,82,72,93,75,81,83,75,85,76,82,32,23,33,42,34,31,37,38,31,33,34,39,33,34,25,34,27,44,39,36,39,29,35,26,43,26,35,31,26,36,25,38,34,70,73,90,83,91,64,69,68,31,20,13,7,8
CLE,,Declan,Brewer,EDGE,COVERAGE_OLB,69,23,2003,79,283,Louisville,QUICK,80,75,72,68,64,69,67,65,62,67,75,31,34,39,36,44,37,33,34,36,35,32,42,42,35,35,36,41,35,42,43,36,39,41,28,32,32,42,28,32,35,34,33,41,57,68,64,76,70,60,77,66,35,19,9,18,6
CLE,,Emmanuel,Parrish,EDGE,RUN_STOPPING_EDGE,63,24,2002,76,246,Baylor,NORMAL,57,60,60,70,56,60,71,63,63,61,64,28,38,30,28,42,33,31,33,40,32,35,36,33,37,32,37,42,32,44,41,35,27,27,33,27,32,24,34,40,29,33,34,35,61,55,71,64,79,49,48,45,33,1,22,2,9
CLE,,Logan,Moore,EDGE,COVERAGE_OLB,63,25,2001,78,276,Michigan State,NORMAL,73,59,61,59,68,62,60,66,56,62,69,33,31,42,45,29,40,42,45,39,35,27,41,43,43,40,46,38,22,29,28,30,31,36,31,38,43,34,30,34,41,34,25,31,50,65,64,69,68,48,56,59,44,17,12,5,4
CLE,,Justice,Atkins,DT,NOSE_1TECH,86,28,1998,75,314,Louisville,QUICK,83,73,80,97,84,83,83,80,82,84,83,32,47,32,28,33,29,32,38,35,27,42,41,29,32,25,27,43,39,28,26,36,33,36,42,33,39,42,19,33,32,35,38,46,84,66,97,78,91,73,25,26,30,14,17,11,11
CLE,,Terrance,Kent,DT,INTERIOR_RUSHER,80,31,1995,78,336,Florida State,QUICK,84,84,83,78,80,75,77,85,75,73,81,38,27,40,33,47,28,36,40,27,31,34,38,35,30,35,25,33,34,36,30,27,38,45,27,37,31,36,25,27,26,42,33,51,93,95,72,78,69,75,39,35,34,4,9,13,18
CLE,,Holden,Eaton,DT,TWO_GAP_5TECH,67,27,1999,77,339,Tulsa,SLOW,71,57,71,73,64,65,72,69,65,73,66,29,28,28,36,39,28,43,36,35,31,19,43,33,31,39,27,35,45,36,44,23,40,34,34,36,29,47,21,40,27,37,24,23,58,57,71,65,71,57,27,30,27,18,16,17,23
CLE,,Damarcus,Guerrero,DT,NOSE_1TECH,61,22,2004,73,298,Grambling State,SLOW,48,51,67,69,67,66,58,64,60,58,55,32,32,38,26,32,31,39,37,38,39,36,34,25,29,30,24,33,33,39,37,40,27,43,36,34,34,32,27,33,42,38,31,40,58,52,71,50,64,55,35,31,40,17,8,5,11
CLE,,Jameson,Gordon,LB,COVERAGE_LB,80,26,2000,76,256,Kentucky,NORMAL,85,71,85,74,83,79,83,85,80,72,83,33,45,33,34,28,18,23,36,39,33,43,32,30,34,35,39,37,35,32,37,35,32,34,39,38,28,44,33,34,35,24,40,27,81,76,69,87,83,64,90,93,68,6,5,17,15
CLE,,Marcus,Rodriguez,LB,COVERAGE_LB,79,21,2005,74,235,Southern Miss,NORMAL,87,79,83,78,81,76,82,79,81,72,85,39,41,28,26,28,29,32,40,35,33,28,36,27,35,34,37,38,36,35,42,38,46,31,30,29,37,34,36,29,36,32,34,39,60,65,75,79,75,69,85,89,67,11,9,8,8
CLE,,Marshall,Harmon,LB,FIELD_GENERAL_MLB,76,25,2001,75,240,Cincinnati,NORMAL,56,72,76,82,74,86,77,79,88,81,74,46,30,33,34,40,29,38,33,31,30,39,32,34,32,32,30,29,39,37,36,47,37,44,25,41,28,43,38,40,34,40,32,37,62,68,68,83,81,76,66,78,76,12,13,11,11
CLE,,Andre,Conner,LB,FIELD_GENERAL_MLB,66,21,2005,74,230,Arizona State,NORMAL,63,56,71,61,63,64,67,73,69,72,77,35,38,28,40,36,34,28,28,30,27,39,39,33,37,28,34,27,27,37,37,25,29,38,40,33,44,33,35,28,35,42,33,22,43,50,66,64,73,64,54,64,53,14,11,5,14
CLE,,Tyler,Bass,LB,THUMPER,63,27,1999,73,231,Brigham Young,SLOW,58,59,55,68,61,62,63,60,64,65,60,33,38,37,29,51,42,37,38,35,34,42,26,35,34,25,61,35,40,40,48,28,35,28,43,29,32,47,30,35,42,37,40,38,56,52,66,62,78,75,46,46,51,10,2,1,14
CLE,,Cedric,Cochran,LB,FIELD_GENERAL_MLB,55,21,2005,73,219,Vanderbilt,SLOW,44,61,56,51,61,59,54,56,63,59,57,39,41,29,20,36,16,25,37,32,42,36,30,39,45,31,23,29,32,26,30,34,43,33,45,33,35,41,42,27,31,30,43,36,41,44,52,55,57,59,46,56,39,17,15,22,16
CLE,,Jalen,Rush,CB,BALLHAWK,84,23,2003,74,213,USC,NORMAL,80,80,86,73,86,85,77,86,91,96,85,34,41,22,42,34,44,45,35,31,32,38,25,37,36,25,46,25,33,91,36,75,30,32,37,31,32,29,38,32,31,36,32,30,33,43,34,80,73,63,80,92,74,3,14,11,7
CLE,,Shane,Murray,CB,SLOT_CB,78,25,2001,72,192,Cincinnati,NORMAL,77,82,78,67,68,80,78,73,80,84,69,23,34,24,34,45,31,35,32,28,40,34,38,35,38,36,33,31,44,82,26,64,34,24,38,21,40,38,32,32,35,36,40,34,40,35,38,71,83,64,78,77,68,22,2,12,13
CLE,,Kai,Snyder,CB,ZONE_CB,70,26,2000,69,185,Sam Houston State,NORMAL,71,69,67,63,72,71,69,64,80,83,70,38,28,37,23,34,38,40,41,28,29,37,31,36,40,35,32,38,30,66,33,69,50,36,40,37,35,33,22,32,32,35,24,53,18,44,40,63,70,74,58,84,60,9,8,13,8
CLE,,Carter,Holland,CB,BALLHAWK,65,24,2002,73,200,Texas A&M,NORMAL,58,62,69,71,76,65,67,58,74,69,61,42,28,38,32,40,21,45,30,35,34,32,29,36,30,45,36,27,35,81,32,46,45,40,41,38,37,27,33,35,34,31,43,30,39,29,30,50,53,50,59,79,59,21,16,1,6
CLE,,Chris,Pittman,CB,SLOT_CB,58,27,1999,71,188,Kansas State,NORMAL,54,67,75,57,39,61,59,58,59,57,53,21,36,25,34,30,31,34,24,39,36,25,30,30,34,35,37,30,27,56,35,50,29,32,36,40,28,40,34,34,33,36,38,41,41,29,41,43,67,44,60,57,46,20,10,9,13
CLE,,Holden,Warren,S,STRONG_SAFETY,80,24,2002,71,193,Ohio,NORMAL,81,83,77,89,82,81,86,82,74,77,80,31,28,29,27,28,32,34,30,37,40,30,44,24,31,40,45,31,27,84,34,72,42,27,29,38,28,51,19,32,28,34,27,45,43,36,72,90,92,85,80,68,60,4,15,12,12
CLE,,Ty,Sampson,S,FREE_SAFETY,71,30,1996,75,211,Mississippi State,SLOW,77,70,78,64,73,71,68,69,71,76,73,26,34,37,29,33,28,47,32,37,42,37,41,33,34,31,46,38,36,76,27,58,34,24,33,36,32,31,37,41,33,32,34,24,30,29,56,68,52,51,74,85,69,23,10,3,12
CLE,,Kai,Leach,S,BOX_SAFETY,66,23,2003,70,194,Montana,SLOW,55,78,60,63,67,61,63,70,62,70,63,31,35,28,24,34,45,33,39,38,37,28,33,43,37,30,39,37,33,77,24,57,30,29,39,24,43,33,44,36,38,28,36,35,27,30,63,67,78,81,58,55,54,12,14,21,9
CLE,,Braden,Ramsey,S,HYBRID_NICKEL,61,22,2004,70,191,California,SLOW,61,54,72,50,59,67,68,53,62,58,63,28,36,31,32,41,36,36,42,27,30,29,30,40,41,26,30,30,35,50,29,34,27,40,28,43,32,29,36,48,28,33,31,40,33,31,58,74,55,56,66,62,50,7,16,16,16
CLE,,Mitchell,Bass,K,SPECIALIST,76,29,1997,71,174,Florida Atlantic,NORMAL,72,78,71,75,74,82,77,84,75,68,79,45,51,44,46,49,37,39,35,38,36,40,43,42,39,46,38,34,38,40,44,44,41,43,34,47,46,40,40,29,50,50,42,45,49,39,37,49,43,50,40,47,35,74,77,35,37
CLE,,Kaleb,Norman,P,SPECIALIST,75,25,2001,72,204,Penn State,NORMAL,76,69,81,83,76,79,71,74,78,69,77,45,44,42,49,41,36,45,36,44,33,45,42,48,37,51,46,37,45,40,52,43,36,42,45,46,38,47,48,52,42,41,39,49,39,42,39,29,36,31,44,43,46,22,37,79,72
CLE,,Jermaine,Powers,LS,SPECIALIST,62,25,2001,76,255,Jackson State,NORMAL,68,69,70,59,55,52,64,61,66,58,67,49,39,50,37,45,38,43,36,41,47,46,35,39,44,43,49,47,43,30,40,39,36,41,45,43,41,40,36,43,50,50,38,38,44,42,37,32,61,42,45,44,44,31,28,15,39
PIT,,Shane,Schultz,QB,IMPROVISER,84,25,2001,78,243,Texas A&M,SLOW,91,86,88,85,87,89,82,85,75,84,81,84,85,78,81,94,85,99,93,93,64,73,33,32,37,41,30,38,22,41,28,26,34,33,33,31,38,46,27,27,33,41,37,38,38,28,33,37,39,28,40,38,28,17,9,13,16
PIT,,Travis,Chase,QB,FIELD_GENERAL,63,23,2003,72,207,Youngstown State,NORMAL,56,65,62,65,56,59,64,59,69,67,67,49,69,55,59,62,65,67,66,55,44,55,26,28,37,39,39,41,29,36,28,29,44,34,34,29,31,37,34,31,46,22,38,36,27,23,41,40,24,42,35,42,29,11,8,10,1
PIT,,Malachi,Whitaker,QB,POCKET_PASSER,62,26,2000,75,216,Florida,QUICK,56,66,53,63,67,63,60,56,75,67,58,60,61,58,72,55,55,54,60,45,38,56,42,36,40,38,33,24,32,22,40,32,22,33,36,34,27,28,28,33,42,31,30,29,32,32,32,36,28,33,44,35,42,19,12,8,28
PIT,,Hunter,Callahan,RB,WORKHORSE,76,30,1996,68,194,Louisiana,SUPERSTAR,69,78,80,72,90,91,72,79,64,72,76,26,35,38,32,35,30,32,30,37,87,78,83,72,69,27,40,34,71,83,70,32,60,60,38,66,56,75,17,61,43,29,26,26,42,34,35,36,27,36,38,34,30,8,12,5,7
PIT,,Simeon,White,RB,ELUSIVE,71,21,2005,73,221,Ohio State,NORMAL,70,66,87,68,68,69,68,71,67,75,69,42,23,23,45,35,35,28,39,25,73,72,61,60,80,40,29,22,69,73,62,34,51,56,33,63,50,61,41,59,44,35,26,29,32,32,30,38,41,30,31,28,40,13,11,8,10
PIT,,Vincent,Dunn,RB,ONE_CUT_ZONE,64,21,2005,68,193,Brigham Young,SLOW,56,73,68,60,62,61,61,64,62,61,69,37,36,28,26,25,39,36,31,42,56,71,58,51,65,41,35,36,75,58,52,29,50,49,28,51,45,49,38,55,32,27,36,21,35,29,40,36,30,31,51,27,30,8,7,11,16
PIT,,Felix,Jimenez,RB,WORKHORSE,55,22,2004,71,205,Oklahoma State,NORMAL,54,56,62,61,55,61,51,51,46,55,59,36,25,32,39,29,36,30,30,38,57,60,61,52,44,29,29,30,54,60,28,39,35,46,32,41,37,53,39,49,32,37,40,37,32,35,36,33,37,35,37,36,22,8,16,7,6
PIT,,Justin,Whitaker,FB,ONE_CUT_ZONE,62,25,2001,71,250,Ohio,SLOW,66,71,72,55,65,53,54,65,66,51,54,38,44,36,33,28,34,33,38,27,68,29,60,28,31,22,38,43,42,65,48,31,57,45,40,59,56,34,59,68,47,38,29,35,42,28,26,33,35,33,38,40,33,3,21,13,15
PIT,,Greg,Talley,WR,Z_ROUTE_TECH,79,21,2005,77,226,Villanova,SLOW,73,64,74,76,83,80,87,78,82,81,80,34,34,22,31,28,38,40,41,44,70,36,63,34,63,29,41,26,29,75,73,85,90,85,82,84,51,55,44,37,39,30,33,34,33,24,39,33,44,31,37,28,33,4,13,14,13
PIT,,Darnell,Baldwin,WR,SLOT,73,29,1997,70,180,Indiana,QUICK,71,69,89,72,72,73,69,73,79,74,68,42,31,22,34,28,42,43,34,48,59,41,59,27,65,40,43,36,39,67,69,68,86,70,65,80,69,28,31,36,34,28,32,49,30,32,31,40,29,34,42,31,29,11,9,6,15
PIT,,Raymond,Peters,WR,YAC_RECEIVER,69,22,2004,73,197,Washington State,SLOW,67,84,65,71,74,63,75,70,71,67,67,33,34,45,33,29,39,29,32,30,68,41,69,36,74,36,28,26,36,73,65,63,70,64,65,70,52,39,31,32,24,35,24,33,38,46,31,28,24,36,36,41,45,18,7,12,13
PIT,,Anthony,Robinson,WR,DEEP_THREAT,61,21,2005,75,216,Nebraska,SLOW,75,66,46,51,65,64,63,58,63,67,59,42,30,23,40,42,23,34,37,35,52,35,53,36,49,37,30,34,32,61,46,58,54,56,74,67,47,31,35,41,33,31,47,52,32,30,33,14,34,43,22,41,30,16,11,4,11
PIT,,Hakeem,Fuller,WR,DEEP_THREAT,59,24,2002,69,172,SMU,QUICK,73,73,58,60,59,54,56,57,59,64,53,24,31,40,38,28,42,40,31,36,39,30,50,39,43,33,45,34,39,58,43,55,46,54,70,64,47,28,35,34,40,32,36,27,24,36,35,27,32,21,45,28,36,13,6,22,10
PIT,,Elijah,Harrell,WR,YAC_RECEIVER,55,26,2000,73,190,Wisconsin,NORMAL,44,66,53,51,46,50,52,54,54,55,49,27,41,45,27,31,32,35,19,24,41,40,50,35,54,27,36,42,43,60,50,42,63,57,49,61,45,43,24,28,36,28,35,23,25,39,37,39,32,32,29,40,33,18,13,7,18
PIT,,Marcus,Underwood,TE,MOVE_TE,73,28,1998,76,246,TCU,NORMAL,84,76,70,67,71,79,72,75,73,74,82,41,35,36,29,36,44,25,30,23,36,30,30,38,39,23,35,42,34,72,76,68,71,80,63,63,73,68,70,69,39,46,62,34,27,38,36,33,37,35,42,29,24,11,5,17,9
PIT,,Wesley,Fowler,TE,RECEIVING_TE,70,26,2000,74,228,California,SLOW,63,66,63,66,65,71,67,66,65,76,72,18,30,32,30,50,39,27,38,42,28,46,28,31,31,27,30,42,39,85,72,53,80,75,65,50,57,73,62,55,37,37,64,19,34,42,28,35,30,27,36,32,43,14,6,11,4
PIT,,Hendrix,Reid,TE,H_BACK,59,24,2002,78,258,Louisiana,QUICK,52,55,60,54,55,60,68,62,65,65,62,35,33,29,47,36,26,33,29,32,32,39,45,32,33,28,38,28,42,59,65,49,61,61,36,37,57,58,56,56,37,38,36,34,27,31,37,25,41,24,40,37,34,3,19,6,10
PIT,,Bennett,Coleman,LT,ZONE_BLOCKER,74,26,2000,79,321,UCLA,NORMAL,66,85,90,64,76,76,81,79,88,75,70,40,39,29,36,28,33,36,32,45,38,32,45,36,45,26,34,33,43,34,40,28,31,31,25,42,69,74,23,39,65,93,69,69,32,39,34,24,38,30,32,42,25,12,21,17,10
PIT,,Caleb,James,LT,POWER_MAULER,66,26,2000,78,310,Texas,QUICK,67,59,59,72,65,67,67,65,65,63,60,36,26,37,37,22,36,22,42,31,31,50,25,41,26,38,29,51,29,27,35,36,41,30,32,44,67,67,37,34,74,60,58,67,40,31,33,33,32,30,39,29,35,10,17,4,11
PIT,,Clay,Willis,LG,PASS_PROTECTOR,70,24,2002,75,305,Utah,NORMAL,71,78,74,71,67,64,70,74,72,71,73,29,25,27,30,48,46,32,36,31,33,34,40,34,47,39,32,29,36,22,32,33,29,42,37,31,64,82,71,35,55,69,66,62,37,32,31,28,33,45,37,28,34,23,16,21,21
PIT,,Patrick,Goodwin,LG,PASS_PROTECTOR,59,21,2005,78,333,TCU,SUPERSTAR,61,60,61,54,53,53,52,57,69,57,65,25,36,32,26,26,43,35,39,27,31,32,24,36,35,32,40,33,26,36,28,35,34,30,29,38,56,70,41,36,42,52,71,60,33,33,34,35,35,32,40,47,26,11,12,6,12
PIT,,Garrett,Holmes,C,POWER_MAULER,77,31,1995,74,296,Mississippi State,NORMAL,76,75,64,88,80,82,71,74,80,71,80,41,34,31,31,38,36,34,34,33,44,38,41,32,31,31,37,34,37,29,41,29,37,34,36,37,78,69,81,33,90,54,68,57,23,35,44,24,34,34,32,28,34,9,13,2,1
PIT,,Shawn,Carter,RG,ATHLETIC_PULLING,73,29,1997,76,304,Tulane,SLOW,79,85,88,68,81,71,75,65,72,76,59,37,35,35,30,41,33,34,32,39,33,33,38,29,36,30,48,25,37,31,23,32,40,34,37,39,74,71,78,36,79,64,68,61,35,44,28,44,35,47,35,50,30,16,16,11,7
PIT,,Raymond,Vega,RG,ZONE_BLOCKER,63,27,1999,77,326,Iowa State,NORMAL,64,65,64,56,63,56,65,70,60,58,63,32,41,28,33,43,32,31,34,30,29,43,33,23,35,32,28,37,35,29,22,39,41,51,35,37,68,66,67,29,57,75,61,43,22,35,33,40,33,32,27,32,35,10,10,1,9
PIT,,Dalton,Osborne,RT,POWER_MAULER,78,28,1998,76,301,North Dakota State,QUICK,72,73,62,88,69,86,77,75,87,84,79,49,37,37,20,40,23,14,38,32,42,44,33,34,17,34,30,38,36,45,32,36,41,36,28,34,77,77,34,35,89,72,75,78,39,24,31,41,34,27,20,34,35,15,14,14,16
PIT,,Deshaun,Moody,RT,POWER_MAULER,63,27,1999,79,324,Iowa,SLOW,60,61,47,68,59,61,60,65,66,65,62,48,30,26,32,32,34,31,39,33,35,29,30,35,25,38,28,26,32,28,26,42,30,42,29,38,64,60,29,30,82,51,66,62,35,23,25,36,41,36,28,34,37,1,10,14,14
PIT,,Jabari,Washington,EDGE,COVERAGE_OLB,85,26,2000,74,242,Virginia Tech,QUICK,91,79,83,78,78,84,92,87,83,93,95,28,36,21,35,39,42,39,27,34,33,36,30,34,24,35,38,25,36,27,28,34,34,32,45,40,35,37,39,33,29,27,35,35,71,88,88,99,84,66,81,94,32,20,13,14,6
PIT,,Clay,Hendricks,EDGE,SPEED_RUSHER,74,28,1998,75,254,Michigan State,SLOW,82,85,83,61,79,63,74,74,69,72,68,31,34,20,24,49,29,29,40,41,32,31,42,32,28,39,44,35,34,29,34,36,36,31,31,36,30,36,45,22,29,38,31,35,61,79,69,78,72,66,67,59,34,13,7,7,25
PIT,,Phillip,Tillman,EDGE,POWER_RUSHER,65,21,2005,74,258,Iowa State,NORMAL,60,61,62,72,62,69,63,70,61,66,57,24,41,28,30,24,36,26,20,42,34,40,34,41,34,33,29,38,29,28,41,28,42,36,42,30,17,31,32,42,29,40,31,39,80,50,72,64,62,56,54,54,26,17,23,17,10
PIT,,Theo,Nelson,EDGE,COVERAGE_OLB,59,21,2005,76,259,Arizona State,NORMAL,73,61,66,54,58,59,60,55,62,61,61,31,37,35,42,36,26,40,22,41,31,39,32,33,41,36,31,37,19,40,28,38,38,40,30,30,41,37,39,39,40,32,40,32,41,60,65,65,57,46,55,69,49,7,7,13,9
PIT,,Desmond,Lowe,EDGE,RUN_STOPPING_EDGE,60,28,1998,79,278,Northwestern,SLOW,49,63,52,73,58,66,62,58,66,67,69,33,34,37,44,45,32,34,29,32,41,27,34,32,33,25,30,37,43,32,44,32,35,25,23,34,36,31,30,29,22,36,24,24,59,53,71,55,67,37,55,38,46,8,10,22,10
PIT,,Damian,Long,DT,INTERIOR_RUSHER,76,27,1999,76,322,Montana,SLOW,72,89,80,74,69,74,72,85,76,75,73,38,30,46,31,35,46,30,26,46,37,34,27,40,23,34,40,37,36,24,38,38,42,37,36,27,40,36,32,30,37,34,54,32,80,81,70,75,72,71,36,25,31,7,10,6,11
PIT,,Zion,Chase,DT,INTERIOR_RUSHER,70,28,1998,75,311,New Mexico,NORMAL,67,83,71,66,67,73,73,69,61,75,70,43,32,40,36,36,46,32,35,27,34,46,37,39,44,30,35,35,37,45,25,43,29,28,32,35,26,38,25,40,34,44,20,32,82,81,62,68,61,52,46,27,33,14,16,3,3
PIT,,Dante,Powell,DT,INTERIOR_RUSHER,64,26,2000,77,332,Utah,SUPERSTAR,59,72,64,63,63,63,63,65,55,59,70,41,33,37,23,33,44,37,30,33,30,35,38,34,38,27,31,30,39,40,26,34,27,35,41,40,26,33,35,33,36,38,38,40,75,82,54,68,51,53,30,34,32,21,1,13,12
PIT,,Isaac,Stuart,DT,TWO_GAP_5TECH,61,23,2003,78,338,Iowa State,NORMAL,64,55,61,64,64,55,71,58,57,65,63,32,30,30,36,40,35,35,28,27,38,33,35,42,36,32,31,38,34,31,36,37,39,41,31,37,23,28,31,25,46,33,21,28,59,48,69,51,63,41,31,50,28,15,3,15,5
PIT,,Jayden,Hancock,LB,FIELD_GENERAL_MLB,82,27,1999,72,235,Florida Atlantic,SUPERSTAR,76,78,86,80,80,82,81,80,91,90,89,25,43,26,31,25,35,43,36,42,38,39,33,32,29,35,30,30,37,47,29,31,39,37,44,33,37,34,43,35,27,27,22,28,73,66,82,88,81,80,71,75,70,19,17,7,7
PIT,,Bo,Edwards,LB,BLITZING_LB,67,29,1997,72,230,Maryland,NORMAL,74,73,61,75,66,68,68,63,69,69,72,40,38,37,35,31,28,22,27,37,37,40,28,36,28,33,29,39,24,38,42,26,36,43,28,35,29,34,41,29,35,36,31,41,75,62,67,70,66,76,55,53,53,23,22,9,14
PIT,,Cornelius,Blackwell,LB,BLITZING_LB,66,22,2004,72,226,Jackson State,QUICK,67,77,62,70,67,76,69,60,62,63,68,33,37,44,31,37,38,43,44,39,26,40,35,37,30,26,26,34,33,35,34,30,23,22,25,36,34,49,39,29,43,29,35,35,74,61,73,73,74,63,57,55,48,12,10,9,7
PIT,,Jasper,Strong,LB,FIELD_GENERAL_MLB,62,27,1999,76,246,Old Dominion,NORMAL,47,55,56,55,55,61,60,59,81,72,66,36,35,37,36,31,38,31,40,41,36,36,36,33,35,28,42,38,43,37,36,35,30,33,38,44,28,27,37,44,44,39,29,38,42,64,61,60,63,59,53,55,63,14,1,10,9
PIT,,Brett,Bennett,LB,BLITZING_LB,61,23,2003,75,242,Iowa State,SLOW,68,73,56,63,60,56,59,57,67,61,54,39,42,35,32,33,41,42,35,29,39,40,37,30,33,32,36,37,37,43,26,26,32,24,35,27,23,38,31,29,32,33,30,25,65,68,61,62,57,65,55,51,51,1,11,3,19
PIT,,Carter,Locke,LB,FIELD_GENERAL_MLB,52,22,2004,75,236,Texas State,NORMAL,51,49,46,55,50,45,48,49,60,64,61,22,31,39,52,36,30,30,38,33,30,50,30,38,40,35,26,33,22,35,28,41,40,35,30,34,39,46,26,30,44,36,34,35,52,44,46,45,54,45,44,47,35,12,16,11,16
PIT,,Cristian,Holmes,CB,MAN_PRESS,74,29,1997,71,186,Wake Forest,QUICK,83,68,65,89,77,74,69,76,73,69,65,29,28,26,16,29,44,30,48,40,39,27,26,35,31,33,39,36,45,68,33,57,36,31,28,29,32,38,31,32,30,26,46,48,28,29,50,69,67,53,85,65,79,13,23,17,10
PIT,,Ricardo,Drummond,CB,MAN_PRESS,74,31,1995,73,193,Hawaii,QUICK,79,76,69,77,69,81,67,74,70,67,76,35,24,44,36,33,35,31,33,32,35,21,27,30,37,37,29,30,29,75,37,58,23,36,41,28,30,33,27,27,30,35,28,30,39,32,32,65,76,61,79,63,78,1,15,21,3
PIT,,Tristan,Horton,CB,BALLHAWK,75,23,2003,70,189,Wyoming,QUICK,76,78,75,62,80,70,85,74,69,75,74,32,39,34,35,18,30,34,30,29,32,31,33,38,37,24,33,35,37,85,26,62,37,50,35,31,35,31,28,32,30,27,36,33,37,40,34,58,74,58,70,84,59,20,17,14,10
PIT,,Justin,Rogers,CB,BALLHAWK,62,21,2005,70,170,Utah State,SLOW,61,57,58,62,73,64,63,62,67,73,59,34,37,35,40,33,30,37,29,24,43,38,34,22,28,41,30,40,33,70,29,57,29,39,33,33,33,29,36,29,36,32,48,25,41,27,36,58,53,56,59,69,51,1,12,2,7
PIT,,Levi,Preston,CB,BALLHAWK,61,23,2003,69,172,LSU,SUPERSTAR,61,62,60,61,70,61,54,66,62,64,60,40,29,24,32,34,29,30,34,35,27,30,42,36,32,34,27,38,34,71,42,43,40,39,40,23,30,48,33,39,39,31,28,34,41,31,39,55,45,62,58,66,49,14,9,6,6
PIT,,Kobe,English,S,STRONG_SAFETY,76,23,2003,73,195,Clemson,NORMAL,76,75,78,84,78,76,78,81,76,76,76,39,37,37,37,38,32,29,24,31,35,39,35,31,40,32,49,33,32,76,27,69,33,30,26,39,41,27,27,26,37,33,35,43,25,37,52,86,82,85,74,65,79,16,11,16,3
PIT,,Thomas,Buckley,S,STRONG_SAFETY,69,21,2005,72,204,Ohio State,NORMAL,75,58,71,84,74,72,63,65,65,67,71,36,32,29,39,37,32,33,39,35,29,35,40,27,24,39,35,22,33,62,35,63,32,36,28,37,29,32,31,33,27,29,43,23,39,35,59,70,80,74,70,62,54,8,19,9,22
PIT,,Zane,Moran,S,FREE_SAFETY,72,25,2001,73,209,Illinois,SUPERSTAR,73,63,70,67,78,71,83,74,68,80,72,36,35,33,43,38,27,41,34,29,36,37,35,25,28,35,35,37,37,78,38,62,41,29,31,34,24,34,34,27,32,39,35,31,38,28,57,76,58,57,70,80,54,7,14,13,5
PIT,,Jesse,Holloway,S,FREE_SAFETY,58,27,1999,70,193,Ohio State,X_FACTOR,62,61,58,49,62,58,61,55,61,64,57,34,36,31,20,36,30,38,35,22,35,31,35,30,29,31,41,44,38,62,27,47,29,38,27,24,36,34,36,37,38,26,48,43,32,35,35,48,49,48,55,67,54,12,10,10,9
PIT,,Wyatt,Giles,K,SPECIALIST,70,28,1998,72,202,UNLV,SLOW,72,74,71,64,69,72,65,73,66,73,68,38,40,44,38,45,41,48,46,49,45,37,47,43,49,49,51,51,46,41,42,42,36,32,48,41,51,47,46,43,47,34,40,41,46,36,40,39,25,39,41,48,46,68,73,37,30
PIT,,Dwayne,McNeil,P,SPECIALIST,68,24,2002,74,205,Ohio State,NORMAL,62,70,72,64,68,65,67,66,71,67,66,40,44,42,32,50,35,47,43,33,42,30,37,40,47,39,53,41,46,37,45,44,37,53,43,40,43,37,38,46,34,44,47,43,43,43,45,46,44,44,35,34,51,36,33,70,66
PIT,,Chase,Thompson,LS,SPECIALIST,57,26,2000,76,267,Washington,QUICK,57,50,57,50,57,54,51,56,55,62,58,43,39,35,45,42,42,50,46,37,40,43,41,44,40,43,41,50,53,42,38,37,50,51,45,47,32,49,43,34,34,47,36,41,41,41,46,36,66,41,40,48,55,35,36,22,39
CIN,,Dwayne,Rodriguez,QB,FIELD_GENERAL,87,30,1996,73,197,Tulane,NORMAL,82,84,82,77,88,87,89,87,94,92,96,76,92,76,87,87,88,83,95,77,73,84,24,32,36,37,32,25,41,29,37,33,23,29,44,39,28,36,32,26,31,40,37,34,43,31,33,46,42,32,51,36,33,15,6,14,10
CIN,,Darren,Fields,QB,DUAL_THREAT,68,27,1999,77,237,Temple,QUICK,88,73,75,68,62,79,68,67,62,77,63,70,64,65,63,71,65,68,68,87,64,57,34,48,26,25,34,32,40,40,25,26,44,41,27,50,30,30,28,30,40,29,49,22,41,36,24,41,32,35,47,22,28,13,15,23,17
CIN,,Braxton,Chapman,QB,FIELD_GENERAL,57,28,1998,73,218,Georgia Tech,SLOW,39,56,64,53,56,59,58,58,68,62,54,56,59,58,53,47,57,55,58,42,48,49,26,40,36,23,34,25,41,27,37,25,34,29,27,41,27,28,50,37,24,21,25,35,36,41,33,45,31,34,39,35,37,7,16,15,14
CIN,,Jameson,Vega,RB,RECEIVING_BACK,80,30,1996,69,190,South Alabama,SLOW,80,78,79,83,79,78,80,75,76,76,79,36,35,35,35,36,35,40,40,31,85,81,74,68,74,29,37,40,82,90,67,17,80,69,31,58,59,93,36,68,35,38,38,32,29,47,30,42,36,32,42,30,42,12,13,20,18
CIN,,Joshua,Cortez,RB,POWER_BACK,75,32,1994,71,205,Wisconsin,NORMAL,69,66,76,88,76,78,75,78,85,72,85,32,34,20,35,41,33,38,25,33,80,81,89,89,64,47,39,35,75,72,70,46,62,61,32,58,70,72,40,60,38,31,21,39,40,38,28,43,33,30,43,37,32,22,22,7,12
CIN,,Jabari,Ferguson,RB,ONE_CUT_ZONE,61,23,2003,72,229,Utah,NORMAL,52,67,70,53,62,64,54,60,61,60,55,31,35,33,39,42,32,36,32,32,61,59,62,40,54,34,22,33,71,59,59,28,49,50,38,57,53,56,33,49,46,36,21,38,32,33,38,25,28,35,38,41,30,14,6,23,15
CIN,,Mitchell,Hubbard,RB,WORKHORSE,57,21,2005,72,222,Tulsa,NORMAL,56,57,59,53,63,68,54,57,54,62,54,29,33,27,34,36,29,35,33,46,74,59,63,54,46,40,39,33,51,56,53,28,33,44,29,42,35,60,36,53,34,27,42,29,37,35,30,30,32,37,44,38,47,12,14,18,12
CIN,,Nathan,Dunn,FB,WORKHORSE,69,28,1998,70,224,Tulsa,NORMAL,62,71,73,59,65,80,67,73,61,69,73,34,35,37,37,29,42,33,39,30,71,28,70,43,25,30,32,36,47,74,61,14,57,62,29,61,71,30,69,73,47,38,21,34,34,41,43,40,28,38,41,31,40,1,10,6,20
CIN,,Finn,Lewis,WR,SLOT,78,25,2001,72,182,Hawaii,SUPERSTAR,78,80,90,73,73,81,86,76,77,80,80,38,44,26,39,25,31,26,31,42,80,21,65,25,62,37,38,35,32,72,81,77,91,74,68,86,73,32,35,27,26,28,31,31,33,32,29,28,41,36,39,43,27,17,10,1,6
CIN,,Chandler,Sherman,WR,SLOT,77,26,2000,69,183,Marshall,SLOW,74,75,77,78,74,84,73,73,72,79,74,38,37,25,36,34,36,37,33,38,56,41,68,32,69,36,41,33,33,78,84,79,88,71,62,93,71,36,39,27,38,35,35,46,29,28,14,31,31,43,32,34,27,13,14,2,24
CIN,,Donovan,Pope,WR,X_CONTESTED,78,23,2003,69,176,Coastal Carolina,SLOW,69,71,69,93,81,87,82,80,82,85,78,38,30,28,34,29,42,24,37,44,70,26,65,26,61,33,29,28,34,78,92,79,74,78,77,90,67,26,30,44,31,40,37,39,30,35,25,37,39,35,34,34,36,18,1,22,11
CIN,,Grant,Watts,WR,DEEP_THREAT,65,27,1999,69,175,Temple,NORMAL,81,71,60,57,63,64,64,60,69,71,57,27,28,23,34,44,30,43,34,29,53,35,53,31,53,33,34,38,33,64,55,60,43,63,75,75,46,31,40,38,33,31,30,45,34,36,22,27,38,30,36,42,27,12,5,7,23
CIN,,Stefon,Dixon,WR,YAC_RECEIVER,61,23,2003,73,194,North Texas,SUPERSTAR,64,72,64,57,70,64,63,57,65,67,61,30,41,28,36,33,33,34,37,30,48,27,62,32,59,33,41,32,33,57,54,61,70,60,48,54,52,34,31,39,35,20,35,33,30,35,32,28,19,29,29,32,32,17,17,6,24
CIN,,Jared,Tyler,WR,YAC_RECEIVER,56,25,2001,74,202,South Carolina,NORMAL,53,60,61,55,61,55,54,50,58,52,53,41,35,38,35,35,32,27,37,34,45,26,55,35,58,31,40,45,25,59,50,53,61,51,47,71,40,27,34,44,35,27,32,40,46,37,34,29,41,38,29,48,29,6,16,22,16
CIN,,Lawrence,Chavez,TE,INLINE_BLOCKER,80,32,1994,77,244,Stanford,NORMAL,76,77,78,89,82,81,81,77,81,76,86,30,31,22,37,35,39,30,43,44,21,44,43,27,44,33,28,33,38,68,76,77,76,70,68,79,97,82,87,70,37,33,61,37,34,32,33,35,38,38,37,36,42,5,6,11,15
CIN,,Marquise,Campbell,TE,RECEIVING_TE,64,25,2001,79,258,Appalachian State,NORMAL,60,63,74,65,65,61,62,65,64,66,59,19,25,29,37,37,39,41,40,27,37,37,39,35,22,30,30,37,19,77,73,56,59,80,56,51,44,67,52,57,23,18,53,34,33,26,30,26,38,30,35,38,41,7,20,12,11
CIN,,Justin,Daniels,TE,H_BACK,59,23,2003,79,265,Arkansas,SLOW,56,61,60,53,47,62,55,62,60,53,58,32,36,39,38,43,24,38,25,32,46,36,38,32,37,34,30,33,36,64,65,55,54,59,44,50,53,58,66,78,37,44,46,37,46,36,37,42,40,30,24,26,30,14,14,5,9
CIN,,Tristan,Hardin,LT,POWER_MAULER,75,29,1997,80,322,Southern Miss,QUICK,79,71,73,89,72,77,72,75,68,74,79,26,33,41,31,44,36,23,38,33,27,28,34,26,34,50,32,29,43,50,32,41,31,36,33,24,80,72,36,30,85,63,72,75,37,41,43,35,49,41,39,39,36,11,14,10,18
CIN,,Vance,Sampson,LT,ZONE_BLOCKER,56,30,1996,80,316,Central Florida,QUICK,61,57,66,49,55,56,47,57,60,57,52,24,48,44,36,36,32,22,41,32,34,31,34,46,37,39,33,37,30,36,31,35,39,32,32,37,48,60,34,40,51,69,52,58,32,36,36,23,39,40,30,43,37,12,10,16,5
CIN,,Jacoby,Holloway,LG,ZONE_BLOCKER,76,31,1995,77,320,New Mexico,SLOW,74,93,84,69,75,77,83,72,85,71,76,41,27,21,36,24,35,44,31,25,37,32,33,31,35,43,35,31,28,40,28,30,34,53,25,36,68,81,87,36,65,87,73,57,32,30,31,37,40,42,33,32,37,7,13,6,1
CIN,,Jared,Gentry,LG,POWER_MAULER,61,27,1999,78,333,Kansas,NORMAL,67,59,48,71,55,57,62,56,60,67,57,34,27,37,28,29,37,38,40,33,38,27,35,24,33,39,36,39,42,27,45,26,39,39,28,24,67,55,60,36,58,52,58,58,38,38,30,41,35,40,37,36,34,20,18,21,14
CIN,,Quincy,Talley,C,PASS_PROTECTOR,72,25,2001,75,296,Kent State,NORMAL,70,70,69,61,76,69,71,70,86,64,70,22,38,36,47,30,30,24,27,38,30,34,41,34,38,36,34,35,34,29,30,35,40,31,39,43,67,83,74,29,59,71,79,72,31,34,30,25,40,31,44,38,37,14,19,15,9
CIN,,Duke,Newton,RG,PASS_PROTECTOR,75,28,1998,78,332,Boston College,NORMAL,73,71,70,77,79,73,79,82,73,74,69,34,35,41,32,40,34,27,29,30,34,26,43,38,41,39,38,38,25,27,34,42,40,32,22,41,71,91,66,38,60,76,80,76,43,31,29,33,29,36,25,31,29,19,12,12,19
CIN,,Ian,Schultz,RG,POWER_MAULER,67,23,2003,78,340,UNLV,NORMAL,69,62,62,71,75,64,69,74,66,64,66,28,40,21,40,32,33,47,31,41,41,42,37,26,43,36,43,31,25,36,26,25,32,39,30,37,69,64,64,42,75,57,67,53,36,23,38,35,35,35,38,33,40,13,5,19,5
CIN,,Miles,Stark,RT,ATHLETIC_PULLING,82,23,2003,80,334,Florida Atlantic,SLOW,88,99,98,64,80,85,81,81,81,84,88,41,20,41,28,26,29,27,26,35,26,29,34,32,37,28,31,32,31,22,33,41,29,32,33,34,85,88,33,44,82,76,76,79,38,41,32,30,36,31,27,34,29,16,17,11,4
CIN,,Marshall,Roberts,RT,POWER_MAULER,59,26,2000,80,337,Southern Miss,SUPERSTAR,62,58,46,70,57,59,64,65,54,65,54,27,31,21,35,22,38,30,30,33,37,38,31,31,30,36,31,38,42,23,32,36,35,33,40,26,62,58,37,37,72,46,58,58,33,37,30,33,38,29,29,35,37,4,12,13,18
CIN,,Nash,Lyons,EDGE,POWER_RUSHER,77,32,1994,78,268,Troy,NORMAL,65,79,68,93,73,77,81,78,76,76,82,32,26,19,46,39,26,39,40,45,28,29,36,36,36,31,28,34,38,23,42,39,34,38,41,40,28,20,38,26,31,30,35,32,85,60,94,84,69,69,77,64,35,1,17,5,9
CIN,,Lorenzo,Lucas,EDGE,SPEED_RUSHER,73,26,2000,78,269,Georgia,NORMAL,80,83,79,59,61,75,68,74,72,65,78,22,45,31,42,38,28,27,36,44,28,41,36,40,32,39,40,31,28,35,26,29,40,30,40,26,35,43,25,32,29,22,39,29,63,85,58,86,68,68,57,59,30,6,10,10,16
CIN,,Jace,Knight,EDGE,POWER_RUSHER,66,25,2001,75,254,Penn State,QUICK,58,67,60,76,64,65,70,68,66,64,59,37,38,35,31,39,39,35,43,25,32,40,42,29,41,26,33,32,29,37,26,31,32,43,24,37,36,40,35,26,34,23,38,30,74,54,70,74,67,60,51,65,31,29,14,13,11
CIN,,Damon,Cabrera,EDGE,RUN_STOPPING_EDGE,57,28,1998,79,271,Iowa,SLOW,54,55,53,62,65,59,61,63,60,57,59,34,32,34,42,33,35,36,45,27,22,35,23,31,37,26,42,32,30,37,34,30,27,44,36,44,33,22,35,40,44,32,37,34,58,49,67,55,64,40,48,46,37,14,17,9,8
CIN,,Trent,Walsh,EDGE,POWER_RUSHER,56,22,2004,76,258,Texas,QUICK,53,52,49,59,53,55,56,59,65,45,50,41,27,28,34,42,41,26,25,40,40,31,25,36,26,30,39,46,30,25,22,31,35,37,40,39,44,27,33,33,34,37,37,36,66,43,67,61,64,36,39,40,27,16,6,7,12
CIN,,Dalton,Beasley,DT,TWO_GAP_5TECH,76,28,1998,77,330,Vanderbilt,SUPERSTAR,83,59,70,76,78,79,78,77,72,76,76,33,41,49,39,41,47,28,32,34,34,28,47,35,33,39,40,40,38,29,37,46,28,28,36,26,39,33,45,39,23,32,41,32,79,61,85,80,78,66,36,36,38,8,20,17,7
CIN,,Desmond,Quinn,DT,INTERIOR_RUSHER,69,33,1993,75,308,Iowa,QUICK,67,76,73,68,72,64,64,72,70,71,73,34,30,31,41,37,31,41,37,28,31,35,35,27,35,31,37,37,25,39,24,33,36,35,39,31,35,27,28,29,31,32,31,37,83,71,57,71,65,60,38,41,41,16,8,16,14
CIN,,Trent,Duncan,DT,TWO_GAP_5TECH,62,22,2004,78,344,Georgia,SUPERSTAR,62,52,64,69,66,58,62,58,66,68,61,34,21,31,39,21,30,32,42,27,38,36,40,34,22,26,24,40,38,34,28,34,32,32,30,38,28,27,33,42,36,36,36,42,56,45,72,56,65,48,45,25,32,14,10,12,7
CIN,,Colby,Quinn,DT,TWO_GAP_5TECH,62,23,2003,78,352,Tennessee,NORMAL,66,49,61,71,61,66,56,63,57,67,57,42,28,36,33,36,31,34,23,37,26,32,28,46,32,33,30,42,41,35,34,38,36,33,38,26,42,36,40,37,39,38,28,30,52,53,72,58,61,42,34,32,27,17,13,7,11
CIN,,Ricardo,Lambert,LB,FIELD_GENERAL_MLB,84,29,1997,76,243,Northwestern,SLOW,73,83,71,89,89,87,84,78,94,90,92,22,31,33,32,43,15,38,45,23,31,37,40,41,27,32,39,24,37,41,39,32,32,30,39,28,41,32,30,28,41,27,21,22,67,78,78,86,92,81,72,82,71,26,9,12,7
CIN,,Caleb,Clark,LB,BLITZING_LB,78,31,1995,74,230,Illinois,NORMAL,76,80,80,83,76,74,82,81,72,83,87,27,37,41,19,31,41,44,33,37,33,47,29,33,35,39,27,45,37,34,34,27,35,25,42,23,30,33,23,42,22,41,29,40,88,68,80,89,78,75,74,66,69,14,11,12,17
CIN,,Jameson,Murray,LB,THUMPER,68,27,1999,76,259,Wisconsin,SUPERSTAR,70,69,77,75,66,67,68,66,67,61,66,36,46,43,32,27,37,35,39,36,34,34,36,28,39,40,29,34,25,28,31,27,30,27,38,23,39,40,26,36,33,37,33,39,56,54,70,64,78,85,52,61,61,1,5,20,15
CIN,,Antoine,Valdez,LB,BLITZING_LB,56,21,2005,72,228,West Virginia,NORMAL,49,73,54,57,55,61,59,59,49,60,52,36,40,35,37,34,31,32,36,38,27,37,21,31,37,37,37,44,35,28,36,44,44,40,38,23,31,32,25,31,41,28,38,40,56,34,56,58,58,55,49,52,39,33,27,4,18
CIN,,Malachi,Randolph,LB,BLITZING_LB,59,23,2003,72,221,East Carolina,NORMAL,59,76,57,65,59,60,50,56,61,59,59,32,24,30,26,25,26,39,40,36,35,32,34,39,25,29,36,36,36,34,35,26,29,19,33,45,35,43,34,38,39,34,36,32,60,58,61,65,54,51,50,58,41,9,16,19,20
CIN,,Kade,Butler,LB,FIELD_GENERAL_MLB,63,21,2005,74,237,Virginia Tech,SLOW,51,55,61,63,61,63,64,58,74,74,74,32,42,38,34,37,34,35,32,30,38,36,35,37,37,25,37,40,36,34,25,33,42,40,33,33,31,43,30,39,40,38,31,29,48,52,59,62,64,55,53,64,46,10,8,20,4
CIN,,Brett,Patterson,CB,MAN_PRESS,79,25,2001,74,203,Youngstown State,QUICK,82,79,72,88,81,78,86,73,78,73,80,41,31,35,30,38,27,35,27,34,37,30,34,29,38,37,26,32,39,78,42,67,34,40,27,26,45,39,32,40,34,27,25,29,38,39,37,59,64,67,89,68,87,22,8,5,5
CIN,,Sawyer,Cobb,CB,SLOT_CB,73,22,2004,74,206,Appalachian State,NORMAL,70,83,84,73,62,75,77,74,71,68,70,31,30,31,27,29,44,25,26,40,41,39,32,35,40,39,36,27,28,77,30,52,34,27,28,33,32,29,33,26,26,26,25,32,30,25,37,67,82,71,69,74,67,12,12,7,25
CIN,,Drew,Thompson,CB,BALLHAWK,69,29,1997,71,190,Kansas,SUPERSTAR,70,70,63,67,70,68,72,66,70,75,70,39,34,40,46,39,40,30,28,35,35,25,22,37,25,33,39,34,32,85,21,54,36,28,37,28,39,31,37,30,30,26,33,35,34,30,28,62,59,57,60,81,58,19,1,15,12
CIN,,Warren,Wilcox,CB,BALLHAWK,63,23,2003,69,185,Oklahoma,NORMAL,62,65,70,64,84,63,61,59,59,71,60,34,34,40,32,41,19,40,34,29,46,41,38,29,35,36,41,27,34,75,32,49,30,46,35,29,33,37,28,37,39,28,36,42,34,40,28,61,55,58,52,67,55,9,9,2,4
CIN,,Aaron,Conner,CB,SLOT_CB,52,22,2004,72,192,Utah,NORMAL,47,64,61,54,43,46,53,52,54,55,52,40,34,31,33,33,42,29,27,41,32,33,36,34,37,34,38,34,40,59,31,37,38,34,29,35,34,33,31,30,21,33,36,29,39,32,28,32,51,40,54,48,43,15,13,2,8
CIN,,Nolan,Peters,S,FREE_SAFETY,79,26,2000,72,219,Oregon State,QUICK,73,67,77,73,89,76,86,76,79,86,79,45,37,43,31,37,35,21,41,34,33,37,38,35,37,29,32,33,26,77,33,76,34,35,45,42,39,40,33,32,34,36,36,31,38,32,67,80,76,68,84,84,70,4,15,16,1
CIN,,Xavier,Matthews,S,HYBRID_NICKEL,71,25,2001,71,211,Auburn,NORMAL,62,74,79,62,69,72,74,68,70,65,73,36,36,35,29,35,34,40,40,38,33,44,30,37,33,28,32,35,43,69,36,50,28,43,30,36,36,28,19,41,31,39,43,25,36,28,59,84,68,65,76,75,63,12,19,4,20
CIN,,Montrell,Stafford,S,HYBRID_NICKEL,62,24,2002,71,193,Vanderbilt,QUICK,58,59,75,59,65,65,58,69,60,62,59,37,39,31,31,38,41,39,23,34,33,31,29,40,24,35,41,37,29,55,29,49,39,33,30,39,22,30,20,24,27,26,33,33,42,36,42,59,59,51,67,71,53,3,4,12,8
CIN,,Sawyer,Stanton,S,BOX_SAFETY,59,25,2001,74,212,Utah,SLOW,56,65,67,62,56,57,60,63,62,60,56,37,36,38,30,38,38,28,24,38,41,29,40,35,31,27,32,44,39,52,36,44,37,25,35,29,32,44,30,35,33,36,32,32,38,34,54,54,73,69,55,49,38,13,14,6,21
CIN,,Kaleb,Jimenez,K,SPECIALIST,76,28,1998,72,196,Central Michigan,SLOW,81,79,83,76,82,82,77,70,82,76,80,51,47,49,40,34,35,33,38,50,34,42,34,39,38,35,41,45,49,32,32,46,42,29,42,41,43,50,31,46,43,35,37,34,44,34,39,34,43,57,29,51,24,79,72,30,33
CIN,,Duke,Snell,P,SPECIALIST,67,31,1995,75,213,North Texas,NORMAL,63,68,65,71,71,59,71,64,70,67,58,41,32,49,38,44,34,44,52,44,37,31,47,40,40,32,47,38,44,39,52,52,42,36,39,39,49,47,43,35,39,41,44,55,45,40,31,41,36,41,51,43,45,41,40,61,73
CIN,,Charles,Montgomery,LS,SPECIALIST,58,25,2001,74,243,Central Michigan,NORMAL,53,57,56,54,58,70,58,64,59,59,63,49,42,47,47,33,37,49,43,38,45,44,44,42,46,29,37,37,43,38,53,36,48,45,29,42,41,39,37,45,38,48,49,46,47,42,38,50,61,37,43,42,40,33,39,30,35
NSH,,Jabari,Hopkins,QB,POCKET_PASSER,78,26,2000,75,215,Indiana,NORMAL,61,75,72,82,82,75,77,82,81,77,69,82,79,84,83,72,77,69,74,64,75,63,37,38,34,24,41,27,38,32,34,32,44,33,28,32,17,27,35,30,21,39,36,28,36,43,31,33,29,26,46,36,29,19,11,18,9
NSH,,Grayson,Mayfield,QB,FIELD_GENERAL,70,25,2001,76,224,East Carolina,NORMAL,54,82,69,68,68,71,71,67,75,75,72,56,72,76,72,70,66,70,78,57,63,64,44,36,34,34,29,42,28,36,41,48,34,41,26,33,34,40,33,44,41,30,34,33,31,39,40,30,33,40,39,29,38,8,8,10,20
NSH,,Jaden,Kelly,QB,DUAL_THREAT,62,21,2005,72,207,Duke,NORMAL,78,80,59,59,60,64,65,58,56,63,63,57,64,64,60,68,58,56,62,77,51,49,27,36,38,37,33,28,35,33,39,24,43,36,39,29,35,38,31,29,34,40,29,32,35,42,34,31,38,33,48,29,24,10,9,15,5
NSH,,Calvin,Lopez,RB,ONE_CUT_ZONE,83,31,1995,70,204,Notre Dame,SLOW,82,91,80,80,87,86,84,85,77,89,82,39,39,36,28,27,43,23,37,34,89,81,79,67,82,34,39,33,92,69,71,42,79,64,35,77,73,78,36,68,37,35,35,31,37,36,40,38,42,29,31,32,43,20,18,6,22
NSH,,Rhett,Mullins,RB,ONE_CUT_ZONE,74,28,1998,74,238,Auburn,NORMAL,69,79,83,68,66,84,88,77,70,68,71,46,28,40,37,33,33,37,18,31,66,81,84,51,73,33,30,30,74,76,60,31,69,68,35,59,62,73,40,67,36,40,36,37,34,35,37,29,42,34,29,22,30,16,8,11,6
NSH,,Mario,Nolan,RB,ELUSIVE,63,30,1996,74,221,LSU,SUPERSTAR,57,59,70,47,55,68,62,65,57,62,61,27,39,42,45,28,36,33,36,30,65,68,72,53,69,38,34,28,60,66,57,33,61,55,34,62,59,61,37,63,32,40,38,36,33,31,28,32,34,38,29,39,33,23,15,13,14
NSH,,Anthony,Hodge,RB,POWER_BACK,57,25,2001,71,211,Virginia,NORMAL,62,62,53,68,60,59,58,55,46,55,53,41,43,37,34,37,34,29,30,41,61,57,67,63,42,31,46,40,59,45,46,28,32,45,37,50,49,58,25,44,30,32,42,36,34,43,40,24,37,37,29,35,42,15,9,9,8
NSH,,Eli,Swain,FB,POWER_BACK,70,26,2000,72,260,Georgia Southern,QUICK,58,75,66,72,73,77,70,68,70,73,68,23,29,41,35,39,43,37,45,29,71,33,86,35,33,35,43,24,32,67,53,42,45,67,44,53,72,35,68,66,40,26,31,29,25,41,29,31,44,30,38,23,38,13,15,5,10
NSH,,Deshaun,Todd,WR,Z_ROUTE_TECH,81,28,1998,69,169,North Texas,NORMAL,77,81,74,74,78,76,77,83,85,78,87,34,31,45,35,27,29,26,36,44,67,37,66,22,62,36,38,39,30,77,74,76,91,87,77,88,68,32,39,39,28,36,32,32,32,35,54,39,33,30,41,36,46,16,13,17,13
NSH,,Sam,Quinn,WR,Z_ROUTE_TECH,82,28,1998,74,203,Missouri,SUPERSTAR,74,76,80,81,77,80,88,84,92,82,82,36,32,37,38,39,39,43,41,34,72,37,78,27,67,23,32,29,34,76,87,81,88,94,78,86,78,35,29,40,41,37,26,48,38,33,35,37,37,26,29,28,39,19,16,23,6
NSH,,Corey,Mercer,WR,YAC_RECEIVER,68,31,1995,74,192,Georgia Southern,SLOW,63,71,72,76,75,61,72,69,60,62,70,40,33,37,40,34,38,27,37,43,63,26,61,35,67,33,33,36,32,70,65,57,75,68,62,64,54,41,28,33,29,28,37,41,36,38,40,29,41,33,31,40,33,22,1,18,7
NSH,,Calvin,Jimenez,WR,DEEP_THREAT,70,24,2002,71,205,Colorado State,NORMAL,83,79,68,60,66,72,70,66,69,73,70,29,36,34,47,35,39,35,33,32,61,38,80,26,56,29,37,34,30,66,61,72,58,63,86,72,49,36,42,35,41,44,35,29,38,35,16,33,32,34,38,34,34,8,20,15,14
NSH,,Duke,Gordon,WR,Z_ROUTE_TECH,63,22,2004,69,177,North Dakota State,NORMAL,56,59,60,57,65,62,57,69,70,60,66,30,26,28,23,42,30,34,40,29,57,40,53,19,65,43,39,34,24,56,63,56,75,70,64,70,56,27,38,47,34,38,29,30,33,29,40,32,35,29,41,30,32,20,15,21,1
NSH,,Brock,Downs,WR,SLOT,58,21,2005,76,215,North Texas,NORMAL,62,60,62,63,45,56,64,63,58,49,59,45,40,40,34,31,33,25,41,30,45,31,45,29,48,31,32,24,39,54,57,55,73,65,43,56,47,25,27,42,32,33,28,32,42,39,29,41,26,36,27,39,35,5,10,1,25
NSH,,Damarcus,Conley,TE,MOVE_TE,75,28,1998,76,260,Florida,NORMAL,85,85,78,64,79,72,74,70,73,75,74,32,35,21,41,31,26,35,47,39,32,25,32,32,44,34,33,19,35,76,78,54,76,75,58,70,80,80,66,68,27,32,66,27,37,31,25,35,42,28,34,39,36,10,7,4,8
NSH,,Corey,Perry,TE,MOVE_TE,74,29,1997,74,241,Florida Atlantic,NORMAL,87,71,72,65,75,73,75,75,67,74,69,25,26,29,36,37,23,33,40,31,32,37,31,37,34,32,36,36,19,73,76,64,73,76,65,64,72,76,80,66,32,37,69,27,40,34,36,41,38,32,34,35,36,20,15,14,12
NSH,,Omar,Joyner,TE,H_BACK,63,28,1998,78,268,Wyoming,NORMAL,56,56,62,59,60,65,64,63,64,60,73,32,29,24,22,36,34,34,29,23,24,32,46,33,26,23,40,36,30,64,61,50,66,66,48,59,70,52,64,61,39,38,38,38,24,35,33,34,30,24,35,31,33,8,12,10,12
NSH,,Elijah,Woodson,LT,ZONE_BLOCKER,84,26,2000,79,310,Central Michigan,QUICK,86,93,94,78,84,92,86,81,90,85,79,32,40,33,31,32,41,40,30,32,36,40,28,37,32,36,32,20,40,26,39,35,37,25,37,36,77,86,28,38,71,96,89,77,29,39,38,34,32,25,35,35,45,1,10,11,6
NSH,,Keenan,Shepherd,LT,ATHLETIC_PULLING,68,25,2001,76,292,Florida State,NORMAL,78,79,77,63,61,75,70,72,73,66,67,32,36,39,36,35,41,24,52,31,29,37,36,36,33,31,42,36,33,30,22,32,35,39,37,40,70,67,47,36,65,73,62,68,47,34,38,25,28,41,33,35,43,16,3,10,7
NSH,,Caleb,Dalton,LG,POWER_MAULER,76,31,1995,78,339,Indiana,QUICK,79,68,66,82,81,75,73,83,65,74,76,35,42,33,39,41,27,37,33,25,35,41,42,37,40,44,40,32,33,31,33,28,37,37,33,25,76,74,78,46,94,66,78,68,32,37,28,36,33,35,41,34,23,2,7,5,7
NSH,,Jabari,Callahan,LG,PASS_PROTECTOR,64,26,2000,77,319,TCU,NORMAL,66,62,64,60,65,58,69,61,70,63,65,35,38,40,38,20,38,36,41,40,40,30,29,39,19,42,42,20,33,32,29,38,36,42,35,40,58,78,51,32,59,63,63,57,38,26,28,28,33,41,42,39,39,14,6,19,7
NSH,,Nash,Curtis,C,PASS_PROTECTOR,73,24,2002,75,301,Pittsburgh,SLOW,74,73,72,74,68,70,67,72,76,73,73,36,33,43,31,29,27,34,25,41,40,33,34,36,22,37,33,33,27,32,32,38,38,32,37,27,70,82,64,29,63,69,76,86,32,32,17,38,25,44,30,39,37,21,12,8,17
NSH,,Curtis,Page,RG,PASS_PROTECTOR,77,30,1996,75,321,Florida,NORMAL,79,70,75,80,78,77,75,78,77,77,76,37,31,32,38,38,26,29,41,29,32,32,37,43,33,22,36,36,39,37,35,39,36,40,36,41,76,90,61,35,56,72,84,85,31,41,33,35,37,32,26,31,39,9,2,1,23
NSH,,Bo,Newton,RG,POWER_MAULER,65,22,2004,78,326,Rice,QUICK,64,51,46,66,65,66,70,67,64,67,64,29,34,34,28,36,35,43,47,29,46,29,32,25,32,38,26,28,29,36,35,23,33,33,34,41,65,63,72,34,79,55,63,56,40,45,37,46,41,24,35,40,38,3,17,14,19
NSH,,Jared,Leach,RT,ATHLETIC_PULLING,76,21,2005,77,315,James Madison,QUICK,83,85,91,76,85,69,78,66,70,83,82,36,39,39,26,40,38,35,34,30,35,32,36,32,39,33,30,33,36,25,29,30,38,35,24,33,74,79,40,38,73,75,76,70,47,42,25,41,41,35,33,44,42,14,2,17,12
NSH,,Nash,Parker,RT,POWER_MAULER,69,26,2000,80,319,Western Michigan,NORMAL,66,68,58,67,66,74,72,71,61,72,70,46,36,33,33,28,31,28,33,27,32,29,25,42,37,25,41,38,36,34,24,30,29,40,23,39,78,72,39,31,83,61,71,65,21,35,39,35,38,30,32,28,37,7,9,10,18
NSH,,Joshua,Snyder,EDGE,SPEED_RUSHER,87,23,2003,74,233,Nebraska,NORMAL,96,93,88,73,76,85,83,73,84,80,93,30,34,32,47,27,34,43,28,28,34,39,38,40,39,32,40,37,39,29,30,24,33,35,34,33,35,33,39,39,34,47,37,47,85,96,80,91,79,68,72,71,45,4,16,16,1
NSH,,Darren,Lamb,EDGE,POWER_RUSHER,80,24,2002,78,269,Kansas,NORMAL,74,83,65,88,84,89,81,73,82,82,85,31,30,38,37,37,35,20,32,33,42,31,33,27,29,28,35,37,34,33,18,35,37,32,36,29,23,33,39,35,36,32,31,27,89,69,84,85,78,65,72,71,44,9,11,15,9
NSH,,Sterling,Barrett,EDGE,COVERAGE_OLB,68,33,1993,74,233,SMU,NORMAL,75,68,66,62,61,61,70,66,62,65,74,39,31,28,41,31,24,37,36,34,38,30,22,29,37,29,34,31,28,30,29,39,25,43,30,39,30,31,35,35,40,35,41,42,67,68,71,75,63,58,65,70,31,23,10,13,20
NSH,,Alec,Rowe,EDGE,COVERAGE_OLB,64,25,2001,78,262,Rutgers,NORMAL,82,59,57,62,63,65,67,76,67,64,65,29,28,34,33,27,39,37,32,35,36,37,38,29,38,34,37,33,35,47,35,43,44,31,27,45,25,29,31,25,29,32,33,39,55,63,67,65,63,62,53,67,39,8,15,24,10
NSH,,Vincent,Holloway,EDGE,COVERAGE_OLB,56,23,2003,74,240,Tulsa,NORMAL,66,57,55,53,60,54,59,59,59,55,60,28,25,27,32,49,27,27,42,26,30,45,34,40,27,31,30,19,37,30,40,29,33,29,24,27,29,36,27,37,36,42,39,34,44,57,57,65,59,32,63,73,32,12,24,7,11
NSH,,Kade,Douglas,DT,NOSE_1TECH,89,25,2001,75,310,California,QUICK,78,81,87,96,84,79,88,94,88,87,84,30,24,23,36,46,33,33,35,47,28,35,41,29,37,27,27,27,31,33,41,36,35,32,40,41,31,44,26,25,33,32,36,22,89,80,95,78,92,77,34,34,34,18,6,11,2
NSH,,Darnell,Banks,DT,TWO_GAP_5TECH,76,27,1999,76,315,Georgia,NORMAL,79,63,87,83,86,79,76,72,74,79,72,36,30,34,36,22,31,38,38,31,37,46,38,47,21,32,20,28,35,38,43,32,30,36,20,43,38,40,36,30,25,27,21,37,68,59,87,75,80,65,24,38,37,22,1,2,14
NSH,,Jamal,Lyons,DT,PENETRATOR_3TECH,64,21,2005,76,326,Miami,NORMAL,66,76,65,57,65,53,57,56,64,63,54,39,33,41,28,23,31,35,30,41,26,23,31,36,33,37,39,40,19,33,40,33,41,31,36,27,35,26,44,34,31,41,39,43,70,70,58,66,65,57,42,21,15,5,11,1,17
NSH,,Tanner,Long,DT,TWO_GAP_5TECH,59,27,1999,78,339,Ohio State,NORMAL,59,38,50,72,63,56,63,63,63,60,59,43,32,24,29,45,34,30,25,33,45,27,25,30,36,40,36,36,46,29,37,25,40,33,44,41,35,40,13,31,28,43,47,33,51,49,62,66,58,56,46,26,33,18,16,6,4
NSH,,Gerald,Baxter,LB,FIELD_GENERAL_MLB,81,25,2001,75,233,Wisconsin,QUICK,68,71,92,80,83,87,82,82,90,93,87,45,35,35,18,33,31,24,31,39,25,33,37,38,48,32,33,34,27,21,42,28,30,35,36,21,39,34,46,28,22,41,33,35,77,66,83,74,80,79,72,87,61,13,17,6,6
NSH,,Kobe,Lambert,LB,BLITZING_LB,75,23,2003,73,232,Minnesota,QUICK,67,85,72,69,74,79,67,69,80,75,79,35,33,30,38,43,33,33,28,42,44,31,29,26,41,40,39,40,33,43,32,36,39,39,43,29,32,39,40,26,36,38,28,37,75,72,70,88,76,76,67,63,63,14,12,14,14
NSH,,Bryce,Roman,LB,THUMPER,76,22,2004,74,241,Colorado,NORMAL,72,72,78,89,71,73,75,82,77,71,68,38,33,28,42,27,33,34,35,40,32,35,38,26,30,35,34,29,26,28,33,27,31,21,43,35,32,27,49,28,43,34,39,33,53,73,79,72,92,87,61,69,60,9,10,18,17
NSH,,Antoine,Bishop,LB,BLITZING_LB,63,22,2004,73,229,James Madison,QUICK,65,70,70,62,58,60,54,64,67,67,63,40,39,41,26,26,34,49,30,14,25,35,37,33,26,34,33,33,24,19,39,35,25,13,27,34,35,38,37,32,32,30,26,26,65,55,62,69,58,62,56,59,58,8,3,17,10
NSH,,Jacoby,Cruz,LB,BLITZING_LB,57,23,2003,72,227,Ohio,NORMAL,53,67,62,56,55,55,54,56,56,58,66,40,32,46,28,40,36,41,37,29,35,39,35,36,36,39,48,48,38,38,33,28,28,32,35,32,41,41,33,34,38,34,29,33,53,52,52,67,58,58,46,51,46,7,13,8,14
NSH,,Silas,Burton,LB,BLITZING_LB,50,24,2002,73,230,Villanova,QUICK,47,61,52,58,46,46,47,52,53,53,43,28,35,24,49,35,27,32,30,39,36,32,28,44,34,34,29,38,48,35,28,35,42,33,38,35,51,33,30,35,53,31,37,27,49,52,49,55,55,43,40,36,33,1,15,20,12
NSH,,Solomon,Love,CB,SLOT_CB,86,25,2001,74,217,Notre Dame,NORMAL,82,96,99,93,79,81,97,92,84,87,88,41,28,36,45,27,33,41,32,31,26,35,34,29,42,37,32,25,40,82,35,77,36,40,25,20,28,39,34,37,36,36,36,33,32,31,37,80,98,75,85,83,74,1,25,4,7
NSH,,Drew,Duncan,CB,MAN_PRESS,82,28,1998,72,197,Ohio State,SLOW,92,84,72,92,76,86,83,81,81,66,86,35,29,32,31,35,38,27,38,32,25,28,40,29,36,33,35,26,38,75,38,66,35,25,47,19,41,21,27,37,29,29,44,31,35,25,40,58,79,75,96,67,86,20,20,14,11
NSH,,Silas,Rankin,CB,ZONE_CB,67,22,2004,73,210,Louisiana,SLOW,62,69,65,65,64,69,67,71,77,81,73,28,34,35,19,30,30,49,38,31,41,38,28,38,32,32,49,28,45,71,25,52,30,40,37,43,28,37,42,38,29,33,36,48,37,18,34,54,69,57,60,80,58,9,6,10,14
NSH,,Trace,Clark,CB,BALLHAWK,67,21,2005,72,194,Ohio State,QUICK,66,73,63,59,79,68,64,70,73,66,74,37,27,31,39,34,31,33,25,31,42,27,37,32,29,35,25,35,40,78,35,57,21,34,39,43,31,44,34,46,25,42,35,25,46,42,34,55,56,65,62,72,63,2,23,4,5
NSH,,Corey,Padgett,CB,SLOT_CB,60,21,2005,73,188,Michigan State,X_FACTOR,54,69,75,64,48,60,65,60,63,58,65,31,19,41,33,36,31,33,40,28,28,35,26,29,35,23,31,27,32,52,38,41,33,41,38,35,33,33,32,23,38,28,29,34,43,25,38,47,58,48,62,61,47,10,10,16,8
NSH,,Maxwell,Banks,S,FREE_SAFETY,78,26,2000,73,207,Texas,NORMAL,81,78,75,79,78,72,72,72,72,77,73,27,32,24,36,40,31,30,35,43,35,38,30,38,39,34,29,29,32,84,29,60,40,34,34,30,42,28,37,30,34,36,25,34,43,27,75,83,73,61,72,89,82,7,12,1,9
NSH,,Colin,Knox,S,FREE_SAFETY,75,26,2000,73,210,Texas A&M,X_FACTOR,88,70,73,80,74,73,73,82,73,82,77,31,36,28,37,29,36,34,38,37,35,26,34,33,42,31,42,39,39,69,40,66,28,35,42,26,39,31,37,40,27,39,44,41,31,39,58,73,69,56,68,83,60,3,20,23,1
NSH,,Gabriel,Duncan,S,BOX_SAFETY,62,25,2001,75,211,Memphis,NORMAL,55,62,60,62,63,60,56,66,68,71,57,29,31,41,36,35,27,37,48,31,36,48,23,29,26,35,36,41,34,58,53,35,39,36,31,42,37,34,25,42,25,28,31,41,32,35,56,65,67,70,48,56,49,11,24,8,4
NSH,,Eli,Berry,S,HYBRID_NICKEL,54,25,2001,75,211,Penn State,SUPERSTAR,53,53,65,51,59,51,53,56,55,47,59,33,45,38,38,29,37,27,19,37,33,34,31,44,35,43,44,47,27,56,39,42,47,37,30,37,31,29,28,30,41,35,41,38,41,33,45,55,44,53,70,58,48,8,2,16,24
NSH,,Trace,Curry,K,SPECIALIST,78,28,1998,70,189,Southern Illinois,QUICK,82,82,79,81,80,79,77,80,83,83,77,48,43,49,41,44,49,46,35,40,35,45,33,49,41,43,40,41,41,37,35,52,51,42,46,40,39,42,39,30,48,39,44,35,40,46,42,45,36,29,29,39,38,73,81,32,28
NSH,,Trent,Riggs,P,SPECIALIST,79,22,2004,73,203,Kansas State,NORMAL,74,71,78,78,79,89,81,78,83,80,82,32,31,41,45,46,41,41,35,47,50,44,44,46,38,48,41,44,35,38,52,44,42,39,40,43,35,49,42,44,45,48,51,44,41,47,48,37,46,41,40,46,39,25,42,83,74
NSH,,Shane,Hart,LS,SPECIALIST,58,27,1999,75,251,SMU,SLOW,50,58,57,57,58,59,60,61,59,57,60,48,51,34,50,49,45,41,39,38,47,43,42,37,32,38,44,42,26,44,48,33,44,45,49,38,38,45,51,54,50,51,43,43,34,47,37,57,57,35,44,40,30,28,43,40,34
JAX,,Payton,Humphrey,QB,POCKET_PASSER,83,25,2001,76,216,Kent State,SLOW,69,80,83,82,83,78,88,91,86,81,82,93,83,87,80,80,83,87,82,69,79,76,34,36,29,36,28,31,32,21,34,38,28,27,39,19,36,37,28,42,44,24,35,26,41,25,37,42,36,20,31,25,32,14,13,18,4
JAX,,Barrett,Vance,QB,POCKET_PASSER,73,28,1998,78,236,Colorado,QUICK,64,76,78,76,73,71,69,76,82,68,73,73,71,79,78,67,73,68,69,57,54,61,41,45,44,30,29,33,25,28,30,27,40,41,38,32,30,30,40,23,35,31,31,42,32,32,40,26,31,32,31,27,35,18,18,17,11
JAX,,Kendrick,Kelly,QB,FIELD_GENERAL,58,21,2005,75,225,Maryland,QUICK,51,54,58,52,54,62,59,56,68,67,59,47,64,53,54,59,58,55,51,51,49,43,32,37,39,37,55,31,41,33,40,35,36,33,35,40,35,36,35,41,39,37,35,37,36,36,37,27,24,40,41,36,31,14,7,22,12
JAX,,Zion,Dennis,RB,ONE_CUT_ZONE,84,28,1998,71,219,Utah State,NORMAL,77,93,89,85,84,83,78,85,84,90,79,41,35,28,33,30,31,37,40,38,78,75,89,69,82,37,36,34,93,86,73,28,77,73,40,72,73,75,39,68,49,34,30,25,44,34,29,27,39,28,32,36,32,20,5,22,7
JAX,,Omar,Hoyt,RB,ONE_CUT_ZONE,75,26,2000,74,242,North Carolina A&T,NORMAL,71,89,79,72,79,75,81,79,73,76,73,38,21,45,35,57,36,38,30,33,75,75,74,61,70,29,34,31,76,76,57,42,63,70,33,64,71,73,35,60,28,39,22,38,35,37,35,41,37,32,19,33,28,13,1,8,9
JAX,,Grady,Watkins,RB,RECEIVING_BACK,62,21,2005,68,198,Kansas State,NORMAL,63,61,60,71,58,60,65,67,64,63,66,33,36,35,42,30,24,33,35,36,56,63,62,51,63,34,46,36,67,67,53,42,73,56,34,57,53,71,34,44,39,41,26,25,28,25,36,35,34,33,36,20,32,16,17,5,11
JAX,,Kai,Arnold,RB,ELUSIVE,58,22,2004,68,191,Iowa,NORMAL,60,59,65,50,65,57,65,57,49,59,56,37,34,32,29,27,38,34,35,38,59,56,52,41,71,31,33,37,61,46,53,30,53,61,34,49,44,56,46,37,41,37,37,38,39,23,35,49,35,41,27,40,32,6,25,10,15
JAX,,Patrick,Woodson,FB,POWER_BACK,70,24,2002,73,253,Kentucky,SLOW,62,68,70,72,65,65,70,78,66,61,67,36,41,41,34,37,26,29,24,38,70,28,77,31,38,38,49,41,31,64,69,34,56,47,30,61,68,35,72,71,34,39,31,33,34,46,28,26,24,25,21,34,35,13,20,16,13
JAX,,Kendrick,Maxwell,WR,Z_ROUTE_TECH,83,32,1994,76,210,Ole Miss,NORMAL,82,82,76,72,80,84,77,87,89,78,81,37,30,28,37,43,35,44,29,37,66,29,72,30,61,35,31,39,24,71,84,84,86,89,93,92,65,50,29,30,41,35,32,35,34,33,35,43,34,26,41,31,33,8,16,10,13
JAX,,Lucas,Stevens,WR,SLOT,82,24,2002,71,198,Marshall,SLOW,75,80,98,83,82,87,79,81,86,76,84,22,35,39,33,38,37,31,30,36,72,25,58,33,75,41,33,44,28,78,81,84,98,81,68,89,60,27,36,28,43,41,42,35,37,32,30,39,42,43,43,31,31,17,15,8,8
JAX,,Jacoby,Green,WR,YAC_RECEIVER,75,22,2004,75,200,Rice,QUICK,70,89,82,75,79,60,78,71,73,67,78,27,32,33,34,38,27,41,39,30,66,35,76,30,78,39,33,31,43,76,80,69,77,67,65,76,72,23,39,30,39,40,27,32,38,41,37,30,28,36,39,26,43,21,8,17,16
JAX,,Nico,Atkins,WR,DEEP_THREAT,66,27,1999,76,210,Villanova,NORMAL,75,70,58,62,66,65,61,67,61,62,69,28,41,40,30,27,34,35,43,33,47,22,39,31,67,38,33,24,33,61,58,63,60,67,77,66,57,32,36,35,29,33,33,38,30,36,22,41,45,37,33,37,28,12,12,24,9
JAX,,Colby,Zamora,WR,X_CONTESTED,64,25,2001,76,209,Kansas State,QUICK,54,59,63,64,72,64,67,63,60,69,62,49,33,36,44,35,23,32,33,29,55,35,50,42,52,30,22,36,32,58,86,70,58,69,63,72,47,36,26,37,35,41,35,27,30,25,37,33,29,36,34,31,39,3,5,4,3
JAX,,Jordan,Ryan,WR,DEEP_THREAT,58,25,2001,71,185,Colorado State,NORMAL,68,69,54,55,54,68,50,58,55,58,50,36,26,30,29,34,39,36,38,47,42,35,62,35,47,41,35,29,36,54,46,63,46,62,68,57,51,21,20,40,25,29,28,35,29,34,28,34,29,36,29,32,35,19,6,19,15
JAX,,Tate,Parks,TE,H_BACK,87,24,2002,78,268,Kentucky,NORMAL,86,84,85,81,88,80,88,89,88,83,87,30,30,31,43,34,36,45,43,31,13,43,29,23,44,33,36,34,30,87,85,80,86,90,72,74,89,88,94,96,37,39,68,38,23,35,31,33,31,42,45,37,33,20,11,1,14
JAX,,Corey,Crawford,TE,H_BACK,75,23,2003,78,267,Ohio State,NORMAL,65,69,70,77,76,72,77,73,81,76,72,36,40,35,40,32,30,40,38,35,33,36,36,34,36,36,36,41,44,82,69,65,81,70,54,63,70,72,76,80,33,30,62,38,20,35,34,37,36,34,39,32,26,13,19,3,14
JAX,,Isaiah,Lyons,TE,H_BACK,60,22,2004,75,236,Hawaii,NORMAL,47,59,63,58,59,60,70,59,61,55,54,31,20,29,38,42,30,32,43,29,43,39,25,35,38,31,35,27,22,65,54,50,60,57,31,57,67,56,67,69,48,44,49,30,26,34,40,32,42,49,34,35,38,7,12,13,13
JAX,,Gabriel,Skinner,LT,ATHLETIC_PULLING,82,26,2000,76,321,East Carolina,NORMAL,90,82,84,76,72,84,84,79,86,88,84,41,38,29,32,42,16,28,33,40,33,31,27,30,41,34,39,33,29,27,44,29,43,27,32,37,79,82,29,18,81,81,82,88,27,42,35,33,31,29,37,41,26,18,19,9,6
JAX,,Spencer,Barrett,LT,ZONE_BLOCKER,66,22,2004,78,303,Tulsa,NORMAL,59,73,75,56,70,73,63,67,73,66,71,28,21,27,30,34,34,24,47,31,35,37,36,29,41,34,30,30,36,35,26,34,48,35,32,32,65,65,44,37,54,72,61,74,40,37,35,42,43,39,31,38,36,11,18,18,20
JAX,,Easton,Harrell,LG,PASS_PROTECTOR,81,30,1996,77,320,Utah,SUPERSTAR,90,82,79,79,75,78,74,85,86,74,80,35,36,36,37,40,25,37,34,19,46,33,31,21,41,29,27,30,35,34,35,32,28,40,31,27,80,86,83,30,71,74,85,81,37,20,32,38,32,28,37,39,37,8,17,6,17
JAX,,Jaden,Porter,LG,PASS_PROTECTOR,65,31,1995,75,306,Virginia,NORMAL,58,77,64,64,61,72,58,63,64,62,58,37,39,28,33,41,33,29,31,36,24,34,38,33,29,29,37,42,43,33,29,43,35,35,37,33,61,77,54,35,57,55,78,70,38,38,23,39,25,28,37,37,32,20,16,24,17
JAX,,Raymond,Davidson,C,ATHLETIC_PULLING,82,23,2003,76,310,Memphis,NORMAL,87,90,95,78,83,78,76,78,85,78,87,28,33,26,28,45,41,37,39,28,27,28,20,36,35,40,46,32,31,41,34,32,23,26,29,33,77,83,82,17,82,88,86,72,30,38,38,20,37,39,30,35,37,3,16,12,12
JAX,,Shawn,King,RG,ATHLETIC_PULLING,80,29,1997,77,317,Iowa,SUPERSTAR,86,91,82,86,76,83,78,77,80,84,80,32,34,27,33,35,29,29,35,28,39,31,29,37,37,33,31,25,38,41,35,38,42,37,36,26,80,74,92,43,74,83,78,67,34,40,26,34,30,36,30,24,30,15,9,13,11
JAX,,Darius,Jefferson,RG,ZONE_BLOCKER,67,26,2000,75,318,Nevada,QUICK,63,78,85,57,66,65,66,65,76,65,68,32,36,30,25,25,26,41,36,32,37,42,35,28,36,43,28,40,31,35,29,45,44,22,31,31,61,66,75,41,59,85,69,58,39,33,25,29,30,31,32,34,37,12,2,17,12
JAX,,Hendrix,Finley,RT,POWER_MAULER,81,29,1997,79,319,Brigham Young,SLOW,81,73,74,89,84,85,81,78,75,74,78,38,26,46,30,27,38,36,38,30,31,39,33,42,30,39,32,23,41,44,40,35,26,29,45,30,79,82,43,34,98,77,76,78,47,43,22,42,15,34,29,39,34,3,3,23,14
JAX,,Zane,Avery,RT,PASS_PROTECTOR,66,30,1996,77,307,Missouri,NORMAL,69,72,54,71,66,66,72,60,65,71,66,27,40,25,25,25,25,32,35,43,34,25,39,44,40,24,45,18,38,34,46,29,35,42,36,40,58,76,31,37,55,64,67,70,42,30,30,37,29,34,42,29,25,10,13,8,1
JAX,,Darnell,McCall,EDGE,RUN_STOPPING_EDGE,88,25,2001,77,263,Arizona State,NORMAL,83,84,93,93,88,90,86,85,95,99,92,32,28,37,30,19,25,50,33,31,24,30,27,28,32,38,34,41,38,33,35,49,37,37,42,29,37,38,37,27,36,32,43,29,84,76,93,91,99,81,72,72,34,20,15,18,5
JAX,,Colby,Case,EDGE,COVERAGE_OLB,74,29,1997,79,283,Toledo,NORMAL,80,77,81,62,65,71,77,78,75,72,72,41,31,37,46,30,33,34,28,35,36,28,29,45,27,34,29,31,43,43,32,27,29,39,40,41,36,31,29,37,37,37,40,32,65,74,81,76,78,68,72,76,34,12,16,14,9
JAX,,Craig,Guerrero,EDGE,POWER_RUSHER,65,27,1999,79,283,Louisiana,NORMAL,52,67,67,65,64,59,67,80,65,70,64,44,29,38,31,41,36,30,45,29,39,38,33,39,36,23,41,22,30,23,29,27,29,29,26,26,32,37,44,41,33,34,35,36,74,55,73,63,66,57,55,55,37,1,13,17,19
JAX,,Cameron,Foster,EDGE,COVERAGE_OLB,63,27,1999,76,255,Maryland,SUPERSTAR,75,63,58,71,61,67,64,62,65,59,57,36,36,32,28,37,34,39,33,35,36,32,40,39,36,32,33,29,34,40,30,29,21,27,30,29,24,29,32,33,36,24,34,27,49,60,65,72,59,52,61,68,36,13,21,20,11
JAX,,Jameson,Sargent,EDGE,POWER_RUSHER,62,23,2003,75,248,Liberty,NORMAL,53,59,56,79,59,61,65,71,57,57,57,33,42,35,46,41,28,34,25,44,35,30,31,38,40,37,26,32,35,37,28,26,32,29,33,36,40,30,40,32,36,31,41,30,85,50,64,61,53,62,45,43,36,2,5,12,7
JAX,,Marquise,Walton,DT,INTERIOR_RUSHER,79,34,1992,77,328,Cincinnati,NORMAL,84,88,78,77,79,83,76,72,76,80,78,24,43,36,42,40,35,33,37,32,25,35,33,26,36,37,25,35,37,41,29,36,30,45,34,35,35,17,36,29,39,41,39,44,83,83,76,79,74,67,36,30,39,12,8,8,7
JAX,,Demarco,Eaton,DT,NOSE_1TECH,74,24,2002,74,302,Iowa State,QUICK,63,62,81,87,76,72,72,76,69,77,81,23,33,34,42,38,36,32,38,29,45,33,36,30,37,36,31,40,36,36,35,43,35,24,30,40,30,29,47,23,37,30,30,41,66,64,80,61,80,54,38,43,32,30,19,14,16
JAX,,Sawyer,Davidson,DT,PENETRATOR_3TECH,63,26,2000,73,292,New Mexico,NORMAL,58,69,57,55,66,53,55,62,67,59,59,33,28,31,28,29,29,21,18,35,35,39,32,32,40,37,35,27,32,43,28,35,47,35,23,25,44,27,32,24,32,23,35,32,68,78,56,68,64,50,37,31,38,15,17,12,23
JAX,,Joel,Pearson,DT,PENETRATOR_3TECH,63,21,2005,75,310,Virginia Tech,QUICK,59,74,58,56,65,58,66,59,68,71,62,32,33,31,30,34,33,30,37,41,33,28,26,41,34,23,40,20,27,40,36,38,35,37,36,31,38,36,37,26,38,40,28,31,58,72,55,66,70,61,27,36,26,20,8,9,11
JAX,,Jabari,Conley,LB,THUMPER,79,23,2003,75,246,Missouri,QUICK,76,85,88,92,80,75,81,90,78,73,81,50,38,39,27,37,22,33,39,34,33,30,38,33,39,36,25,32,33,43,36,37,28,37,38,31,34,36,37,36,37,28,27,36,66,55,92,79,95,89,65,62,71,9,15,21,19
JAX,,Kaleb,Webster,LB,THUMPER,79,25,2001,75,242,Wake Forest,QUICK,67,86,79,91,83,76,78,84,83,79,79,33,34,27,37,33,35,31,30,44,31,25,34,32,39,32,32,30,35,28,36,28,47,42,38,33,35,36,40,32,22,39,36,36,62,67,86,81,91,94,65,62,64,6,10,11,17
JAX,,Riley,Malone,LB,BLITZING_LB,73,21,2005,75,241,New Mexico,QUICK,69,80,69,73,73,68,74,68,74,76,71,30,39,34,33,37,25,30,32,41,34,29,27,38,29,34,28,29,25,31,19,34,58,35,33,40,39,33,21,39,33,25,29,30,71,71,72,84,76,74,62,58,61,16,7,6,11
JAX,,Maurice,Hines,LB,BLITZING_LB,62,24,2002,75,244,Nebraska,QUICK,66,68,59,64,70,61,64,61,70,58,67,39,36,30,39,29,41,45,43,27,36,34,39,34,38,38,40,34,30,35,30,40,34,31,33,46,35,35,35,35,34,32,38,33,67,54,60,66,67,55,52,55,46,12,12,15,23
JAX,,Jalen,Wyatt,LB,THUMPER,56,22,2004,72,218,Houston,NORMAL,51,53,52,70,58,57,54,55,54,55,52,41,39,48,25,39,27,28,44,33,35,28,29,25,23,28,35,33,27,32,24,33,30,33,41,38,28,36,28,31,32,38,31,33,48,39,66,55,64,69,45,50,54,9,14,19,6
JAX,,Jeremiah,Lloyd,LB,FIELD_GENERAL_MLB,49,21,2005,72,213,Texas Tech,SUPERSTAR,34,47,56,48,52,51,57,47,50,63,39,31,35,32,35,29,34,25,37,37,46,42,42,29,31,26,51,31,33,37,35,36,26,30,31,29,38,27,33,26,31,33,34,27,25,28,41,60,59,35,43,40,47,10,11,11,7
JAX,,Connor,Richards,CB,BALLHAWK,85,27,1999,70,186,Central Florida,NORMAL,87,84,83,83,89,88,87,81,92,94,86,44,33,35,32,37,49,38,37,37,36,26,33,31,31,34,36,28,35,92,38,65,32,35,27,32,33,38,35,45,44,28,23,27,42,45,24,72,70,73,75,93,82,8,2,15,10
JAX,,Duke,Nelson,CB,ZONE_CB,77,34,1992,73,195,Wyoming,NORMAL,80,70,70,84,77,85,77,75,94,94,81,26,30,33,32,28,34,30,41,28,29,47,29,41,37,34,28,37,21,76,40,75,35,31,31,36,36,25,41,45,28,28,39,27,25,38,28,70,77,63,66,94,67,15,12,17,23
JAX,,Jalen,Buckley,CB,ZONE_CB,74,25,2001,70,185,Penn State,NORMAL,76,72,76,67,74,79,81,75,78,87,78,30,39,34,33,49,37,34,42,38,30,34,39,37,43,38,40,29,35,74,25,76,42,35,34,29,25,30,17,37,34,34,45,38,34,38,32,67,71,68,63,83,66,6,1,22,13
JAX,,Sebastian,Potter,CB,BALLHAWK,71,30,1996,72,200,Indiana,NORMAL,64,65,67,79,79,70,71,72,66,77,79,27,36,27,51,25,36,39,38,26,37,20,32,39,24,45,24,34,34,88,28,54,28,32,47,36,36,36,32,36,39,35,30,42,28,43,32,52,64,64,69,79,64,2,11,8,13
JAX,,Jamal,Burgess,CB,ZONE_CB,61,21,2005,74,212,Miami,NORMAL,68,54,60,64,65,60,57,66,68,65,53,29,25,30,31,36,30,26,31,36,31,31,43,41,18,35,29,31,47,56,38,50,40,42,31,28,34,40,45,34,34,41,28,23,34,31,35,45,57,46,49,76,57,15,16,16,14
JAX,,Warren,Webb,S,BOX_SAFETY,75,24,2002,70,183,Arizona State,SLOW,65,76,77,70,77,78,86,83,82,80,76,23,37,27,37,42,49,39,37,41,34,24,35,34,33,32,48,35,28,74,28,57,26,34,26,38,38,33,32,29,41,35,22,30,30,23,76,77,83,91,64,65,60,9,20,9,9
JAX,,Zachary,Carson,S,HYBRID_NICKEL,71,23,2003,71,208,Florida State,SLOW,76,70,81,62,73,66,77,71,65,74,67,27,29,36,32,39,34,35,35,41,36,24,35,48,36,36,43,38,23,65,30,61,36,27,32,37,37,32,34,37,26,33,42,35,33,44,67,81,59,61,74,73,61,13,13,22,11
JAX,,Silas,Banks,S,FREE_SAFETY,65,27,1999,71,203,Texas State,NORMAL,70,61,64,61,71,70,68,64,64,66,62,40,29,44,38,35,38,22,30,31,39,35,32,39,42,42,27,36,27,65,32,55,28,15,46,32,31,29,37,30,28,28,28,33,36,34,53,67,59,57,59,75,50,11,8,13,12
JAX,,Orlando,Walton,S,BOX_SAFETY,63,23,2003,74,225,Troy,NORMAL,58,64,58,61,61,61,59,67,62,70,63,32,40,28,31,40,31,31,34,36,37,35,27,28,40,40,39,29,37,60,32,54,38,34,39,29,24,32,39,33,37,40,24,27,26,37,62,64,71,77,55,52,41,7,11,15,9
JAX,,Bo,Peck,K,SPECIALIST,75,25,2001,73,201,Montana,NORMAL,74,76,70,68,77,78,76,73,77,75,75,53,38,55,34,33,42,39,48,37,37,45,32,45,44,40,38,41,44,49,37,44,36,38,33,45,49,48,46,37,55,40,50,42,39,36,30,37,39,42,48,37,47,74,76,37,32
JAX,,Deshaun,Reed,P,SPECIALIST,73,26,2000,73,198,Montana,NORMAL,69,75,72,75,78,72,70,67,78,72,74,43,39,35,36,49,46,43,42,27,42,33,45,31,41,52,43,39,43,41,45,39,49,46,45,49,42,45,44,53,50,48,35,38,45,56,37,42,45,38,34,41,40,34,33,75,71
JAX,,Ian,Stuart,LS,SPECIALIST,66,22,2004,77,258,Iowa State,SLOW,62,65,72,67,70,65,68,68,66,66,70,40,39,47,45,39,39,48,39,42,39,45,36,35,43,39,34,35,47,46,49,43,48,38,53,38,37,46,48,37,48,46,40,38,41,33,49,42,65,41,31,46,50,31,25,38,32
HOU,,Austin,Thornton,QB,DUAL_THREAT,85,27,1999,72,195,South Dakota State,QUICK,96,92,77,83,79,78,92,83,87,85,84,97,86,71,82,87,79,87,84,98,88,71,35,32,26,31,41,38,28,35,28,41,35,28,41,40,41,32,36,24,40,42,27,34,24,27,33,42,31,32,28,34,23,6,8,12,6
HOU,,Isaac,Peters,QB,FIELD_GENERAL,66,26,2000,74,208,Utah,NORMAL,50,68,63,65,62,64,59,58,66,68,65,64,73,62,66,62,67,66,76,56,60,49,44,26,29,28,27,24,28,35,27,31,37,29,36,23,27,30,41,32,39,34,35,32,36,32,41,13,20,35,29,34,30,16,14,5,10
HOU,,Jamal,Morris,QB,IMPROVISER,58,25,2001,76,232,Rutgers,NORMAL,62,53,47,58,54,53,60,62,54,60,67,54,58,56,54,72,61,66,54,57,48,48,33,30,37,32,32,36,36,33,31,43,29,43,33,42,29,33,34,33,33,22,30,30,31,42,34,37,40,29,25,21,41,6,15,7,17
HOU,,Keenan,Sparks,RB,ELUSIVE,82,26,2000,69,198,Memphis,SUPERSTAR,85,82,87,79,81,86,86,76,74,79,83,26,34,35,30,39,30,34,28,39,76,80,79,75,84,32,29,28,85,82,70,33,73,67,40,67,72,80,23,66,40,39,27,36,19,40,27,42,39,32,34,32,34,3,11,11,12
HOU,,Xavier,Wolfe,RB,RECEIVING_BACK,78,29,1997,71,224,San Jose State,NORMAL,75,75,77,80,79,67,75,73,80,77,73,24,39,34,34,23,35,30,34,38,69,79,77,69,76,30,33,43,83,99,67,37,73,74,28,60,64,90,33,76,27,39,42,36,36,37,36,33,39,35,35,29,27,18,12,13,11
HOU,,Dominic,Wells,RB,WORKHORSE,68,29,1997,71,211,Florida,NORMAL,56,69,70,71,56,84,69,68,70,74,71,29,44,38,25,31,27,33,36,44,68,75,75,68,67,37,47,38,69,68,61,29,56,61,35,62,44,69,36,65,34,32,43,29,21,34,26,36,41,25,35,33,33,9,11,21,18
HOU,,Eli,Nelson,RB,WORKHORSE,58,22,2004,73,224,Syracuse,NORMAL,46,63,50,63,67,66,62,52,60,55,48,36,35,34,34,28,28,29,35,32,69,65,65,59,57,34,34,39,54,65,49,30,48,52,41,45,50,59,34,51,36,36,34,37,31,44,34,41,32,31,35,24,37,15,10,18,18
HOU,,Noah,Hopkins,FB,RECEIVING_BACK,72,27,1999,72,247,Baylor,SUPERSTAR,79,77,70,70,74,71,71,69,67,65,60,32,33,36,27,39,30,38,26,27,74,36,65,31,32,37,45,31,20,84,48,39,61,64,43,64,76,32,68,72,32,21,43,38,46,33,33,40,31,32,34,35,29,8,20,9,9
HOU,,Connor,Morrow,WR,X_CONTESTED,85,28,1998,72,200,Toledo,NORMAL,77,82,83,81,92,89,82,83,84,85,91,27,38,46,31,35,24,32,29,31,72,41,76,33,78,34,27,32,47,81,99,85,84,91,80,92,79,35,35,36,24,27,30,34,39,36,34,43,37,33,31,20,39,7,16,18,8
HOU,,Ezekiel,Hamilton,WR,YAC_RECEIVER,78,23,2003,74,192,Rutgers,NORMAL,79,83,72,71,72,83,79,88,78,83,82,37,27,38,42,27,35,33,34,49,69,28,69,36,80,26,38,38,24,83,78,70,86,81,67,72,66,41,22,35,32,43,33,42,27,37,39,26,35,29,29,32,39,8,11,14,17
HOU,,Tobias,Logan,WR,YAC_RECEIVER,75,23,2003,73,193,Villanova,NORMAL,69,80,75,79,78,76,73,77,74,83,71,32,35,34,35,27,36,16,27,42,59,48,68,35,70,39,45,34,28,75,76,77,80,77,61,79,62,33,36,28,34,43,46,33,30,17,40,39,36,38,53,28,28,17,11,20,10
HOU,,Caden,Myers,WR,DEEP_THREAT,68,23,2003,77,219,North Carolina,QUICK,78,74,63,71,68,67,65,70,63,63,61,34,34,33,30,34,39,26,24,43,53,36,53,36,48,32,28,12,38,65,61,56,67,64,80,63,60,41,36,32,36,31,37,37,37,41,40,37,38,26,36,25,35,18,11,5,8
HOU,,Connor,Webb,WR,SLOT,63,31,1995,72,195,Virginia,SLOW,59,63,80,56,52,54,64,56,67,71,66,40,38,37,33,28,39,40,28,28,45,29,41,33,56,37,33,27,46,64,76,64,66,52,55,67,54,20,34,31,35,27,41,30,42,28,25,43,27,36,36,43,30,26,16,2,17
HOU,,Ryder,Ledbetter,WR,DEEP_THREAT,61,28,1998,69,164,Northwestern,NORMAL,65,71,57,54,56,56,63,57,57,62,62,17,40,28,40,32,40,24,40,38,47,38,44,30,40,25,35,35,35,56,51,62,56,60,71,61,50,34,31,34,32,28,41,26,31,31,24,32,44,28,34,31,31,24,3,17,15
HOU,,Maurice,Roman,TE,MOVE_TE,81,28,1998,79,263,Maryland,SLOW,87,79,83,70,81,89,74,78,80,76,88,39,22,41,33,28,25,37,36,43,42,34,32,38,32,37,25,34,38,75,85,69,73,96,73,66,89,78,75,63,35,38,69,28,37,29,31,30,45,34,32,28,30,10,22,12,14
HOU,,Spencer,Owens,TE,MOVE_TE,77,21,2005,74,235,Syracuse,QUICK,83,88,78,68,75,81,78,80,78,77,77,34,28,39,32,33,34,35,43,29,35,32,26,43,43,32,43,37,37,75,72,68,77,85,61,66,81,82,69,61,34,27,55,19,33,43,35,37,39,31,33,32,42,12,16,16,17
HOU,,Grady,Bridges,TE,RECEIVING_TE,69,25,2001,77,266,South Alabama,NORMAL,68,66,72,55,67,59,66,68,70,65,75,32,30,32,35,35,29,25,39,36,43,37,38,33,32,32,36,35,25,78,83,71,69,76,60,61,58,70,60,63,33,29,56,30,30,23,31,35,34,46,35,30,38,6,16,8,2
HOU,,Kenny,Abbott,LT,POWER_MAULER,87,26,2000,80,333,Kentucky,SLOW,86,75,74,97,86,80,90,89,86,87,88,35,39,33,25,32,34,35,49,36,38,33,34,33,37,46,36,40,28,39,17,41,29,31,24,40,93,81,27,35,97,83,92,84,34,30,38,38,37,30,38,36,27,19,25,12,20
HOU,,Stefon,Sears,LT,POWER_MAULER,68,28,1998,76,301,Notre Dame,NORMAL,66,66,57,78,64,65,66,67,71,67,61,36,36,29,34,37,27,27,43,41,44,34,33,42,37,32,29,41,29,33,28,32,44,30,35,32,76,60,42,40,80,55,61,71,39,31,36,38,32,33,39,42,27,9,16,7,18
HOU,,Vincent,Graham,LG,ATHLETIC_PULLING,80,28,1998,75,307,Indiana,NORMAL,90,90,90,79,80,77,71,80,83,80,82,39,36,44,45,51,26,29,36,40,32,39,34,34,29,41,30,44,29,37,28,32,41,37,37,27,83,80,73,20,79,78,75,66,39,29,32,35,48,29,39,34,33,14,10,14,4
HOU,,Easton,Harper,LG,PASS_PROTECTOR,68,26,2000,74,288,Maryland,SLOW,69,65,63,69,77,71,64,71,66,66,61,40,35,45,34,41,25,23,37,35,23,38,36,32,27,42,43,41,27,30,43,37,30,46,37,41,65,81,61,38,60,68,70,62,31,35,41,29,23,50,27,34,30,1,17,3,6
HOU,,Dominic,Cox,C,PASS_PROTECTOR,79,29,1997,77,307,New Mexico,NORMAL,75,73,68,77,84,77,84,85,85,73,76,37,29,50,36,41,23,31,36,41,26,34,34,41,22,23,27,30,37,30,35,45,44,28,29,41,75,88,73,26,65,83,87,76,43,40,32,28,41,33,27,36,33,15,9,10,7
HOU,,Cody,Craig,RG,ZONE_BLOCKER,77,27,1999,74,304,Houston,SUPERSTAR,79,81,89,73,82,81,66,85,78,81,80,38,38,37,37,31,41,50,32,28,31,34,39,30,33,37,32,26,39,32,38,32,40,40,27,36,78,74,77,38,72,83,79,63,33,40,34,38,38,36,33,40,30,11,20,8,12
HOU,,Tyrese,Reese,RG,ATHLETIC_PULLING,59,26,2000,76,312,Ohio,NORMAL,66,66,66,46,63,59,61,66,58,62,56,41,34,33,35,27,35,18,32,31,30,51,37,46,33,34,18,39,27,25,34,30,46,31,40,25,55,66,57,34,66,64,58,45,35,38,17,33,40,29,48,34,43,15,13,6,17
HOU,,Solomon,Kimball,RT,ZONE_BLOCKER,82,27,1999,79,329,Western Michigan,SLOW,86,83,88,86,76,73,86,78,88,83,87,30,28,42,42,31,27,38,31,32,32,38,34,39,40,24,34,38,37,38,28,39,41,39,27,36,74,78,32,41,75,96,82,87,41,42,30,34,39,20,29,41,35,9,16,7,6
HOU,,Davion,Bowers,RT,POWER_MAULER,67,28,1998,78,322,Vanderbilt,QUICK,62,62,51,71,60,79,67,67,72,68,63,37,26,32,30,34,21,29,29,29,30,36,27,40,41,36,30,37,32,34,39,34,41,39,44,26,70,68,25,35,76,59,62,64,29,25,27,32,40,29,46,43,25,11,15,21,9
HOU,,Sawyer,Hawkins,EDGE,POWER_RUSHER,89,31,1995,76,233,Virginia Tech,NORMAL,87,92,92,97,93,89,87,90,81,82,92,35,31,34,30,29,44,40,31,36,34,42,43,41,39,35,36,26,35,30,28,38,34,25,25,44,30,32,33,26,30,39,20,25,97,73,97,94,85,74,72,67,35,13,14,19,11
HOU,,Javon,Webb,EDGE,COVERAGE_OLB,84,31,1995,75,249,Old Dominion,SLOW,94,92,89,72,77,84,83,74,85,81,88,43,33,36,28,34,32,31,28,36,43,31,26,40,34,43,36,36,38,31,40,19,32,35,37,28,49,35,31,31,37,38,38,28,74,83,86,95,80,73,80,97,29,5,11,16,5
HOU,,Cooper,Boone,EDGE,RUN_STOPPING_EDGE,73,22,2004,75,251,East Carolina,NORMAL,71,68,79,79,74,74,79,77,66,86,72,27,22,36,28,36,48,36,42,35,49,32,37,36,36,32,39,40,39,38,30,25,33,28,28,37,42,30,27,31,30,45,35,39,65,64,81,69,82,72,63,65,33,16,19,9,8
HOU,,Stefon,Rutledge,EDGE,COVERAGE_OLB,62,21,2005,77,267,Missouri,NORMAL,73,58,61,57,59,60,59,64,57,63,67,23,40,33,40,29,35,31,36,33,33,20,30,23,37,33,38,29,31,39,42,36,26,43,37,30,43,30,40,36,40,41,35,34,54,64,59,69,68,58,60,72,39,15,10,15,10
HOU,,Hunter,Vega,EDGE,SPEED_RUSHER,56,22,2004,77,270,USC,SUPERSTAR,64,64,58,51,47,47,52,55,51,55,51,42,35,33,35,31,31,30,29,26,27,31,34,34,34,39,32,39,34,31,37,35,34,33,38,35,28,37,37,31,29,39,41,24,42,73,44,58,52,28,45,35,44,16,13,10,20
HOU,,Isaiah,Salazar,DT,PENETRATOR_3TECH,91,29,1997,76,318,Oregon State,SLOW,93,97,91,89,91,91,89,93,95,87,91,37,47,36,26,40,31,33,33,25,27,33,31,35,35,35,28,26,37,27,33,36,20,23,37,30,34,23,37,32,30,30,29,21,97,97,80,97,90,75,37,30,44,6,12,11,2
HOU,,Hayden,Lindsey,DT,TWO_GAP_5TECH,75,23,2003,76,307,Iowa State,NORMAL,74,63,73,86,77,70,68,86,64,83,68,32,29,37,38,26,26,28,32,28,27,33,42,39,37,45,42,38,40,36,36,41,26,40,36,38,31,39,48,35,41,34,32,40,69,55,86,68,78,58,41,53,28,16,9,11,7
HOU,,Joshua,Hansen,DT,NOSE_1TECH,65,26,2000,78,342,Villanova,NORMAL,63,48,67,79,65,69,68,71,62,63,66,28,42,41,32,36,33,39,22,24,45,38,36,37,25,28,36,33,38,35,32,28,40,35,37,33,34,35,31,39,37,35,45,37,62,53,71,57,66,53,40,31,42,19,19,9,12
HOU,,Shane,Richardson,DT,NOSE_1TECH,60,23,2003,74,305,South Dakota State,SLOW,48,40,56,68,65,52,58,61,65,64,60,33,42,29,36,34,45,39,41,30,38,31,32,35,32,32,40,33,31,31,38,29,30,34,27,32,49,31,44,45,38,32,36,31,62,40,70,48,63,50,28,21,36,13,11,18,19
HOU,,Ricardo,Sandoval,LB,THUMPER,84,27,1999,76,244,Rutgers,QUICK,75,74,83,93,85,93,81,75,86,81,87,35,32,37,32,36,26,36,43,32,39,43,30,39,30,42,43,39,43,36,29,26,38,26,43,28,39,35,33,42,24,35,33,36,82,68,92,86,96,99,75,71,64,10,11,16,8
HOU,,Jasper,Ross,LB,FIELD_GENERAL_MLB,74,31,1995,73,241,South Alabama,NORMAL,64,72,77,76,70,75,76,76,74,81,78,46,33,33,28,29,37,39,32,35,39,43,36,35,36,43,35,23,32,32,34,34,32,24,36,36,41,25,43,29,28,36,33,38,62,70,66,78,75,73,72,77,70,8,12,2,14
HOU,,Shawn,Pope,LB,BLITZING_LB,66,25,2001,75,234,Louisiana Tech,SLOW,60,80,63,66,60,67,63,62,63,73,62,33,34,44,35,42,35,42,35,37,28,28,44,34,33,36,29,37,41,31,35,34,38,30,33,36,33,32,27,35,30,28,35,42,66,70,68,64,68,72,57,60,56,15,19,5,13
HOU,,Byron,Chavez,LB,COVERAGE_LB,62,26,2000,75,237,Penn State,SUPERSTAR,72,57,69,54,48,62,56,58,59,59,65,31,32,38,41,32,34,40,39,40,40,32,35,26,32,30,40,36,32,36,46,35,33,34,33,29,28,39,43,28,24,39,36,34,63,48,46,68,59,52,73,72,48,6,16,15,6
HOU,,Aaron,Moses,LB,FIELD_GENERAL_MLB,53,21,2005,72,237,Baylor,SLOW,40,52,59,53,63,50,56,52,63,56,55,39,36,39,39,32,40,34,37,36,43,30,35,38,37,24,41,41,38,38,46,27,37,37,41,21,41,34,27,42,33,35,24,30,43,37,45,58,59,45,43,53,37,17,14,15,3
HOU,,Drew,Oakley,LB,BLITZING_LB,56,27,1999,75,242,Rice,NORMAL,52,63,55,56,59,58,55,45,56,57,56,24,31,29,24,31,27,39,30,47,35,37,31,18,27,34,33,36,37,32,26,35,37,29,27,35,28,24,34,39,31,27,47,36,56,51,54,66,58,60,46,46,42,11,10,14,7
HOU,,Caleb,Whitaker,CB,BALLHAWK,83,27,1999,74,203,Boise State,SUPERSTAR,83,77,84,81,95,87,80,90,82,89,86,21,38,35,28,24,29,35,40,32,35,32,40,38,36,29,43,37,33,96,32,72,35,35,31,27,40,34,34,29,39,46,24,34,30,36,28,72,71,65,75,93,77,11,1,2,9
HOU,,Jermaine,James,CB,BALLHAWK,82,22,2004,73,216,Fresno State,QUICK,80,90,73,85,87,90,73,88,82,82,71,29,28,27,38,27,31,40,36,29,29,23,41,14,40,28,50,29,33,91,26,61,34,32,29,42,20,30,29,31,41,39,41,47,38,32,35,61,74,73,81,89,73,15,11,8,12
HOU,,Khalil,Sexton,CB,ZONE_CB,75,29,1997,71,192,Arkansas,NORMAL,69,75,77,76,75,72,81,75,80,85,72,34,43,33,28,30,32,41,31,38,40,26,42,27,42,30,31,34,25,72,33,63,27,38,34,34,40,33,39,26,31,35,27,36,27,43,37,58,74,71,64,94,71,12,7,12,16
HOU,,Trevon,Gordon,CB,ZONE_CB,69,27,1999,73,213,Washington,NORMAL,73,64,62,61,66,69,69,68,73,78,63,41,35,35,23,28,36,37,34,40,29,34,30,35,39,40,30,32,38,64,35,49,40,39,31,28,34,31,26,29,29,35,37,36,31,34,39,48,65,62,64,85,58,14,2,8,2
HOU,,Kevin,Rose,CB,BALLHAWK,63,26,2000,69,182,San Jose State,SLOW,62,59,65,52,70,61,65,62,69,70,63,42,50,33,37,36,34,33,25,30,32,35,39,41,37,31,37,33,40,68,23,50,31,30,25,35,35,47,40,28,40,32,33,34,35,37,25,53,52,52,60,66,59,12,15,9,8
HOU,,Theo,Gilbert,S,FREE_SAFETY,83,23,2003,74,215,Youngstown State,SLOW,88,77,74,77,82,79,79,81,87,93,85,37,32,38,29,27,47,26,37,33,35,31,32,35,35,41,40,30,32,90,16,81,34,39,34,30,38,42,39,42,42,32,29,31,28,18,69,88,68,74,78,81,65,16,11,10,7
HOU,,Roman,Terrell,S,STRONG_SAFETY,73,21,2005,75,213,Wisconsin,NORMAL,57,72,74,80,69,74,73,77,80,76,73,27,29,28,39,38,47,37,38,30,26,33,52,39,31,39,35,32,29,75,31,65,33,38,30,40,31,31,41,40,28,35,40,33,32,30,59,77,87,80,65,69,62,19,9,6,10
HOU,,Tristan,Duncan,S,STRONG_SAFETY,67,26,2000,73,219,Memphis,NORMAL,65,67,68,79,69,68,70,68,67,64,70,36,27,33,31,37,34,33,27,42,31,33,36,18,31,40,32,29,29,74,28,61,31,32,39,34,36,29,30,34,28,22,30,41,40,33,53,69,77,72,68,61,45,12,14,17,5
HOU,,Byron,McKinney,S,FREE_SAFETY,65,31,1995,71,211,Washington,SLOW,74,53,67,63,60,55,66,63,59,76,65,26,37,29,30,31,39,34,23,34,36,44,28,37,43,42,48,27,29,64,34,60,24,40,37,37,35,43,31,39,39,43,31,30,34,43,48,61,59,46,52,80,55,12,9,12,26
HOU,,Byron,Duncan,K,SPECIALIST,80,29,1997,73,194,Michigan State,NORMAL,79,73,79,84,81,79,74,84,76,79,78,45,39,38,43,42,42,38,39,42,34,37,47,45,43,42,44,51,45,45,45,53,42,38,46,37,45,43,45,40,30,39,41,46,45,40,41,52,42,44,29,44,41,84,76,23,22
HOU,,Jacoby,Randolph,P,SPECIALIST,71,30,1996,73,212,Pittsburgh,SUPERSTAR,68,72,67,67,65,65,75,72,73,73,79,47,38,38,41,40,36,48,34,43,38,45,33,41,43,37,49,46,47,37,38,37,45,45,47,48,47,41,41,43,29,45,39,41,35,37,47,27,45,44,43,34,44,33,34,69,72
HOU,,Nehemiah,Rogers,LS,SPECIALIST,62,24,2002,77,241,Arizona,NORMAL,61,55,63,60,57,54,72,58,67,58,58,37,52,46,36,42,37,43,29,50,45,43,40,37,42,46,41,35,47,43,37,37,43,34,43,44,41,42,45,40,49,42,40,41,42,30,42,43,57,52,35,37,46,37,38,35,44
IND,,Jalen,Abbott,QB,DUAL_THREAT,82,29,1997,75,235,USC,QUICK,99,91,76,86,80,72,88,79,77,84,85,69,73,82,90,88,88,82,72,99,77,76,30,36,35,32,34,32,26,39,29,39,32,37,34,40,36,43,30,43,40,40,32,38,42,34,29,33,33,32,26,31,27,17,16,9,4
IND,,Zachary,Stokes,QB,IMPROVISER,70,22,2004,74,216,Texas Tech,NORMAL,67,78,68,70,70,70,73,68,65,66,69,63,69,72,60,70,75,82,80,81,56,52,39,36,37,40,43,30,41,32,38,35,45,40,32,29,35,26,35,39,38,26,31,33,22,31,28,34,37,36,38,30,31,6,19,7,2
IND,,Beau,Graham,QB,POCKET_PASSER,63,30,1996,75,231,Utah,SUPERSTAR,53,67,60,62,62,61,62,60,74,68,71,59,63,59,73,52,58,63,54,51,59,54,33,45,35,34,45,31,46,37,34,40,40,38,38,43,41,33,29,39,20,30,33,34,32,28,35,29,30,30,34,38,40,6,14,1,11
IND,,Micah,Williamson,RB,ELUSIVE,77,26,2000,70,202,Duke,QUICK,73,70,88,74,79,73,85,79,76,73,78,29,42,23,34,42,26,45,32,25,81,82,73,71,87,31,45,39,77,75,68,30,68,81,39,68,75,73,43,69,28,25,47,35,34,41,40,38,32,37,32,44,44,9,15,18,14
IND,,Cornelius,Strickland,RB,WORKHORSE,72,26,2000,70,212,Ole Miss,SLOW,71,73,61,72,63,78,77,70,71,71,66,39,38,39,33,36,32,30,24,41,90,79,79,65,65,37,24,39,72,64,65,41,63,51,43,63,50,71,34,58,26,30,40,27,40,44,33,33,35,31,36,44,42,8,13,9,24
IND,,Jasper,Higgins,RB,ELUSIVE,61,24,2002,73,221,Kansas,SUPERSTAR,65,61,62,58,54,66,54,63,61,61,66,41,44,26,34,39,20,39,28,40,59,58,60,44,74,33,38,33,58,57,55,25,49,51,38,45,50,54,32,59,30,29,32,30,36,34,33,40,33,31,53,36,25,8,12,19,16
IND,,Nico,Small,RB,POWER_BACK,66,24,2002,68,205,Oklahoma,SLOW,60,70,71,69,64,65,60,69,67,61,67,29,43,35,37,40,33,39,33,38,69,61,69,76,54,31,37,36,73,55,58,45,63,59,39,50,51,70,42,64,41,48,33,39,33,35,33,33,35,39,22,38,21,7,19,14,6
IND,,Logan,Ingram,FB,RECEIVING_BACK,62,31,1995,74,259,Northwestern,NORMAL,63,63,66,66,64,58,57,59,66,58,59,29,34,34,35,39,39,33,23,27,55,40,63,29,31,43,39,40,32,69,56,34,63,59,24,53,57,46,67,57,29,33,42,40,36,32,37,37,29,36,39,35,34,16,10,14,17
IND,,Garrett,Sargent,WR,DEEP_THREAT,81,23,2003,75,215,Illinois,NORMAL,95,89,82,79,84,86,78,79,88,82,88,32,35,38,38,35,27,40,34,20,69,32,76,37,66,32,37,28,35,74,73,80,71,79,81,84,74,32,37,44,32,26,24,30,41,24,30,25,32,25,31,28,33,6,16,14,10
IND,,Denzel,Mack,WR,SLOT,74,21,2005,70,179,Oklahoma,NORMAL,72,77,81,68,68,67,77,65,71,78,70,36,23,33,37,26,27,40,29,28,56,39,56,38,52,27,29,40,37,69,81,71,87,72,58,82,59,31,36,31,34,40,27,31,37,27,44,36,34,35,41,31,24,19,15,13,11
IND,,Jace,McKinney,WR,SLOT,77,26,2000,76,216,Wyoming,NORMAL,77,74,87,71,73,79,80,73,71,70,71,31,22,33,31,36,33,44,40,40,62,35,70,40,52,37,31,30,33,71,85,70,93,77,66,80,70,33,27,31,38,33,31,29,30,35,34,35,18,29,42,38,31,16,15,20,9
IND,,Davion,Mann,WR,SLOT,67,21,2005,73,191,SMU,NORMAL,64,61,75,59,58,68,68,68,69,59,73,31,34,27,36,37,26,37,37,26,47,42,49,28,51,34,31,34,34,66,69,66,79,66,58,68,64,29,25,40,40,27,37,25,25,25,41,28,33,30,38,32,35,8,16,16,13
IND,,Joel,Yates,WR,DEEP_THREAT,64,23,2003,77,213,North Carolina A&T,QUICK,83,71,66,57,54,57,65,71,55,66,60,32,29,36,37,41,39,39,34,37,57,38,55,40,50,40,37,27,40,63,50,68,54,57,72,60,46,34,36,28,34,43,25,27,35,34,32,29,35,24,29,38,35,15,18,6,19
IND,,Tariq,Jarvis,WR,YAC_RECEIVER,58,21,2005,71,177,Texas State,NORMAL,56,68,54,60,58,63,57,58,61,55,59,29,38,30,30,32,31,44,33,28,47,36,53,31,62,38,31,27,44,61,52,55,68,58,49,57,52,27,41,19,37,43,42,37,31,41,34,45,43,44,37,33,28,19,6,17,17
IND,,Luca,Stuart,TE,H_BACK,83,27,1999,78,265,Appalachian State,QUICK,76,83,82,89,83,84,81,83,88,89,84,31,40,39,42,41,44,33,38,32,34,44,33,30,22,35,35,38,32,89,80,71,80,83,56,65,74,85,90,75,30,28,70,31,34,38,36,32,42,34,37,38,36,24,17,12,5
IND,,Charles,Barrett,TE,INLINE_BLOCKER,65,25,2001,75,236,Troy,NORMAL,52,70,61,75,64,63,57,66,54,58,67,42,40,29,32,34,31,36,40,35,29,31,45,33,30,32,33,26,29,54,56,58,71,56,55,58,81,72,75,54,29,27,60,29,29,41,38,33,35,29,34,41,37,3,22,17,11
IND,,Jeremiah,Sellers,TE,RECEIVING_TE,61,30,1996,75,259,Villanova,NORMAL,61,67,60,49,65,65,61,61,63,59,65,34,38,34,34,29,46,35,36,35,29,24,37,31,37,41,34,39,25,66,73,48,69,68,52,49,48,59,56,46,35,38,47,32,27,42,31,33,45,40,26,33,41,6,12,9,15
IND,,Isaiah,Chase,LT,PASS_PROTECTOR,86,23,2003,77,310,North Carolina,QUICK,83,90,90,83,83,84,87,82,81,85,92,40,33,24,47,28,23,35,40,33,33,35,32,32,35,31,43,28,39,34,18,35,38,35,33,31,78,95,18,36,70,81,89,93,43,32,29,28,44,40,24,31,23,4,19,14,13
IND,,Devin,Russell,LT,ZONE_BLOCKER,67,25,2001,80,320,Ohio State,QUICK,80,73,72,57,61,68,63,69,73,64,63,34,26,33,32,22,29,37,27,30,35,43,30,33,38,35,34,35,30,24,29,32,39,29,31,37,71,69,35,36,51,78,66,59,37,27,27,36,27,41,35,38,29,12,5,6,18
IND,,Damian,Bailey,LG,POWER_MAULER,81,24,2002,76,316,Louisiana,QUICK,81,68,75,94,87,72,82,71,76,79,80,42,31,35,49,35,40,40,37,38,39,47,31,38,33,30,33,34,40,35,33,31,37,36,40,37,81,69,88,37,94,79,72,65,40,35,29,41,41,28,27,32,46,13,10,21,12
IND,,Dante,Dalton,LG,ATHLETIC_PULLING,67,28,1998,75,313,Wake Forest,NORMAL,71,75,78,60,74,66,64,71,68,67,70,32,35,35,24,33,31,30,32,31,38,34,34,31,21,26,30,39,27,23,34,29,20,24,50,37,73,72,66,27,69,59,57,53,38,39,39,43,30,44,36,39,38,2,26,18,13
IND,,Avery,Porter,C,POWER_MAULER,82,25,2001,78,312,Alabama,SUPERSTAR,85,74,70,88,80,79,87,80,79,91,81,27,26,28,34,25,33,29,38,44,27,32,32,31,29,34,29,34,29,35,27,43,35,38,21,27,82,84,87,38,88,69,76,87,27,32,39,44,27,34,24,34,24,12,17,1,18
IND,,Solomon,Lindsey,RG,ZONE_BLOCKER,73,28,1998,75,316,North Texas,QUICK,70,74,85,71,71,74,66,75,74,66,71,43,34,42,27,28,44,36,25,32,23,31,35,25,41,29,31,24,36,43,27,39,28,31,33,37,66,82,68,34,65,91,65,65,23,26,24,27,36,34,37,31,35,9,1,1,27
IND,,Devonte,Peters,RG,ATHLETIC_PULLING,62,26,2000,75,311,Wyoming,NORMAL,75,67,65,47,64,55,57,67,67,71,66,29,39,31,30,35,38,34,30,34,32,32,34,32,26,31,38,23,41,30,39,36,42,41,42,30,61,64,67,36,64,68,60,51,31,32,32,33,36,39,40,30,33,20,13,4,14
IND,,Silas,Rice,RT,ATHLETIC_PULLING,85,26,2000,77,310,Wyoming,NORMAL,97,93,99,74,86,85,86,88,93,84,86,31,25,36,38,32,39,40,29,36,30,40,21,36,24,48,29,53,22,36,34,38,33,42,27,26,85,82,40,29,93,80,86,84,40,33,33,28,30,34,30,25,32,14,11,15,12
IND,,Stefon,Gallagher,RT,PASS_PROTECTOR,68,23,2003,79,326,Illinois,NORMAL,63,68,61,60,64,68,69,66,74,64,64,31,31,35,29,33,42,34,44,33,35,42,24,29,30,35,43,44,36,32,39,26,36,35,29,38,65,73,40,36,57,64,74,73,39,28,33,35,33,39,42,34,35,7,1,19,17
IND,,Joel,Sutton,EDGE,RUN_STOPPING_EDGE,86,25,2001,77,261,LSU,NORMAL,77,86,83,97,81,86,88,74,88,93,80,34,29,30,31,34,27,34,36,48,38,36,38,31,36,33,34,38,29,38,39,40,37,29,37,38,39,33,32,33,31,43,30,29,80,78,99,86,94,78,67,76,32,12,12,7,16
IND,,Clay,Drake,EDGE,POWER_RUSHER,75,26,2000,75,257,Western Michigan,QUICK,64,75,74,90,70,74,75,71,71,69,69,34,38,30,41,25,33,24,32,32,37,31,46,41,41,27,34,43,31,42,36,39,45,34,34,26,30,36,34,37,30,28,36,25,82,66,86,64,77,70,64,62,33,18,9,6,6
IND,,Julian,Mays,EDGE,COVERAGE_OLB,67,26,2000,78,267,Virginia,NORMAL,77,69,68,62,71,72,65,63,69,66,66,35,41,39,40,40,30,31,44,34,42,28,25,34,40,41,30,25,43,48,25,41,39,31,31,48,40,24,31,33,42,45,38,42,50,74,70,64,70,47,61,76,20,10,13,15,14
IND,,Declan,Tillman,EDGE,SPEED_RUSHER,66,22,2004,74,250,UNLV,QUICK,76,77,79,51,61,69,64,63,71,61,64,27,35,38,30,28,27,30,40,39,26,48,39,27,40,45,31,31,34,32,37,36,35,21,33,44,35,32,34,40,26,33,35,39,55,76,56,62,66,53,53,56,41,7,14,10,8
IND,,Beau,Jacobs,EDGE,RUN_STOPPING_EDGE,60,24,2002,77,261,Utah State,NORMAL,50,62,55,70,56,64,65,67,60,67,58,34,31,40,29,38,29,36,23,35,37,28,37,30,34,36,39,23,19,34,36,36,33,31,42,32,37,32,35,37,42,37,39,34,58,54,71,59,57,44,49,49,22,22,18,7,8
IND,,Keegan,Newton,DT,PENETRATOR_3TECH,79,24,2002,75,320,LSU,SLOW,82,93,80,79,85,82,82,73,81,75,77,34,29,45,32,41,28,18,33,41,24,30,32,34,42,39,33,38,28,31,36,31,24,41,25,19,35,39,48,28,24,47,47,25,79,87,74,81,73,63,35,27,37,11,21,10,17
IND,,Percy,Chavez,DT,NOSE_1TECH,74,28,1998,78,346,Rice,NORMAL,67,65,76,87,71,74,78,66,71,63,78,37,21,37,28,33,32,24,36,39,34,34,37,49,36,32,43,42,27,47,32,31,55,28,53,30,31,31,26,41,26,38,27,28,69,62,88,59,72,65,22,36,29,3,13,19,20
IND,,Spencer,Keller,DT,NOSE_1TECH,70,25,2001,74,301,North Carolina,NORMAL,54,60,75,86,59,76,66,61,68,74,74,28,43,49,32,36,26,32,42,37,27,29,31,38,34,31,29,30,45,25,37,43,42,28,27,34,40,40,34,33,38,36,31,30,62,64,68,59,75,56,43,29,26,17,3,3,9
IND,,Declan,Sexton,DT,NOSE_1TECH,61,21,2005,78,346,Appalachian State,NORMAL,59,49,56,70,59,53,59,56,61,58,56,32,25,21,36,36,29,28,32,40,36,49,31,31,40,28,39,38,33,44,42,33,36,40,32,43,38,25,39,25,32,34,35,36,62,49,67,48,65,47,39,23,40,14,16,13,23
IND,,Orlando,Gardner,LB,FIELD_GENERAL_MLB,77,31,1995,75,240,Western Michigan,NORMAL,70,71,78,82,73,76,83,67,79,83,81,38,30,30,30,44,30,31,40,37,35,40,36,37,20,39,33,30,40,22,32,28,41,30,49,42,36,33,37,17,31,42,34,33,60,57,77,79,77,81,70,76,56,7,15,20,22
IND,,Percy,Curtis,LB,COVERAGE_LB,76,25,2001,76,262,South Alabama,NORMAL,92,73,87,76,71,71,77,70,78,71,73,38,30,31,29,36,38,25,35,24,39,27,33,24,32,34,28,28,38,29,33,35,36,19,32,38,36,39,37,40,25,21,35,35,65,61,65,71,72,58,89,95,61,9,19,18,12
IND,,Quincy,Banks,LB,FIELD_GENERAL_MLB,72,21,2005,73,227,Iowa,NORMAL,59,69,67,73,72,70,70,63,81,83,72,31,34,40,31,30,28,38,36,35,30,36,34,28,31,36,34,34,35,36,21,39,27,36,42,27,45,36,35,37,34,39,26,32,61,59,64,75,72,69,65,74,60,7,12,6,7
IND,,Shane,Strong,LB,FIELD_GENERAL_MLB,65,26,2000,74,244,Oregon,QUICK,51,63,68,62,62,62,70,60,74,70,63,39,37,32,33,33,28,29,31,39,38,25,40,28,38,33,28,38,41,35,42,35,42,44,43,39,43,34,40,38,35,26,33,39,36,54,70,65,74,59,60,58,50,6,5,16,13
IND,,Patrick,Dawson,LB,COVERAGE_LB,60,21,2005,75,243,Maryland,NORMAL,66,64,73,51,56,56,60,64,57,66,68,30,29,39,24,37,39,38,28,24,34,32,36,44,36,30,35,44,42,33,39,43,31,38,39,33,34,41,37,34,34,36,32,39,41,48,47,62,56,39,68,71,51,25,6,14,14
IND,,Mitchell,Aguilar,LB,BLITZING_LB,57,21,2005,75,254,Auburn,NORMAL,55,63,62,54,59,59,65,61,61,63,62,33,32,36,32,31,33,42,41,29,28,32,20,35,29,31,42,38,35,27,32,33,38,36,33,36,30,33,29,31,29,41,30,33,55,56,57,56,56,66,52,47,45,8,9,9,11
IND,,Tanner,Glover,CB,ZONE_CB,88,27,1999,72,187,Texas A&M,QUICK,84,85,93,83,89,91,83,85,99,99,94,29,28,21,40,33,37,23,29,45,29,43,47,28,34,37,39,43,33,94,22,78,29,30,36,43,25,19,29,34,38,36,44,43,46,34,25,77,85,88,80,99,80,5,15,20,16
IND,,Noah,Alvarez,CB,SLOT_CB,78,27,1999,73,209,TCU,SLOW,65,91,93,83,61,70,78,80,83,78,72,31,28,37,36,19,32,28,30,29,29,43,35,37,20,31,40,41,27,83,33,77,50,43,35,35,31,42,42,33,44,31,37,35,29,27,33,76,87,65,85,72,70,12,7,9,11
IND,,Kolton,Harmon,CB,SLOT_CB,71,26,2000,72,199,Iowa State,SUPERSTAR,63,75,81,70,67,73,68,66,75,69,71,29,36,37,23,38,42,33,22,38,50,35,30,40,37,37,25,33,38,67,27,65,33,37,31,35,34,32,38,37,38,20,37,31,39,22,41,55,74,71,77,71,65,15,23,12,21
IND,,Antoine,Anderson,CB,BALLHAWK,68,26,2000,71,204,Youngstown State,NORMAL,62,64,71,64,74,70,61,69,76,73,67,36,35,36,36,29,30,40,32,34,40,42,37,34,22,34,37,36,23,86,27,54,39,35,34,33,36,38,34,35,30,36,28,27,29,30,29,61,61,56,62,76,61,14,14,12,7
IND,,Holden,Tyler,CB,ZONE_CB,57,25,2001,72,198,Middle Tennessee,NORMAL,61,55,54,54,60,60,53,59,63,73,56,25,36,27,40,36,36,35,34,23,40,27,35,31,39,34,43,32,44,57,32,29,26,36,25,40,40,28,41,30,39,47,36,42,36,45,40,35,55,29,42,69,48,8,15,13,1
IND,,Trace,Gentry,S,STRONG_SAFETY,84,26,2000,73,196,Sam Houston State,QUICK,83,80,88,93,84,87,94,82,80,81,89,39,38,38,27,31,39,30,39,27,32,32,29,33,35,39,34,28,28,84,28,76,30,30,56,42,33,44,37,38,33,39,45,38,31,30,68,93,94,97,86,70,75,20,15,17,13
IND,,Sebastian,Turner,S,STRONG_SAFETY,76,29,1997,71,209,Marshall,SLOW,70,74,75,88,76,76,72,75,77,76,72,37,31,28,31,23,25,37,37,28,38,42,30,26,25,34,34,33,32,77,33,67,33,34,41,43,39,37,28,30,37,37,31,30,30,41,67,81,86,88,73,64,62,4,11,18,14
IND,,Andre,Boone,S,BOX_SAFETY,65,25,2001,75,216,Central Florida,NORMAL,63,63,67,63,73,71,73,70,67,78,68,30,31,26,38,26,41,46,36,41,30,38,31,38,45,25,29,34,32,65,40,54,28,31,32,30,30,30,36,38,44,33,26,20,28,29,61,59,84,76,47,53,57,7,9,10,2
IND,,Braden,Taylor,S,FREE_SAFETY,59,26,2000,72,199,Western Kentucky,QUICK,72,58,54,52,62,52,58,59,48,71,49,40,33,39,36,30,36,38,32,33,22,35,26,31,40,53,30,39,30,64,36,50,26,38,37,32,36,25,30,39,37,29,31,29,38,42,46,56,52,38,58,62,37,2,1,12,29
IND,,Blake,Peters,K,SPECIALIST,77,24,2002,75,205,Purdue,SLOW,76,69,83,70,77,84,75,79,78,80,73,52,34,40,37,46,34,43,41,45,30,37,48,43,45,36,46,48,28,42,31,43,54,44,47,37,50,39,41,39,47,40,45,59,35,44,33,57,38,42,36,43,35,76,78,26,47
IND,,Jermaine,Watts,P,SPECIALIST,80,24,2002,74,223,Appalachian State,NORMAL,83,77,73,77,83,80,86,67,83,81,79,44,44,36,31,47,35,44,44,31,45,49,44,34,44,40,35,51,44,40,42,37,41,53,32,48,40,36,38,50,51,42,38,59,60,44,43,36,38,38,31,35,45,28,34,80,80
IND,,Demarco,Harmon,LS,SPECIALIST,65,25,2001,75,266,SMU,NORMAL,70,65,64,58,62,66,55,62,67,65,68,31,42,34,32,38,50,50,51,33,43,36,50,50,46,53,39,38,37,32,46,41,44,47,43,42,42,42,39,43,43,40,46,48,42,32,45,56,69,32,45,38,35,31,34,39,38
DEN,,Theo,Warner,QB,POCKET_PASSER,84,29,1997,73,203,Louisiana Tech,NORMAL,71,89,76,93,88,81,85,80,90,81,76,86,84,90,86,64,87,85,77,76,68,72,29,34,33,38,32,48,39,26,35,35,43,39,41,41,50,27,29,20,35,39,20,39,34,29,35,34,31,24,38,25,46,16,8,7,11
DEN,,Owen,Key,QB,DUAL_THREAT,76,29,1997,76,229,Wyoming,SLOW,90,91,73,79,82,79,75,78,65,78,77,75,82,68,79,89,71,80,75,89,60,50,36,36,41,44,29,26,33,34,40,35,30,28,37,29,38,40,39,41,32,29,36,29,44,33,37,44,33,31,35,39,30,14,16,11,10
DEN,,Jameson,Owens,QB,GUNSLINGER,61,21,2005,73,212,Mississippi State,SLOW,60,54,60,63,62,57,74,58,49,68,54,76,49,58,79,59,63,57,60,66,51,48,44,27,38,28,28,43,36,32,31,38,35,33,27,34,31,34,36,34,45,40,27,32,22,32,35,32,31,33,37,34,32,12,21,12,9
DEN,,Nolan,Rutledge,RB,ONE_CUT_ZONE,78,23,2003,71,213,Tennessee,NORMAL,76,92,75,81,83,81,68,75,78,80,74,40,39,27,38,31,32,36,31,30,83,76,75,66,71,35,21,33,85,72,58,40,67,60,25,73,59,69,30,57,47,32,38,34,30,31,26,27,20,38,41,32,53,9,11,7,18
DEN,,Easton,Brock,RB,POWER_BACK,74,24,2002,69,207,Arkansas,NORMAL,74,80,55,81,75,69,78,69,71,77,72,27,18,41,41,31,29,30,33,30,77,75,85,80,70,40,32,35,78,71,67,37,55,68,40,62,66,76,20,61,36,31,22,38,30,27,27,26,27,24,38,30,42,12,6,9,18
DEN,,Parker,Miles,RB,POWER_BACK,67,23,2003,74,240,Arizona,SUPERSTAR,61,67,72,75,69,66,73,62,70,62,73,39,42,34,30,20,33,40,31,39,73,64,79,79,51,33,33,30,70,57,44,39,61,60,27,62,52,68,29,50,41,30,39,25,38,33,31,33,32,29,43,42,35,18,16,11,11
DEN,,Silas,Perry,RB,ONE_CUT_ZONE,57,25,2001,74,222,Wyoming,SLOW,56,60,54,58,51,57,53,55,51,56,54,37,36,32,30,39,33,20,25,30,54,60,60,42,56,31,46,37,66,54,49,40,37,47,27,51,48,55,43,45,35,35,35,39,32,29,32,22,28,39,33,38,26,20,14,9,22
DEN,,Tyler,Garrett,FB,ONE_CUT_ZONE,65,26,2000,71,245,Nevada,QUICK,60,72,76,63,70,67,67,63,60,60,73,28,31,38,40,31,37,28,32,35,69,37,55,37,33,35,43,44,31,63,52,29,57,51,29,53,70,30,66,67,46,36,23,36,35,32,34,27,28,33,36,30,39,10,14,13,6
DEN,,Tyler,Walton,WR,SLOT,88,27,1999,72,196,USC,SLOW,87,90,92,80,87,79,85,89,86,93,87,39,26,32,29,37,37,27,45,23,72,26,70,41,71,31,44,31,30,88,89,93,93,91,75,88,79,43,22,33,34,36,34,42,34,31,28,47,44,35,39,30,38,11,14,8,10
DEN,,Hendrix,Rice,WR,X_CONTESTED,76,29,1997,69,183,Nevada,NORMAL,75,76,70,85,83,77,73,75,74,82,71,38,36,40,35,23,40,34,28,30,74,39,62,45,66,40,28,31,35,72,85,81,74,75,73,81,65,37,36,31,28,33,36,41,39,31,38,35,36,30,42,41,23,11,25,14,5
DEN,,Xavier,Pace,WR,Z_ROUTE_TECH,69,27,1999,72,189,Utah,QUICK,59,65,61,67,69,68,78,64,72,64,69,37,37,28,38,21,45,38,39,30,73,27,53,34,60,37,28,35,46,65,62,70,78,82,69,79,55,44,35,38,35,31,35,35,37,30,42,28,40,28,40,42,28,1,1,15,14
DEN,,Noah,Duncan,WR,DEEP_THREAT,69,24,2002,75,203,Jackson State,NORMAL,89,74,70,51,63,65,68,72,68,66,71,29,31,31,31,33,34,34,32,35,55,37,58,32,65,48,24,31,26,66,55,62,59,65,82,67,49,37,34,28,35,34,32,21,35,38,40,30,26,32,36,32,24,13,24,14,15
DEN,,Terrance,Green,WR,X_CONTESTED,65,30,1996,73,204,Arizona State,NORMAL,56,64,63,73,80,58,68,67,60,60,62,41,49,32,33,31,32,33,36,30,52,36,59,34,50,31,33,38,36,64,73,71,60,62,66,71,55,39,27,29,32,34,29,30,31,32,30,30,28,33,32,43,39,3,22,26,8
DEN,,Caden,Hill,WR,DEEP_THREAT,63,25,2001,77,215,Central Michigan,QUICK,75,68,63,48,57,66,68,72,63,64,66,29,26,23,34,39,26,26,40,35,41,29,52,29,52,39,24,40,29,64,46,59,55,62,73,61,53,28,35,33,32,34,26,38,40,38,37,37,41,41,32,35,38,14,1,20,16
DEN,,Clayton,Stevens,TE,MOVE_TE,80,25,2001,78,265,Colorado State,SUPERSTAR,81,87,84,80,79,75,87,81,75,82,78,34,34,42,35,41,38,30,28,28,32,33,39,35,50,29,32,35,33,75,75,72,81,92,73,54,84,81,74,70,43,22,63,33,35,33,33,35,27,40,36,44,45,21,8,16,10
DEN,,Warren,Schultz,TE,H_BACK,74,28,1998,76,256,UNLV,NORMAL,64,71,73,70,67,80,67,70,85,72,73,38,29,31,31,32,28,24,37,42,37,36,31,44,30,38,42,36,35,77,77,62,74,70,52,63,71,73,83,81,32,22,66,35,35,27,32,35,29,28,28,37,30,17,16,11,1
DEN,,Caden,White,TE,RECEIVING_TE,57,22,2004,79,267,Utah,NORMAL,60,61,58,52,57,63,65,52,49,52,60,36,30,43,33,38,39,38,29,22,32,31,26,49,39,23,34,41,46,68,68,48,55,67,42,39,51,60,39,44,29,36,49,27,39,24,42,31,19,37,36,23,29,1,21,10,19
DEN,,Damian,Potter,LT,ZONE_BLOCKER,79,22,2004,78,315,Troy,SLOW,79,84,88,66,75,81,78,85,77,77,74,25,43,34,39,28,33,25,45,32,42,30,32,35,43,41,34,37,38,42,40,44,48,45,37,30,73,81,28,30,70,97,75,86,44,29,27,31,26,34,27,25,35,12,8,18,5
DEN,,Weston,Weaver,LT,ATHLETIC_PULLING,65,21,2005,76,314,TCU,NORMAL,75,64,73,56,63,58,64,68,65,64,59,37,31,42,32,41,23,28,34,28,32,39,42,32,25,34,33,33,25,33,24,33,31,39,30,25,54,66,32,35,72,66,64,75,45,23,31,28,41,31,36,33,25,19,15,17,11
DEN,,Micah,Dodson,LG,POWER_MAULER,83,21,2005,74,295,Illinois,NORMAL,85,79,70,90,84,85,82,88,80,77,82,36,44,28,47,23,41,23,27,32,29,37,39,34,38,39,32,30,35,38,37,40,23,39,21,37,90,77,93,33,85,66,78,74,41,33,23,31,27,34,37,37,34,17,7,1,10
DEN,,Landon,Craig,LG,ZONE_BLOCKER,63,33,1993,75,326,Troy,NORMAL,60,76,73,54,52,71,65,61,64,67,55,32,38,36,42,21,32,36,29,36,32,39,32,37,30,29,29,32,41,43,34,26,39,37,38,36,67,59,69,33,54,76,68,55,43,27,24,33,37,31,34,27,33,1,14,13,8
DEN,,Simeon,Guerrero,C,ZONE_BLOCKER,79,28,1998,77,309,Memphis,NORMAL,76,84,96,80,80,76,82,82,76,76,77,39,38,32,48,41,37,29,28,32,38,37,45,16,35,32,31,38,33,32,39,38,41,31,35,34,79,77,75,33,69,93,80,65,39,43,35,39,30,37,40,37,36,11,8,2,8
DEN,,Dwayne,Gray,RG,ATHLETIC_PULLING,79,35,1991,78,317,South Dakota State,NORMAL,93,86,99,75,91,81,83,69,83,85,81,25,31,30,34,40,37,29,43,32,33,36,35,36,27,36,25,41,34,35,39,31,39,36,36,25,77,78,79,31,80,81,72,64,38,31,34,39,31,53,28,34,31,16,11,13,6
DEN,,Ryder,Gill,RG,ATHLETIC_PULLING,62,22,2004,78,330,Nebraska,QUICK,72,81,83,54,58,52,59,62,68,65,63,35,38,44,25,30,33,36,30,43,27,25,42,40,36,23,29,39,39,34,39,42,38,24,27,28,64,66,63,37,64,54,51,53,38,41,32,30,43,23,30,45,34,19,5,6,5
DEN,,Zachary,Curtis,RT,ZONE_BLOCKER,82,23,2003,76,292,Minnesota,SUPERSTAR,81,87,93,76,86,84,82,75,88,79,87,24,36,33,29,43,34,37,42,28,41,34,34,40,39,25,31,26,43,36,31,28,46,44,33,26,80,80,25,27,71,88,84,81,38,14,31,48,26,31,25,40,42,10,11,18,7
DEN,,Damarcus,Gardner,RT,PASS_PROTECTOR,62,25,2001,77,302,Wisconsin,SUPERSTAR,62,62,59,47,62,68,58,65,61,59,67,30,31,25,25,29,29,41,37,27,28,36,32,24,40,32,28,28,34,42,34,35,29,27,24,35,65,70,46,41,48,58,55,71,36,22,32,33,28,29,34,43,27,12,26,2,9
DEN,,Malachi,Blair,EDGE,RUN_STOPPING_EDGE,86,30,1996,79,271,Georgia,QUICK,73,85,78,93,80,85,91,90,87,93,80,31,42,34,30,19,28,38,42,41,46,30,35,29,38,36,32,31,31,39,31,38,27,32,30,37,30,24,40,38,42,43,31,36,87,76,97,89,97,66,71,77,29,20,12,13,9
DEN,,Gabriel,Turner,EDGE,SPEED_RUSHER,76,27,1999,79,274,Montana,NORMAL,86,86,81,60,80,72,80,77,74,74,80,39,22,35,42,39,38,29,38,25,33,29,37,41,36,37,40,37,38,29,29,33,46,40,29,41,25,35,35,46,29,35,34,31,65,80,71,75,89,65,67,65,45,11,25,20,7
DEN,,Declan,Curtis,EDGE,SPEED_RUSHER,73,21,2005,79,274,SMU,NORMAL,71,78,83,70,69,60,77,71,78,74,67,30,35,39,33,27,36,33,38,43,32,30,34,18,25,21,33,32,22,40,35,31,29,33,39,46,41,38,22,37,39,41,35,38,61,81,75,63,75,65,62,66,34,14,18,13,16
DEN,,Vincent,Everett,EDGE,COVERAGE_OLB,62,23,2003,74,261,Memphis,SUPERSTAR,71,62,56,59,55,73,57,61,57,66,61,36,41,40,31,33,44,20,30,42,24,24,25,43,25,36,25,40,43,41,41,29,33,25,32,31,32,35,29,26,40,27,36,32,47,64,67,69,61,55,66,67,25,3,8,2,19
DEN,,Sawyer,Watts,EDGE,SPEED_RUSHER,56,29,1997,75,259,UNLV,NORMAL,67,63,68,43,51,61,59,58,53,55,55,23,24,43,35,27,33,39,37,41,39,22,34,33,39,27,31,31,27,36,34,33,39,37,39,37,34,35,38,35,32,33,36,33,52,69,47,45,53,32,49,52,33,6,16,10,11
DEN,,Justice,Hansen,DT,PENETRATOR_3TECH,82,27,1999,78,342,East Carolina,SLOW,80,94,87,76,89,81,78,81,80,74,84,34,30,34,31,33,35,31,27,44,27,27,48,33,34,35,32,29,34,37,32,38,31,36,26,34,34,45,34,26,41,37,42,33,87,91,85,78,78,64,31,37,33,4,17,8,11
DEN,,Drew,Griffin,DT,NOSE_1TECH,77,27,1999,74,292,SMU,NORMAL,68,68,77,82,75,80,75,77,81,82,78,36,38,21,33,51,42,26,34,37,32,36,26,42,32,31,28,33,33,36,30,40,38,41,31,31,36,27,35,33,41,31,35,33,73,63,86,71,76,66,41,27,31,7,14,17,8
DEN,,Blake,Whitley,DT,NOSE_1TECH,69,24,2002,75,324,Toledo,X_FACTOR,61,60,67,81,58,63,69,72,64,66,65,23,32,25,28,38,29,36,25,43,45,39,31,36,41,44,31,38,38,34,38,46,40,36,36,43,38,40,30,33,27,28,42,28,70,60,75,59,63,58,37,38,36,14,13,20,10
DEN,,Victor,Ward,DT,INTERIOR_RUSHER,58,27,1999,76,321,Marshall,NORMAL,61,64,57,59,53,58,60,58,60,57,56,30,34,39,42,32,39,33,26,37,37,32,39,35,36,44,41,46,29,26,48,36,28,29,32,40,34,37,22,41,29,34,29,29,71,73,38,60,49,45,30,31,32,15,9,14,15
DEN,,Justice,Brooks,LB,FIELD_GENERAL_MLB,81,31,1995,73,242,Minnesota,SLOW,76,79,87,83,91,81,88,83,85,91,75,23,39,47,27,31,31,32,37,29,44,27,31,25,50,35,38,30,32,44,34,33,31,29,36,54,29,40,29,31,33,36,38,29,72,77,78,80,88,74,68,78,70,1,7,12,14
DEN,,Kevin,Swain,LB,FIELD_GENERAL_MLB,72,30,1996,76,239,Missouri,NORMAL,53,69,71,63,79,66,73,66,89,82,74,34,38,32,27,36,30,27,27,36,31,47,28,31,36,29,39,33,27,43,27,36,34,30,26,35,37,23,36,42,36,38,38,39,58,63,54,71,81,68,63,73,67,22,15,11,10
DEN,,Jeremiah,Brantley,LB,COVERAGE_LB,64,23,2003,73,229,Youngstown State,NORMAL,79,70,74,54,59,57,64,65,66,57,60,31,42,37,32,36,35,42,26,27,36,38,38,35,32,33,40,39,37,29,36,32,26,27,41,33,34,37,25,44,36,37,26,38,45,50,59,52,66,58,71,73,51,4,6,1,12
DEN,,Brett,Chandler,LB,FIELD_GENERAL_MLB,67,21,2005,74,240,North Texas,NORMAL,75,65,70,69,64,67,62,67,71,66,62,30,43,37,35,26,31,20,31,38,37,29,36,36,33,33,39,29,37,29,34,41,32,28,34,37,28,32,38,38,32,29,35,25,59,56,65,65,74,60,51,66,62,12,18,15,2
DEN,,Bo,Wells,LB,THUMPER,65,27,1999,74,238,Colorado State,NORMAL,58,67,62,80,61,69,65,56,71,68,69,36,31,28,40,44,43,26,38,43,32,31,28,26,28,35,37,43,34,32,38,34,45,21,35,30,29,33,38,43,37,33,31,38,54,58,77,66,65,79,54,52,53,20,18,6,11
DEN,,Trace,Shepherd,LB,BLITZING_LB,56,22,2004,75,250,Colorado State,NORMAL,66,66,50,54,51,60,66,54,55,47,57,42,37,27,42,24,24,35,26,38,40,24,29,38,39,36,39,33,40,30,38,39,34,20,41,25,36,36,43,32,22,35,21,37,58,54,57,69,56,60,43,49,41,12,12,2,11
DEN,,Justin,Sanders,CB,BALLHAWK,81,28,1998,72,185,Miami,NORMAL,82,89,78,73,85,77,85,86,85,89,80,34,37,32,28,30,41,37,34,33,33,24,23,27,38,39,29,39,36,93,33,63,33,30,33,39,41,33,28,29,34,36,44,28,35,37,42,77,79,66,70,90,72,9,10,10,13
DEN,,Rondell,Cain,CB,SLOT_CB,75,23,2003,70,177,Michigan State,QUICK,67,85,82,86,63,82,84,72,77,76,71,29,18,23,39,29,30,22,37,39,39,34,33,43,26,26,33,40,25,72,33,69,22,31,35,46,43,50,40,42,33,26,28,46,35,46,38,54,74,57,81,71,66,6,19,11,10
DEN,,Rondell,Chapman,CB,SLOT_CB,70,22,2004,72,198,Georgia Southern,QUICK,60,81,87,69,57,70,73,73,66,67,61,36,27,38,30,30,35,22,39,36,40,43,40,32,29,36,33,41,36,67,31,51,35,30,33,41,40,35,34,38,31,23,33,41,32,35,30,52,69,53,78,64,61,13,18,20,13
DEN,,Colin,Collins,CB,BALLHAWK,62,27,1999,73,194,North Carolina A&T,NORMAL,57,58,63,56,63,58,50,58,73,69,68,37,30,21,32,33,36,33,37,29,25,26,23,31,30,32,34,44,36,84,48,60,32,33,35,31,37,28,35,28,26,24,36,23,39,31,27,51,55,61,59,70,46,11,14,9,7
DEN,,Justin,Cain,CB,ZONE_CB,56,21,2005,73,217,Michigan,SLOW,61,61,51,53,55,56,53,51,67,65,51,21,38,32,38,28,28,21,31,33,21,30,35,42,35,38,23,35,27,47,32,48,31,32,34,34,30,26,38,32,35,41,42,34,42,43,38,50,53,52,40,75,47,11,10,11,14
DEN,,Isaiah,Salazar,S,STRONG_SAFETY,78,27,1999,72,202,Central Florida,QUICK,65,82,81,81,80,77,70,72,78,75,82,25,42,27,33,35,46,40,27,26,30,38,53,17,42,33,37,44,33,75,32,69,31,46,41,38,43,32,29,32,42,24,33,25,29,33,70,80,91,81,79,77,71,7,6,5,13
DEN,,Tate,Archer,S,BOX_SAFETY,76,24,2002,70,196,Kansas State,QUICK,69,71,82,75,83,77,74,82,76,88,76,50,28,28,30,34,20,35,33,37,28,28,44,28,34,41,45,31,39,69,35,68,33,34,37,32,30,38,41,28,23,24,44,35,39,36,73,71,87,84,67,70,69,12,16,15,15
DEN,,Kaleb,Middleton,S,FREE_SAFETY,64,24,2002,74,203,Cincinnati,SUPERSTAR,68,64,60,57,63,68,59,62,56,64,57,34,28,33,36,38,41,29,27,36,41,40,34,43,41,28,26,19,41,74,29,63,29,30,36,31,44,36,46,41,40,34,41,34,29,41,55,67,60,57,59,72,48,10,3,15,11
DEN,,Keegan,Farmer,S,BOX_SAFETY,55,21,2005,73,209,Illinois,QUICK,49,59,52,58,54,52,53,63,61,66,56,41,32,41,34,36,17,44,36,35,37,27,23,35,30,31,26,39,28,50,38,49,40,36,37,34,35,45,35,27,35,33,37,38,33,33,55,53,68,67,44,42,35,15,21,16,8
DEN,,Darnell,Malone,K,SPECIALIST,80,27,1999,73,201,Colorado State,NORMAL,84,74,85,82,83,84,82,84,81,86,80,47,40,44,38,38,34,32,53,61,47,34,36,49,35,52,38,35,46,43,43,44,40,46,42,42,38,39,32,54,40,37,43,35,50,28,28,27,47,52,48,43,41,81,78,38,30
DEN,,Damian,Cardenas,P,SPECIALIST,71,28,1998,74,203,San Jose State,NORMAL,76,72,71,74,70,78,70,69,79,71,65,44,45,43,45,40,46,39,42,44,41,42,36,52,33,36,39,29,42,51,32,29,48,50,39,47,58,44,36,38,41,34,44,38,45,52,39,53,39,37,46,41,42,31,39,69,72
DEN,,Cameron,Delaney,LS,SPECIALIST,58,27,1999,77,251,Duke,SLOW,54,58,62,61,58,59,54,50,56,58,53,40,42,41,45,41,39,39,45,43,45,44,41,36,38,46,43,36,42,41,34,50,52,33,43,38,34,40,42,43,44,46,39,40,35,45,38,40,56,44,49,52,32,30,37,43,25
LV,,Nash,Wilson,QB,POCKET_PASSER,86,22,2004,77,233,Liberty,SUPERSTAR,63,84,91,98,81,86,84,90,97,85,91,86,87,90,84,78,84,84,87,65,74,76,35,33,40,34,24,25,28,33,38,36,43,38,41,36,26,42,34,39,38,32,29,36,29,36,33,30,30,34,35,34,24,14,20,8,3
LV,,Cole,Curry,QB,IMPROVISER,71,23,2003,74,212,Hawaii,QUICK,66,74,82,71,61,66,76,64,63,73,75,74,68,64,70,77,85,75,82,76,49,43,32,24,34,33,39,41,32,34,34,35,23,39,36,34,31,36,43,34,36,32,26,43,31,38,34,27,31,39,40,23,35,9,11,10,16
LV,,Cameron,Davis,QB,GUNSLINGER,57,21,2005,73,211,Central Michigan,NORMAL,56,63,62,61,55,57,62,54,48,60,46,77,58,46,70,54,61,53,59,59,38,42,31,38,33,29,40,38,41,31,41,23,36,35,38,37,41,35,33,32,43,31,36,32,34,21,41,38,37,32,46,28,32,3,16,18,17
LV,,Barrett,Gates,RB,POWER_BACK,80,30,1996,72,220,Wisconsin,SLOW,75,82,81,85,72,75,77,92,83,87,82,34,36,32,32,32,27,34,39,27,84,81,91,94,66,33,39,40,81,69,70,27,70,61,37,79,74,76,33,70,28,33,35,37,32,30,38,45,35,34,45,29,39,7,11,1,14
LV,,Carson,Ramsey,RB,POWER_BACK,70,27,1999,72,217,Indiana,NORMAL,66,72,73,81,70,77,69,67,68,72,76,24,34,30,30,35,34,24,40,30,79,68,78,70,57,29,42,31,72,57,59,47,55,60,35,56,62,72,37,58,32,29,35,38,26,34,32,36,32,39,36,43,33,8,15,14,4
LV,,Cameron,Harmon,RB,ONE_CUT_ZONE,67,25,2001,72,235,Utah,NORMAL,63,72,68,53,67,65,70,62,62,60,71,40,36,28,34,37,37,29,38,45,55,71,65,57,65,37,25,42,78,65,54,26,52,40,34,50,52,62,34,51,34,38,33,23,44,31,25,41,25,29,36,25,31,5,19,1,22
LV,,Brett,Berry,RB,POWER_BACK,58,25,2001,71,219,Kent State,NORMAL,51,60,59,57,57,55,58,54,53,59,61,37,31,36,40,34,35,32,26,33,63,64,68,69,48,28,32,31,55,54,51,44,40,53,36,42,45,52,29,38,36,38,40,35,36,32,40,37,23,47,37,22,31,6,2,13,16
LV,,Adrian,Cabrera,FB,POWER_BACK,68,23,2003,74,246,Bowling Green,NORMAL,66,66,62,74,60,70,66,70,68,66,63,28,41,28,36,39,36,33,39,36,67,35,80,35,27,25,28,25,29,57,65,23,55,50,38,60,70,23,65,68,35,28,38,27,38,32,28,33,35,27,33,34,37,9,11,16,1
LV,,Quentin,Willis,WR,X_CONTESTED,82,31,1995,71,185,Virginia,NORMAL,81,84,78,84,87,81,83,76,82,87,76,38,30,35,43,38,34,42,45,47,74,25,63,25,58,26,38,38,35,75,89,84,85,86,72,86,68,43,29,23,31,29,33,31,31,32,28,32,36,33,32,24,33,8,13,14,6
LV,,Davion,Wheeler,WR,DEEP_THREAT,76,28,1998,72,194,Nevada,NORMAL,92,81,75,63,70,78,76,81,81,79,71,39,37,31,34,32,37,34,31,31,60,32,68,46,69,32,46,33,35,79,57,80,68,72,80,74,72,31,30,35,39,39,47,48,42,31,31,28,36,22,33,29,37,6,15,14,8
LV,,Drew,Snyder,WR,YAC_RECEIVER,73,21,2005,73,208,Virginia Tech,NORMAL,76,84,66,73,75,64,68,76,76,69,74,18,33,34,36,39,40,35,28,31,62,37,65,40,79,35,41,34,43,69,77,68,84,77,53,70,57,38,37,33,21,38,33,25,29,27,32,35,29,26,46,36,27,14,24,3,9
LV,,Justice,Stanton,WR,Z_ROUTE_TECH,70,26,2000,77,205,Purdue,NORMAL,70,61,66,54,60,68,69,66,80,73,71,36,28,23,33,46,43,30,31,32,65,34,65,41,67,48,32,25,27,60,66,61,76,85,69,80,65,31,36,29,43,42,33,33,35,18,27,43,42,40,24,17,25,19,8,9,18
LV,,Malik,Cameron,WR,YAC_RECEIVER,62,21,2005,75,209,Tulsa,NORMAL,62,68,57,66,60,62,58,65,65,61,59,31,28,40,36,40,27,27,37,47,51,37,66,40,69,24,29,28,31,60,65,57,73,61,55,62,63,41,33,41,28,38,35,27,29,29,24,30,35,32,41,24,26,15,6,14,1
LV,,Easton,Webb,WR,YAC_RECEIVER,56,26,2000,72,193,Ohio,QUICK,54,59,59,58,47,64,63,55,61,59,56,40,44,31,28,41,28,40,46,37,40,42,54,34,57,31,38,34,28,56,49,46,66,60,53,57,36,29,30,37,43,36,32,31,35,40,39,38,39,39,32,32,33,17,14,8,15
LV,,Miles,McCoy,TE,RECEIVING_TE,79,24,2002,76,251,Penn State,QUICK,81,74,83,73,78,85,82,78,78,64,76,34,39,35,22,42,37,32,24,39,31,26,30,19,35,42,26,41,27,86,90,74,76,91,70,72,67,72,71,64,37,31,70,36,35,42,30,44,25,34,32,40,24,21,18,12,3
LV,,Quentin,Robinson,TE,RECEIVING_TE,69,29,1997,77,260,UNLV,X_FACTOR,75,70,69,68,72,72,65,72,68,73,73,25,31,37,32,40,30,36,33,33,40,26,34,28,33,32,43,37,27,68,80,64,70,80,61,62,62,70,47,61,34,29,56,36,50,28,30,35,33,35,36,28,40,13,12,13,12
LV,,Kenny,Lyons,TE,H_BACK,66,22,2004,75,228,SMU,SUPERSTAR,57,59,60,65,68,71,60,59,71,72,66,37,33,39,37,28,41,23,38,25,45,31,38,31,34,32,30,32,23,62,75,41,58,63,49,44,71,60,74,61,35,40,51,33,31,35,38,36,35,23,31,30,24,6,14,17,10
LV,,Antoine,Cruz,LT,ZONE_BLOCKER,73,24,2002,77,301,Brigham Young,NORMAL,79,81,75,57,68,73,73,71,80,77,78,33,34,43,23,38,36,37,16,41,36,26,30,49,35,41,32,34,36,29,33,28,40,29,36,42,72,71,32,32,70,93,80,69,38,28,32,31,25,35,32,40,38,19,10,15,12
LV,,Nathan,West,LT,ZONE_BLOCKER,61,29,1997,80,316,Georgia Tech,NORMAL,53,71,68,54,65,64,52,68,64,64,62,25,31,44,27,35,37,38,28,30,32,34,41,40,31,32,36,36,27,19,36,41,41,25,36,35,59,62,39,38,48,72,55,64,25,46,33,44,37,25,40,49,28,13,14,11,12
LV,,Aaron,Spencer,LG,POWER_MAULER,81,27,1999,77,322,Oregon,SUPERSTAR,83,78,73,86,79,79,81,72,79,85,81,22,26,36,35,26,33,27,36,31,23,31,32,26,28,41,36,24,40,28,41,42,30,33,41,45,75,84,83,40,92,70,76,74,35,38,40,34,27,39,27,37,28,10,7,13,5
LV,,Chris,Mays,LG,ZONE_BLOCKER,62,28,1998,78,326,Houston,NORMAL,62,68,66,56,64,48,64,59,68,63,60,33,27,27,22,27,34,38,34,32,26,36,28,39,44,36,36,37,33,25,30,29,45,31,35,32,61,66,59,44,55,80,59,58,24,24,37,34,33,22,36,33,35,3,21,13,2
LV,,Declan,Allen,C,ATHLETIC_PULLING,79,23,2003,75,306,Virginia Tech,NORMAL,82,86,99,68,81,82,75,79,81,76,81,30,37,44,36,29,38,40,26,24,23,37,39,35,33,19,38,41,29,39,34,38,39,40,26,41,73,85,83,37,83,80,81,73,35,36,41,33,34,29,34,22,24,18,1,12,16
LV,,Theo,Cross,RG,PASS_PROTECTOR,80,22,2004,76,319,Arkansas,QUICK,79,78,82,84,85,84,83,75,85,88,80,36,22,42,29,29,42,31,37,36,34,27,48,48,45,26,27,47,37,30,38,37,35,34,34,33,73,85,74,35,70,83,91,69,30,40,31,47,32,33,22,35,36,27,14,11,15
LV,,Wesley,Case,RG,POWER_MAULER,65,26,2000,78,322,South Dakota State,SUPERSTAR,66,65,46,71,65,63,67,67,69,59,72,37,26,33,32,31,31,33,40,35,49,35,40,31,48,36,34,28,38,28,33,44,36,29,36,38,67,66,60,37,71,47,60,45,41,35,32,32,31,37,40,28,35,13,9,19,4
LV,,Harrison,McKinney,RT,ZONE_BLOCKER,78,29,1997,78,319,Colorado,NORMAL,81,86,82,76,76,81,66,82,82,86,79,27,30,33,38,34,33,32,43,37,37,28,33,21,22,40,30,38,20,46,34,29,37,37,31,27,80,73,41,35,66,93,69,84,26,29,35,37,29,48,29,35,38,18,14,10,20
LV,,Bennett,Waters,RT,ZONE_BLOCKER,62,21,2005,80,337,Hawaii,SLOW,65,73,67,52,53,61,63,64,65,64,57,25,34,31,37,54,22,38,32,31,28,38,37,25,35,33,29,36,23,32,35,31,39,39,35,30,63,63,31,31,55,67,65,63,38,37,41,40,28,33,35,33,29,10,10,13,21
LV,,Justin,Logan,EDGE,POWER_RUSHER,80,30,1996,75,246,Tulsa,SLOW,65,83,71,88,89,83,78,80,79,80,75,27,34,38,42,32,31,47,35,34,30,36,25,24,39,43,24,41,21,30,35,32,39,38,37,34,33,41,21,37,39,48,26,41,95,69,84,85,81,67,68,63,31,4,15,1,16
LV,,Jabari,Nichols,EDGE,COVERAGE_OLB,79,27,1999,74,237,Rice,NORMAL,82,82,81,67,83,82,77,77,89,80,80,29,46,30,31,40,18,33,26,35,28,33,45,36,34,30,36,39,35,36,31,38,40,39,42,35,23,29,41,41,37,36,29,37,69,85,79,90,78,70,80,83,37,9,13,14,11
LV,,Harrison,Carson,EDGE,SPEED_RUSHER,70,28,1998,75,261,Old Dominion,NORMAL,82,81,78,63,70,67,63,67,72,63,74,43,41,30,38,38,31,31,43,35,39,37,37,35,38,40,28,25,27,36,39,40,36,39,37,25,43,33,36,38,35,35,27,30,54,85,60,68,66,51,55,69,38,9,20,1,23
LV,,Joel,Gordon,EDGE,SPEED_RUSHER,63,24,2002,76,260,Cincinnati,SLOW,69,74,71,55,68,67,59,66,66,57,67,34,25,42,42,25,33,37,31,25,38,37,35,36,32,30,34,34,26,37,22,40,46,40,46,41,37,23,31,31,30,40,32,36,56,75,48,57,65,58,55,57,27,15,9,9,16
LV,,Grayson,Page,EDGE,COVERAGE_OLB,54,27,1999,77,267,Boise State,NORMAL,61,54,54,41,50,57,58,54,55,54,47,27,28,35,31,32,46,33,32,30,25,34,33,33,30,34,42,38,26,40,38,32,33,38,32,26,29,32,34,40,43,32,29,26,47,53,47,73,64,47,60,50,30,12,6,13,22
LV,,Warren,Hester,DT,NOSE_1TECH,82,24,2002,75,310,Syracuse,QUICK,74,60,86,95,76,83,92,87,83,86,87,33,33,30,32,31,39,29,32,37,35,28,43,33,47,32,28,37,31,33,29,31,28,40,36,25,34,29,28,48,30,38,30,21,75,71,86,69,88,68,35,50,39,15,5,7,7
LV,,Solomon,Morrison,DT,NOSE_1TECH,74,26,2000,75,311,Minnesota,NORMAL,64,55,72,88,69,73,77,73,76,67,79,40,30,37,43,34,34,41,29,39,37,40,39,30,39,42,29,36,37,38,34,40,40,30,35,34,31,28,31,31,40,42,35,31,66,63,86,62,78,55,48,48,40,4,16,18,18
LV,,Gabriel,Sellers,DT,INTERIOR_RUSHER,68,27,1999,75,321,Boise State,NORMAL,74,79,59,60,59,65,64,64,68,67,73,37,27,35,32,35,40,43,33,32,34,37,35,30,34,40,33,39,26,40,23,26,38,34,24,32,35,30,33,31,42,29,39,39,81,81,57,58,71,61,31,19,45,10,15,8,10
LV,,Quincy,Paul,DT,PENETRATOR_3TECH,54,25,2001,76,319,Montana,QUICK,51,57,59,41,57,53,62,64,61,53,50,36,39,28,31,43,31,46,30,32,33,20,31,37,30,33,35,31,37,44,45,34,31,33,25,37,19,23,28,32,30,30,39,31,56,66,48,71,57,52,35,36,35,8,5,23,13
LV,,Kenny,Morrison,LB,BLITZING_LB,82,30,1996,75,241,Michigan State,SLOW,89,93,85,72,83,84,88,88,81,83,83,30,36,28,36,31,34,28,26,43,26,33,35,25,23,28,30,42,33,29,35,38,30,30,40,23,30,36,52,31,36,43,37,40,83,76,85,81,84,90,76,67,69,17,23,7,9
LV,,Corey,Thompson,LB,BLITZING_LB,73,23,2003,74,244,Virginia Tech,QUICK,74,71,76,72,73,72,76,70,75,75,70,38,28,22,42,25,32,29,25,33,36,27,34,27,34,35,37,35,26,36,33,41,38,45,34,32,34,32,29,32,38,23,33,36,77,71,77,79,71,75,60,65,52,13,8,3,16
LV,,Jarrett,Watkins,LB,FIELD_GENERAL_MLB,71,25,2001,76,239,Illinois,SLOW,56,68,77,77,77,69,75,73,74,80,75,28,29,34,42,39,34,36,31,31,34,36,32,46,30,44,30,32,29,30,36,33,26,31,56,27,37,29,33,42,36,33,22,37,59,58,68,73,76,75,63,65,63,18,11,3,15
LV,,Jasper,Sandoval,LB,BLITZING_LB,62,23,2003,76,240,Sam Houston State,QUICK,66,75,64,62,63,67,67,60,68,64,63,27,34,32,34,35,38,22,38,36,38,21,34,31,42,25,32,45,31,32,24,25,36,36,43,45,34,31,43,37,32,37,35,22,58,58,63,72,57,67,58,43,55,8,6,13,7
LV,,Phillip,Hill,LB,COVERAGE_LB,58,27,1999,74,215,Michigan State,QUICK,66,52,59,44,66,48,58,50,58,47,66,33,27,32,26,36,34,38,17,24,32,40,37,35,36,37,29,37,44,43,35,29,40,32,42,32,28,21,40,37,36,33,38,38,57,41,43,60,69,44,68,66,46,9,9,12,24
LV,,Desmond,Roy,LB,FIELD_GENERAL_MLB,54,23,2003,76,257,Grambling State,QUICK,42,55,52,57,57,53,52,53,64,65,58,32,32,34,40,26,30,35,23,27,30,44,36,30,32,39,27,28,37,23,37,40,44,27,38,36,34,41,39,36,37,22,32,35,36,40,50,58,57,61,46,41,41,20,16,6,17
LV,,Roman,Jarvis,CB,ZONE_CB,83,23,2003,72,199,Western Kentucky,SLOW,80,81,74,85,84,77,83,86,98,95,78,39,42,43,41,41,37,39,42,34,33,25,34,45,29,34,36,34,34,78,30,77,28,30,32,37,18,36,23,31,41,37,16,29,38,20,38,70,80,58,81,91,80,6,18,3,17
LV,,Finn,Rollins,CB,ZONE_CB,74,23,2003,72,210,Purdue,NORMAL,73,73,72,69,77,74,77,67,87,92,68,43,36,34,26,42,37,28,33,33,39,27,48,40,41,40,31,36,35,75,43,74,44,32,38,41,35,50,35,38,36,39,37,39,38,29,44,66,70,71,63,90,63,3,8,11,3
LV,,Rashad,Saunders,CB,BALLHAWK,72,25,2001,73,202,Tulane,SLOW,69,74,68,73,82,71,70,74,70,80,71,32,34,34,24,38,26,26,39,39,32,28,35,37,33,41,36,34,35,77,29,66,46,29,34,35,34,44,41,32,39,24,33,33,29,37,30,53,64,54,66,83,58,6,19,16,10
LV,,Bo,Waters,CB,SLOT_CB,66,30,1996,72,183,Iowa State,SLOW,66,68,71,64,57,71,67,69,66,57,77,46,30,24,18,41,35,34,25,51,31,26,35,43,31,31,31,38,31,63,39,61,32,30,35,36,41,33,37,32,41,34,33,35,32,39,35,46,62,58,73,69,52,9,5,16,20
LV,,Lawrence,Aguilar,CB,ZONE_CB,60,31,1995,70,168,Tulsa,NORMAL,66,69,56,51,57,62,59,63,68,71,61,40,46,31,40,32,34,21,25,35,32,39,34,40,26,30,29,29,35,61,27,40,35,32,28,39,38,35,36,35,37,27,36,29,33,29,32,59,58,57,47,72,49,7,15,10,17
LV,,Lamar,Woodson,S,FREE_SAFETY,79,31,1995,74,197,Western Michigan,QUICK,83,77,73,74,76,81,74,77,80,83,78,39,32,37,30,52,30,35,30,23,40,37,43,28,40,36,20,35,40,84,38,64,28,38,40,30,36,33,32,38,36,34,41,29,36,30,56,76,68,59,78,90,68,27,13,14,10
LV,,Phillip,York,S,HYBRID_NICKEL,74,28,1998,71,194,Louisiana,SLOW,73,72,86,68,79,75,69,77,65,77,74,25,31,30,33,30,33,32,37,39,40,34,34,36,40,32,30,37,33,65,23,66,31,33,35,36,35,38,35,34,22,50,31,41,37,37,65,70,69,64,83,83,61,8,2,14,10
LV,,Nash,Shelton,S,STRONG_SAFETY,62,24,2002,74,210,Illinois,NORMAL,49,64,56,60,67,61,62,57,63,62,63,30,40,32,36,31,35,29,31,30,44,27,22,28,28,27,39,32,38,60,46,45,41,37,40,39,30,36,49,34,41,28,35,36,41,27,52,64,75,74,68,50,46,20,13,9,22
LV,,Levi,Stuart,S,FREE_SAFETY,61,25,2001,75,207,Brigham Young,SLOW,76,66,60,48,54,65,56,61,50,60,63,27,37,34,30,37,27,38,33,31,30,30,22,38,41,29,42,26,37,63,36,59,35,32,36,41,33,36,44,43,27,42,37,39,27,39,52,58,56,45,50,72,48,6,11,7,1
LV,,Khalil,Hooper,K,SPECIALIST,71,33,1993,70,174,Texas,NORMAL,70,68,75,78,71,70,69,72,77,70,63,35,40,34,44,40,49,50,42,39,39,46,57,48,48,43,43,44,51,41,44,38,50,48,40,39,45,44,48,31,45,51,55,41,44,40,33,48,41,44,49,45,32,69,72,43,42
LV,,Justin,Alexander,P,SPECIALIST,74,28,1998,72,195,Minnesota,SLOW,67,75,80,76,75,71,74,82,71,78,68,43,39,49,35,45,30,56,39,38,45,39,29,45,55,32,47,46,34,38,43,39,61,38,50,48,41,39,42,40,44,39,33,40,39,34,40,53,46,38,45,46,45,45,38,79,69
LV,,Marcus,Reese,LS,SPECIALIST,54,26,2000,75,252,Alabama,NORMAL,54,48,54,60,54,63,61,52,52,60,58,38,52,40,41,34,33,45,46,49,42,39,43,42,35,42,48,37,36,35,41,50,45,39,36,42,29,50,43,51,54,43,43,42,31,46,29,42,50,52,53,39,51,28,26,31,23
KC,,Zane,Christian,QB,GUNSLINGER,84,25,2001,73,213,Western Michigan,SUPERSTAR,82,82,79,83,85,83,79,84,77,86,80,99,81,76,93,82,86,86,90,86,81,73,30,26,31,36,39,36,33,28,29,22,39,29,32,35,43,40,27,39,40,36,35,43,47,27,29,30,26,20,40,29,30,15,16,20,10
KC,,Sterling,Tate,QB,POCKET_PASSER,68,26,2000,72,197,Wyoming,QUICK,63,76,75,70,60,66,72,61,67,67,67,79,71,74,74,54,64,62,64,57,67,59,38,30,44,45,27,45,31,31,30,24,27,31,36,41,33,41,36,33,40,42,35,34,27,32,20,27,34,35,36,32,40,12,11,1,9
KC,,Clay,Bond,QB,FIELD_GENERAL,59,28,1998,76,233,West Virginia,QUICK,50,59,56,61,67,58,55,53,65,72,66,44,68,56,56,51,56,50,64,44,55,51,32,34,33,46,37,28,26,25,33,32,35,41,31,29,29,44,33,38,36,37,38,35,35,28,32,30,30,29,40,33,40,9,11,8,5
KC,,Jayden,Fisher,RB,ELUSIVE,79,23,2003,73,226,Tennessee,NORMAL,81,80,86,72,76,77,77,78,73,76,78,30,37,39,29,32,25,36,24,29,69,81,84,62,93,31,41,36,71,71,67,22,66,76,24,72,71,76,32,77,34,31,34,31,33,30,37,45,22,35,41,30,27,6,18,20,13
KC,,Jace,Terry,RB,WORKHORSE,67,24,2002,70,202,Penn State,SLOW,58,60,62,69,69,75,67,65,72,61,68,32,30,41,47,30,43,47,39,28,82,61,77,72,63,32,34,34,70,68,56,29,66,51,32,58,50,74,29,54,32,28,35,41,31,35,36,31,41,35,46,34,29,10,12,1,10
KC,,Jace,Miles,RB,ELUSIVE,68,21,2005,68,203,Florida Atlantic,QUICK,71,64,73,68,70,64,65,72,65,69,76,23,31,35,27,18,43,37,41,47,67,67,60,56,84,37,40,37,63,71,56,39,54,54,23,49,52,73,29,53,32,27,28,35,16,32,32,38,34,25,37,36,28,10,17,13,14
KC,,Franklin,Dean,RB,WORKHORSE,64,24,2002,72,223,Washington State,SUPERSTAR,55,59,66,64,66,76,61,57,60,61,67,32,39,31,36,38,39,23,37,36,70,69,70,59,61,35,34,38,66,66,57,30,59,43,32,46,49,64,27,48,30,35,29,30,25,32,25,32,40,36,27,26,36,14,6,14,8
KC,,Kobe,Chandler,FB,POWER_BACK,64,24,2002,72,237,Youngstown State,NORMAL,59,57,62,74,66,67,58,62,62,59,66,31,37,36,31,27,39,33,42,26,68,39,72,33,32,41,36,35,38,56,49,25,55,58,36,54,60,35,64,62,27,39,21,34,27,36,37,33,33,44,33,41,31,15,16,6,16
KC,,Percy,Bond,WR,YAC_RECEIVER,82,26,2000,71,180,Colorado State,QUICK,85,84,82,77,76,80,79,82,83,75,84,36,29,26,23,30,35,35,28,28,68,30,84,33,87,32,34,38,33,77,85,71,93,77,84,81,72,37,32,42,31,42,30,24,23,30,26,17,40,41,34,36,42,5,11,13,12
KC,,Nehemiah,Cummings,WR,X_CONTESTED,79,22,2004,73,204,Louisiana Tech,NORMAL,69,82,89,88,85,75,78,83,83,83,83,28,41,38,31,40,39,40,23,25,68,34,71,35,60,40,41,30,39,75,81,90,74,73,86,81,66,29,26,37,32,33,31,35,37,42,39,39,34,39,43,38,31,1,8,8,12
KC,,Vincent,Mann,WR,SLOT,78,21,2005,74,199,Hawaii,SLOW,74,76,91,77,64,81,79,80,76,78,83,36,39,28,34,38,35,35,33,44,55,31,64,33,50,41,45,35,29,75,79,76,95,79,65,85,64,32,34,32,40,34,30,34,28,40,32,35,33,41,32,33,36,16,19,1,27
KC,,Kobe,Rush,WR,X_CONTESTED,67,25,2001,75,226,Pittsburgh,NORMAL,60,64,67,69,80,72,66,66,75,64,68,23,38,41,35,34,39,30,37,37,45,34,48,28,54,33,28,28,35,63,77,77,66,62,67,73,55,30,36,32,46,26,35,37,43,43,28,28,29,24,31,42,43,13,11,11,5
KC,,Felix,Rivera,WR,X_CONTESTED,62,29,1997,71,185,Wake Forest,NORMAL,58,67,60,64,64,54,59,63,55,55,69,33,27,33,40,28,34,26,28,45,42,21,45,35,40,30,28,38,26,63,75,84,66,54,52,61,50,31,28,40,31,38,37,38,36,29,32,20,33,36,30,28,32,1,14,17,22
KC,,Ethan,Owens,WR,DEEP_THREAT,56,22,2004,73,198,Washington State,QUICK,65,64,58,49,48,53,56,49,61,57,56,33,46,32,35,33,25,44,36,40,46,39,37,27,38,35,37,28,34,54,44,57,41,57,70,53,42,31,39,47,23,41,32,37,37,28,38,45,28,36,40,33,36,16,14,11,23
KC,,Brock,Farmer,TE,INLINE_BLOCKER,76,33,1993,78,257,Duke,NORMAL,71,77,79,87,68,68,72,73,78,80,75,35,30,33,32,41,43,31,27,41,24,31,34,29,49,32,41,40,34,64,73,68,78,68,67,73,82,76,85,65,43,33,67,37,28,31,23,33,39,34,29,46,40,10,15,7,10
KC,,Avery,Lloyd,TE,MOVE_TE,76,28,1998,79,256,Ohio,SLOW,84,84,73,68,70,68,80,77,75,68,68,48,28,37,41,29,34,34,24,35,39,25,43,27,27,31,29,36,29,76,70,72,83,71,60,70,81,66,82,63,33,28,55,38,34,34,31,35,42,39,38,32,32,1,11,12,8
KC,,Hendrix,Smart,TE,RECEIVING_TE,69,26,2000,79,258,Arizona,NORMAL,59,72,75,64,63,66,61,74,65,65,75,35,43,35,40,40,43,28,36,46,34,31,37,21,36,33,42,39,45,85,78,61,64,77,66,67,60,72,56,58,32,33,56,30,31,41,27,33,31,34,33,32,38,8,8,10,16
KC,,Dalton,Taylor,LT,POWER_MAULER,82,29,1997,79,305,Pittsburgh,NORMAL,82,66,61,93,89,83,85,90,89,88,95,33,32,33,39,38,36,21,45,42,32,44,36,37,33,23,25,32,32,34,31,53,32,41,31,24,90,76,29,30,99,73,75,85,35,26,37,36,37,32,25,38,34,10,20,6,9
KC,,Jermaine,Chambers,LT,PASS_PROTECTOR,63,25,2001,76,296,Wyoming,NORMAL,65,65,65,59,62,58,70,53,69,58,63,49,42,40,27,33,34,33,39,30,23,38,27,34,27,31,31,38,41,32,30,39,27,32,34,21,54,69,37,32,51,55,75,64,33,27,30,25,34,42,26,44,30,7,12,4,3
KC,,Cole,Sampson,LG,ZONE_BLOCKER,80,26,2000,78,331,Auburn,SLOW,82,88,89,76,82,84,80,76,89,76,81,37,29,33,29,31,34,43,35,30,34,27,26,47,30,32,33,36,37,38,36,33,30,30,34,47,81,77,87,33,74,84,75,76,36,31,41,38,40,39,39,39,31,13,9,5,18
KC,,Dallas,Owens,LG,ZONE_BLOCKER,65,28,1998,78,342,TCU,SLOW,70,75,72,56,60,68,57,63,68,64,62,38,32,33,37,22,30,33,36,36,32,33,41,39,40,45,42,30,28,23,40,33,34,35,36,39,61,73,66,37,57,75,61,53,35,40,26,24,29,36,28,31,25,5,10,1,27
KC,,Kolton,Lowe,C,ATHLETIC_PULLING,80,30,1996,74,292,LSU,QUICK,92,91,99,73,75,89,84,79,84,72,85,33,32,37,31,44,24,40,36,39,36,43,36,47,39,28,25,39,31,37,40,48,37,31,32,27,79,74,89,35,85,86,79,72,33,36,31,32,34,34,44,30,34,13,13,10,19
KC,,Jarrett,Horton,RG,ATHLETIC_PULLING,81,27,1999,75,303,Northwestern,NORMAL,91,92,92,75,80,79,88,83,83,80,87,44,36,48,34,40,48,24,25,29,36,32,34,28,38,36,29,34,33,28,29,29,38,25,39,33,82,81,88,33,83,82,73,76,27,44,35,45,39,32,43,35,35,6,19,11,9
KC,,Jarrett,Banks,RG,POWER_MAULER,63,28,1998,74,288,Arizona,QUICK,57,60,47,70,59,62,64,68,61,62,57,34,34,43,31,33,28,26,47,43,48,29,30,29,30,36,34,30,24,41,46,27,31,38,34,45,59,61,67,37,77,60,62,51,50,43,31,33,34,36,28,37,36,11,21,10,14
KC,,Justice,Decker,RT,ATHLETIC_PULLING,80,24,2002,77,292,Marshall,NORMAL,96,89,93,66,82,91,88,75,84,76,78,35,39,37,34,32,24,41,29,40,28,30,28,33,30,38,38,39,45,37,35,35,35,30,31,25,77,79,31,32,88,85,76,81,40,37,33,40,42,43,41,40,39,14,5,7,5
KC,,Levi,Duncan,RT,ATHLETIC_PULLING,65,25,2001,78,304,Auburn,SLOW,73,74,77,63,71,60,66,70,62,65,67,34,42,31,43,30,35,28,36,34,35,34,27,39,37,44,33,39,31,39,29,41,31,46,31,44,63,68,35,33,69,66,55,61,22,34,41,27,28,46,42,36,32,16,20,17,18
KC,,Jameson,Ledbetter,EDGE,RUN_STOPPING_EDGE,84,28,1998,76,259,North Carolina A&T,SLOW,78,83,81,96,83,80,85,83,77,91,79,42,39,31,41,35,32,39,44,38,43,33,25,33,30,30,43,33,33,27,32,31,32,40,34,33,35,29,20,42,35,31,27,39,84,73,99,80,86,74,70,77,37,11,18,18,5
KC,,Lucas,Rivera,EDGE,RUN_STOPPING_EDGE,76,25,2001,79,283,TCU,NORMAL,67,78,74,77,81,72,79,80,76,75,77,39,35,34,36,30,47,46,40,36,24,21,38,40,27,29,31,39,39,35,41,29,25,45,31,42,27,32,37,48,30,28,42,26,78,66,88,77,78,68,57,61,33,21,18,18,1
KC,,Eli,Snyder,EDGE,COVERAGE_OLB,73,21,2005,74,251,Nevada,NORMAL,84,79,79,64,75,79,78,72,74,77,74,34,45,44,34,36,33,39,30,31,31,29,39,19,34,37,37,31,19,26,33,42,29,25,29,27,24,42,35,42,39,35,35,33,63,78,65,76,72,61,72,73,31,23,17,1,10
KC,,Donovan,Buckley,EDGE,SPEED_RUSHER,65,27,1999,77,255,UCLA,NORMAL,72,72,69,40,61,66,61,62,63,57,64,31,33,33,41,40,37,28,32,35,41,35,37,40,33,32,33,20,37,46,38,34,40,32,47,31,23,28,25,47,29,45,39,33,51,86,64,65,59,47,59,52,32,11,15,4,9
KC,,Brock,Craig,EDGE,POWER_RUSHER,55,23,2003,75,246,South Alabama,QUICK,42,65,40,56,59,58,51,55,58,56,49,36,35,30,39,30,34,31,38,25,31,37,30,35,37,34,42,19,24,36,32,30,26,45,35,35,36,28,39,39,32,50,32,28,65,46,61,54,55,40,43,35,38,18,12,13,12
KC,,Blake,Parker,DT,INTERIOR_RUSHER,81,28,1998,73,308,Appalachian State,NORMAL,75,95,89,77,75,89,76,79,83,76,81,44,24,45,34,28,37,19,35,34,31,31,25,34,30,27,40,35,36,41,37,22,30,42,33,23,23,41,32,34,39,28,24,29,93,85,75,87,71,62,33,37,35,14,17,11,6
KC,,Marquise,Summers,DT,NOSE_1TECH,79,24,2002,73,307,Syracuse,SLOW,70,67,85,90,78,80,81,76,82,72,72,25,26,41,29,35,39,34,26,33,31,30,44,33,41,38,46,36,33,33,41,38,37,30,36,34,49,27,36,38,38,34,42,38,78,67,88,73,80,67,22,25,37,24,15,14,7
KC,,Franklin,Armstrong,DT,NOSE_1TECH,69,29,1997,74,291,Youngstown State,SLOW,59,55,63,81,72,76,64,67,63,65,67,47,31,31,20,37,45,36,25,35,40,39,33,35,33,32,26,35,33,31,41,34,36,30,31,36,30,39,41,27,44,38,28,37,69,55,74,59,72,52,24,33,25,17,25,1,11
KC,,Jared,Carr,DT,TWO_GAP_5TECH,59,24,2002,75,305,Middle Tennessee,NORMAL,50,53,59,73,54,55,55,53,60,63,57,40,34,26,32,35,22,32,31,32,39,38,37,30,27,35,43,40,30,31,32,37,39,31,33,47,44,25,17,28,33,24,32,32,45,32,66,58,68,48,34,34,35,35,25,7,1
KC,,Cameron,Reynolds,LB,THUMPER,85,27,1999,76,262,Tulane,SLOW,81,83,83,91,86,84,76,93,89,78,88,27,40,42,26,30,31,32,38,29,38,40,33,46,22,39,27,36,26,24,46,24,44,34,38,30,43,32,42,35,23,37,31,40,62,73,86,94,95,99,77,68,75,10,13,16,17
KC,,Eli,Hobbs,LB,FIELD_GENERAL_MLB,74,29,1997,75,244,UNLV,NORMAL,71,65,72,75,70,67,64,69,82,88,76,33,32,29,42,28,32,36,33,29,27,30,33,37,30,34,28,32,38,33,37,42,34,36,38,35,40,37,29,35,35,34,39,30,60,59,69,70,78,69,55,70,56,3,12,8,5
KC,,Anthony,Weaver,LB,COVERAGE_LB,74,24,2002,73,230,Virginia,SLOW,86,63,75,69,74,73,78,72,74,72,69,32,26,37,37,33,26,21,30,40,25,28,35,34,36,38,43,35,25,28,31,31,34,32,43,46,31,37,26,45,32,26,30,32,58,70,65,67,66,64,87,91,55,13,14,2,13
KC,,Duke,Reeves,LB,BLITZING_LB,62,27,1999,74,232,Troy,QUICK,60,71,61,55,58,60,62,63,58,61,50,29,30,33,34,42,27,30,35,29,24,36,42,35,42,31,31,29,38,42,39,34,31,30,26,36,31,25,27,36,35,39,39,46,61,63,65,71,58,63,53,62,54,11,1,20,15
KC,,Hunter,Humphrey,LB,FIELD_GENERAL_MLB,58,23,2003,75,257,Sam Houston State,QUICK,60,53,64,55,55,51,63,54,68,65,58,34,40,45,33,36,30,28,28,33,36,24,34,34,38,20,33,40,35,29,43,35,40,37,34,33,33,31,41,37,28,26,37,41,44,52,47,64,59,56,43,56,48,15,20,6,10
KC,,Silas,Sweeney,LB,THUMPER,59,22,2004,72,222,Clemson,NORMAL,61,54,54,72,52,60,58,54,59,58,58,30,22,37,23,41,26,30,27,41,25,30,41,34,28,24,34,29,30,34,38,42,38,30,27,25,49,37,35,37,49,30,33,31,45,46,72,53,72,67,49,44,44,14,18,15,12
KC,,Ryder,Berry,CB,BALLHAWK,80,30,1996,70,180,Middle Tennessee,SLOW,84,79,79,77,79,82,83,85,88,84,82,28,39,30,42,28,39,38,33,35,37,28,34,25,28,36,30,41,50,91,40,66,33,33,28,27,37,31,36,40,37,36,39,38,42,38,34,71,70,77,68,91,75,15,14,21,10
KC,,Cameron,Ryan,CB,BALLHAWK,80,27,1999,69,182,Minnesota,NORMAL,74,78,76,72,79,83,85,86,86,94,87,30,35,31,34,42,42,32,44,45,35,48,27,39,35,39,22,30,32,99,28,56,33,38,30,42,28,29,29,28,33,35,48,36,30,31,38,73,73,70,70,95,72,13,6,20,17
KC,,Gerald,Cox,CB,BALLHAWK,77,24,2002,73,209,Nevada,QUICK,72,77,76,74,88,80,69,78,72,75,82,30,31,40,36,39,32,41,17,31,43,24,32,38,31,34,43,33,29,92,27,63,32,35,33,42,41,34,38,38,37,32,35,34,32,42,44,55,70,51,70,94,70,3,5,6,11
KC,,Devonte,Matthews,CB,BALLHAWK,64,21,2005,73,191,Oregon State,NORMAL,62,65,56,59,62,61,65,57,62,69,63,18,23,33,26,29,26,28,35,28,39,51,35,41,31,34,28,33,37,79,36,49,32,34,39,30,34,35,26,35,32,29,30,43,32,30,36,50,57,49,61,73,52,10,4,17,7
KC,,Colin,Mays,CB,BALLHAWK,59,25,2001,74,215,Virginia Tech,SUPERSTAR,52,62,60,59,72,59,60,62,57,61,56,38,29,41,35,39,38,35,47,32,41,26,29,36,30,40,36,28,39,72,37,35,25,31,38,30,35,34,41,40,34,29,39,39,33,23,31,54,45,32,60,69,41,15,12,20,21
KC,,Avery,Sweeney,S,HYBRID_NICKEL,85,32,1994,73,195,Pittsburgh,NORMAL,90,77,99,80,84,81,88,82,78,74,84,39,33,40,36,31,33,25,20,36,38,29,44,40,37,34,40,37,32,83,32,74,34,35,39,28,34,38,44,37,36,23,40,42,41,29,75,89,83,79,94,94,66,16,10,27,14
KC,,Micah,Franklin,S,BOX_SAFETY,69,23,2003,73,204,Tulane,NORMAL,63,65,69,65,70,67,59,65,72,79,69,34,40,37,48,15,22,21,40,19,34,43,41,39,34,32,30,36,42,72,31,54,27,32,41,31,38,36,39,33,32,37,34,33,39,33,63,72,79,86,59,54,61,20,15,14,12
KC,,Ezekiel,Odom,S,BOX_SAFETY,66,27,1999,72,213,San Diego State,NORMAL,69,66,51,82,63,73,70,68,67,77,67,34,39,32,37,37,43,37,34,25,34,45,22,40,22,40,35,32,32,73,33,54,27,27,34,40,25,33,26,41,42,43,26,32,34,34,67,67,79,82,49,47,60,13,13,4,19
KC,,Amari,Rodgers,S,HYBRID_NICKEL,57,21,2005,72,218,Western Michigan,NORMAL,49,62,69,45,63,61,61,62,58,57,57,42,43,29,22,37,34,39,31,29,27,38,30,35,34,34,33,31,32,53,26,44,37,38,34,41,29,32,37,36,38,25,41,32,37,40,35,58,54,44,69,64,44,22,9,14,11
KC,,Jermaine,Copeland,K,SPECIALIST,75,33,1993,74,199,Louisville,SLOW,82,77,70,77,75,76,75,72,78,76,72,55,53,44,45,43,43,46,41,47,44,48,38,50,31,50,43,38,44,39,39,48,33,37,32,49,52,45,31,44,44,46,34,43,33,43,42,46,40,46,37,47,48,77,72,45,34
KC,,Tyler,Hancock,P,SPECIALIST,74,25,2001,75,199,Iowa,NORMAL,79,78,68,74,77,81,73,78,70,73,69,42,50,41,44,40,47,44,44,41,44,56,30,52,41,37,43,44,41,45,36,39,37,52,37,44,41,42,42,38,37,47,42,51,50,35,48,21,37,31,42,44,33,37,22,73,75
KC,,Gerald,Roy,LS,SPECIALIST,67,28,1998,75,238,East Carolina,SLOW,67,60,66,67,63,71,67,71,76,61,66,49,46,48,24,47,45,46,45,37,36,37,49,33,47,41,42,34,31,41,43,37,41,36,37,31,54,46,42,41,39,50,39,50,37,37,42,44,54,50,58,38,42,32,34,29,36
SD,,Austin,Webb,QB,DUAL_THREAT,85,28,1998,73,216,Louisville,NORMAL,95,94,88,82,92,83,89,80,76,83,86,92,89,85,86,93,82,79,84,98,76,62,43,43,37,30,27,29,35,38,39,34,32,40,43,26,36,34,28,36,30,43,32,35,29,37,32,21,21,40,17,33,48,4,14,13,9
SD,,Micah,Arnold,QB,POCKET_PASSER,70,23,2003,75,223,Grambling State,QUICK,53,75,69,68,65,68,75,77,73,65,66,66,70,82,75,62,63,72,69,58,51,64,36,33,31,32,34,27,34,36,34,22,31,28,27,28,20,36,24,27,33,26,29,27,28,35,37,43,31,31,35,32,35,25,17,13,21
SD,,Cole,Chase,QB,DUAL_THREAT,62,21,2005,78,232,Kansas State,NORMAL,90,73,58,69,63,67,73,63,54,58,58,64,62,55,63,69,63,59,67,82,45,50,34,37,37,35,35,36,38,33,26,38,39,23,41,32,45,36,33,42,39,40,39,38,25,35,36,36,34,29,40,31,45,24,13,19,16
SD,,Jeremiah,Roberts,RB,POWER_BACK,78,30,1996,69,194,Montana,QUICK,73,75,77,86,89,88,75,83,79,83,84,29,31,29,39,38,30,38,33,31,78,77,86,92,70,36,45,25,85,72,68,45,65,78,41,65,64,76,23,66,28,21,46,41,34,38,40,41,26,29,30,26,48,9,8,19,15
SD,,Desmond,Perkins,RB,WORKHORSE,76,26,2000,68,212,Stanford,NORMAL,72,75,74,74,79,97,77,74,82,79,81,34,30,40,27,34,22,29,41,31,81,80,80,76,68,34,29,38,78,72,64,42,65,60,39,56,59,74,38,64,42,30,27,36,35,34,45,34,34,40,41,28,41,8,10,12,7
SD,,Kade,Welch,RB,POWER_BACK,64,26,2000,74,231,Toledo,NORMAL,51,59,65,67,66,62,73,61,70,67,55,38,20,36,28,39,28,35,39,32,75,70,66,76,58,37,36,29,66,55,51,35,46,45,37,41,57,70,41,59,35,32,37,30,38,33,35,32,36,26,35,28,40,22,10,10,3
SD,,Ethan,Tate,RB,WORKHORSE,65,25,2001,74,226,Alabama,NORMAL,58,67,71,69,66,78,64,69,57,61,64,39,36,36,42,40,32,27,40,36,72,76,68,64,52,30,38,30,66,61,54,38,57,41,32,52,60,73,44,58,33,33,30,43,38,36,40,30,36,39,37,29,42,32,5,9,13
SD,,Weston,Sims,FB,ELUSIVE,67,23,2003,71,240,Auburn,NORMAL,74,70,81,64,65,64,69,67,67,67,67,34,37,27,40,32,36,35,26,46,65,35,71,38,35,30,24,28,41,74,53,36,59,65,38,44,72,25,63,67,37,34,29,49,26,33,37,31,35,29,36,34,32,10,9,11,17
SD,,Ezekiel,Lopez,WR,X_CONTESTED,85,28,1998,69,164,Fresno State,NORMAL,80,75,87,93,93,86,85,84,77,83,83,30,32,37,32,37,41,31,30,36,72,40,79,35,76,40,39,40,30,92,93,76,76,81,88,91,74,34,19,33,27,42,37,38,38,42,42,32,32,33,45,36,41,6,11,13,4
SD,,Franklin,Little,WR,DEEP_THREAT,84,21,2005,71,193,Maryland,NORMAL,91,88,78,80,86,85,86,86,86,76,89,37,32,29,22,33,35,33,31,32,77,38,66,37,73,38,37,43,37,83,77,85,78,77,96,86,60,40,30,31,34,42,37,30,38,40,37,29,35,42,31,39,31,13,17,11,20
SD,,Devonte,Keller,WR,Z_ROUTE_TECH,69,23,2003,77,229,Central Michigan,QUICK,66,66,63,63,63,73,69,69,73,70,66,25,34,28,37,35,32,39,34,24,58,35,61,18,68,35,38,34,37,67,59,62,70,78,78,75,67,41,35,27,49,36,25,39,33,31,34,30,33,30,41,37,28,11,16,8,16
SD,,Keegan,Vincent,WR,YAC_RECEIVER,72,23,2003,74,182,Colorado,X_FACTOR,70,77,72,65,72,64,75,78,69,76,65,25,32,28,27,38,40,37,33,29,54,30,72,22,75,30,41,34,38,73,71,68,80,73,67,72,62,28,32,42,37,34,37,31,30,39,27,27,31,27,34,35,38,12,19,21,17
SD,,Reggie,Hendricks,WR,YAC_RECEIVER,63,25,2001,76,215,Michigan State,QUICK,59,73,60,69,63,68,66,57,63,66,59,41,47,34,42,35,39,20,24,33,66,26,60,25,71,35,38,37,43,67,60,51,72,63,59,57,48,33,32,35,40,42,42,28,18,42,36,33,36,26,31,40,34,14,7,14,10
SD,,Caleb,Willis,WR,Z_ROUTE_TECH,58,22,2004,71,179,Michigan State,SUPERSTAR,50,56,63,54,63,58,50,50,62,51,60,33,29,34,30,37,32,38,44,38,52,28,55,40,39,39,29,37,37,48,59,55,68,70,55,56,43,40,31,35,43,24,31,37,41,38,44,39,36,29,32,39,33,17,15,18,21
SD,,Cooper,Lee,TE,MOVE_TE,80,28,1998,76,254,Cincinnati,NORMAL,88,92,76,78,84,82,83,77,79,86,85,26,31,34,39,40,40,38,33,27,27,40,35,43,39,38,31,42,32,73,85,76,78,81,68,64,88,77,80,70,29,34,74,41,28,35,32,34,31,26,30,32,30,16,13,7,14
SD,,Alec,Long,TE,RECEIVING_TE,67,25,2001,76,245,Kansas State,NORMAL,70,72,77,56,62,68,68,68,69,59,72,44,34,25,41,38,33,36,28,39,38,32,31,32,25,33,41,43,35,70,73,60,72,82,53,50,55,66,64,65,34,28,54,33,33,38,30,34,31,31,40,32,38,18,13,12,14
SD,,Mario,Zimmerman,TE,RECEIVING_TE,60,24,2002,77,255,TCU,NORMAL,57,58,58,52,54,62,58,55,47,64,61,25,37,25,25,25,35,31,29,37,32,27,37,36,34,31,39,40,31,83,70,57,57,73,50,54,39,61,52,48,26,36,55,40,33,34,34,26,41,29,29,31,37,13,17,15,28
SD,,Jabari,Love,LT,ATHLETIC_PULLING,84,28,1998,76,288,North Carolina,NORMAL,92,90,92,75,79,89,92,96,85,81,85,42,22,41,26,32,41,34,32,27,24,38,36,40,25,34,27,27,35,35,31,27,33,36,36,47,82,87,39,41,80,88,77,85,33,37,32,40,24,18,35,39,37,15,7,10,11
SD,,Rhett,Carter,LT,PASS_PROTECTOR,66,26,2000,76,315,Wyoming,NORMAL,70,67,60,60,66,65,62,62,69,70,59,34,43,33,28,40,21,33,43,33,37,38,38,31,23,22,42,37,25,26,35,38,38,32,32,31,59,73,27,43,55,63,73,74,41,33,34,35,37,36,30,37,36,7,13,1,15
SD,,Jeremiah,Dorsey,LG,POWER_MAULER,79,31,1995,75,314,Virginia,QUICK,80,67,62,85,83,82,73,79,75,73,85,21,40,41,30,20,42,32,31,36,32,30,29,39,38,38,36,33,37,33,39,34,31,30,34,33,82,74,81,29,89,63,80,62,31,30,26,47,30,37,30,42,37,19,14,6,12
SD,,Rashad,Parker,LG,ZONE_BLOCKER,62,25,2001,78,329,James Madison,NORMAL,58,70,80,51,57,57,63,59,70,57,58,31,32,32,33,30,37,41,29,34,29,36,38,30,29,31,40,36,32,36,32,41,36,33,26,37,63,60,57,44,59,80,62,46,32,26,31,30,33,38,37,36,40,23,22,8,22
SD,,Braxton,Booker,C,PASS_PROTECTOR,84,25,2001,75,297,Arkansas,NORMAL,79,80,84,78,91,85,79,92,87,82,83,27,43,29,39,24,33,37,41,34,38,28,41,26,32,27,32,37,45,30,31,45,23,41,28,38,81,98,82,33,72,86,82,84,29,32,30,32,29,34,30,45,36,19,15,5,5
SD,,Vance,Harris,RG,POWER_MAULER,75,25,2001,74,297,Bowling Green,QUICK,65,72,62,83,81,71,82,66,69,74,73,34,30,39,38,27,40,26,33,23,41,30,34,40,45,27,26,37,32,33,28,29,42,32,33,40,71,71,90,27,80,72,74,68,42,35,31,26,40,33,44,36,27,4,7,13,6
SD,,Eric,Sharp,RG,ATHLETIC_PULLING,66,28,1998,74,298,Ole Miss,NORMAL,74,74,77,61,65,58,77,61,69,64,62,41,29,36,33,37,32,34,35,37,38,39,37,24,31,36,39,43,37,36,22,46,42,32,30,46,64,66,68,43,63,71,67,59,34,29,40,33,40,42,36,31,33,1,19,23,13
SD,,Donovan,Randall,RT,ATHLETIC_PULLING,83,31,1995,80,337,Iowa,NORMAL,99,94,98,78,82,86,75,81,81,76,81,38,35,33,38,33,41,39,43,38,34,42,31,28,35,43,31,31,36,49,30,41,32,35,29,37,88,77,36,27,82,94,84,79,38,34,36,37,30,40,28,26,34,14,14,1,13
SD,,Warren,Wilcox,RT,POWER_MAULER,64,29,1997,77,297,James Madison,NORMAL,61,60,53,66,58,59,69,63,61,60,60,37,40,35,44,40,39,40,36,38,27,23,30,31,36,21,43,32,31,32,38,36,38,35,39,43,67,69,41,34,70,44,67,64,31,37,33,46,22,41,37,28,43,7,19,14,21
SD,,Jaxon,Scott,EDGE,RUN_STOPPING_EDGE,74,28,1998,76,272,Central Michigan,NORMAL,66,76,76,88,74,76,69,75,77,79,73,34,40,29,38,34,36,38,28,28,28,41,35,35,36,41,33,33,32,28,33,40,32,43,28,38,42,37,33,35,33,31,33,26,73,66,79,76,75,57,55,62,29,21,10,12,8
SD,,Ethan,Owens,EDGE,RUN_STOPPING_EDGE,75,23,2003,75,256,Rice,SUPERSTAR,70,77,74,83,75,76,69,74,75,83,76,31,31,43,37,41,33,43,34,26,25,28,36,34,38,28,34,37,30,46,30,50,33,40,40,25,24,27,33,27,33,35,35,35,75,64,84,69,86,67,53,61,26,11,4,10,3
SD,,Thomas,Caldwell,EDGE,SPEED_RUSHER,67,21,2005,76,251,Boston College,SLOW,74,82,75,55,68,64,70,59,66,67,60,27,34,37,41,33,34,36,36,42,41,38,32,28,38,38,46,43,31,29,27,31,36,34,22,26,39,36,31,29,25,41,33,38,58,75,58,67,66,52,51,50,37,11,7,27,1
SD,,Zachary,Everett,EDGE,COVERAGE_OLB,68,25,2001,75,253,USC,NORMAL,79,68,70,63,66,61,66,63,66,62,72,31,33,36,35,35,39,39,44,32,41,34,44,36,50,43,35,32,32,37,28,35,37,33,35,25,44,33,35,31,28,34,30,27,63,63,65,82,67,49,59,67,31,15,13,17,11
SD,,Ricardo,Haynes,EDGE,RUN_STOPPING_EDGE,61,25,2001,76,263,Grambling State,NORMAL,55,60,53,61,56,57,62,61,56,60,60,30,43,32,42,27,31,46,28,32,42,29,34,26,34,32,37,37,22,33,38,29,27,37,38,24,35,22,33,36,34,23,35,31,64,54,69,60,72,42,53,58,27,13,1,5,10
SD,,Ricardo,Davenport,DT,INTERIOR_RUSHER,84,26,2000,77,326,Youngstown State,SLOW,87,94,81,76,89,77,80,81,79,89,82,32,39,42,27,31,34,42,37,38,29,42,27,32,37,40,35,37,33,34,34,29,34,35,33,35,35,39,35,31,31,32,33,35,98,93,75,87,75,72,29,25,42,9,11,7,1
SD,,Calvin,Jones,DT,TWO_GAP_5TECH,77,24,2002,77,319,Oklahoma,NORMAL,76,74,76,79,86,81,76,78,79,85,77,42,30,27,33,33,34,26,24,42,29,36,40,24,26,37,25,25,28,34,36,33,42,36,46,30,38,41,28,28,41,28,38,30,74,61,79,73,82,65,28,32,43,11,1,21,16
SD,,Braden,James,DT,TWO_GAP_5TECH,68,21,2005,74,308,Villanova,NORMAL,75,53,65,82,68,70,72,72,55,69,65,28,36,35,34,44,37,37,24,43,24,35,32,24,34,36,23,31,32,35,37,30,31,33,24,38,34,28,43,28,42,41,43,29,59,46,83,65,66,57,43,39,32,7,11,3,12
SD,,Caleb,Leach,DT,INTERIOR_RUSHER,66,21,2005,78,332,Oregon,NORMAL,64,79,66,66,64,63,58,68,58,70,59,43,34,39,25,31,24,29,27,43,35,32,39,40,41,33,32,19,24,44,40,46,38,38,32,27,39,45,38,34,39,35,28,25,77,72,55,56,60,55,31,26,32,13,16,22,10
SD,,Trace,Fields,LB,COVERAGE_LB,86,30,1996,72,225,Georgia,SLOW,89,85,88,85,88,85,92,88,78,85,83,29,31,30,24,32,28,39,37,39,28,29,33,43,29,30,23,36,29,30,38,27,28,39,38,40,28,39,37,24,32,31,32,34,76,65,71,85,90,75,96,96,67,11,1,11,10
SD,,Brock,King,LB,THUMPER,78,25,2001,74,230,New Mexico,SLOW,71,70,80,91,74,76,72,79,82,74,83,40,36,32,29,34,30,41,31,36,31,33,37,40,39,44,31,33,42,38,30,28,32,27,50,30,21,25,31,31,33,34,39,38,59,61,84,72,84,90,66,80,66,22,11,18,9
SD,,Travis,Stokes,LB,BLITZING_LB,69,27,1999,76,245,UNLV,SLOW,67,75,69,72,71,69,75,66,71,76,72,42,21,42,29,36,21,31,45,29,35,29,30,34,30,38,43,37,41,42,37,35,39,40,36,31,33,42,34,31,37,28,17,34,74,60,75,76,69,59,53,60,50,4,20,3,22
SD,,Isaac,Roy,LB,THUMPER,68,24,2002,73,224,Ohio State,SUPERSTAR,67,70,67,72,65,74,65,65,64,79,71,31,40,37,34,41,35,39,26,29,35,35,40,28,42,39,37,37,33,24,44,30,33,36,33,37,23,37,36,31,25,31,33,28,58,60,69,67,77,79,60,46,61,8,13,6,15
SD,,Kendrick,Harrington,LB,COVERAGE_LB,57,21,2005,74,242,Missouri,NORMAL,74,45,65,44,61,56,55,58,55,56,53,34,31,36,33,42,31,33,18,32,34,43,34,38,33,32,35,42,35,27,40,38,44,31,39,33,33,30,46,35,32,38,38,27,37,36,49,50,57,51,67,63,37,1,14,13,18
SD,,Clayton,Fleming,LB,BLITZING_LB,51,21,2005,74,251,Wyoming,NORMAL,52,56,52,53,58,51,45,54,46,54,45,36,37,33,35,36,18,27,30,35,27,38,34,33,38,23,29,36,33,36,24,33,39,46,36,29,38,28,30,32,42,34,36,31,55,48,50,60,54,49,41,39,45,2,2,14,24
SD,,Mitchell,Collins,CB,MAN_PRESS,90,27,1999,72,203,Youngstown State,QUICK,97,86,85,82,84,88,86,91,87,88,96,28,54,28,34,20,29,36,35,38,31,32,36,31,34,33,38,31,34,84,40,80,38,28,18,24,29,38,41,39,48,37,43,32,34,22,39,83,81,72,97,84,97,19,21,17,16
SD,,Malik,Hudson,CB,ZONE_CB,74,23,2003,74,212,California,SLOW,78,74,67,78,71,71,80,76,81,86,74,32,35,36,39,41,38,37,38,38,41,42,31,51,32,48,39,39,37,73,32,49,41,36,29,35,34,38,24,23,21,39,42,36,39,29,34,64,69,61,69,85,60,15,10,11,6
SD,,Curtis,Allen,CB,SLOT_CB,64,21,2005,69,181,Indiana,NORMAL,55,71,80,61,52,71,61,61,63,57,62,45,34,34,26,42,36,40,32,31,31,37,43,25,38,46,40,43,32,63,27,50,40,48,27,35,30,34,31,30,30,39,31,21,29,36,39,51,68,52,68,64,55,15,18,13,7
SD,,Anthony,Booker,CB,BALLHAWK,68,22,2004,72,188,Boston College,QUICK,63,61,67,70,83,70,67,58,69,81,61,38,35,36,24,26,39,43,37,25,35,20,43,26,36,25,18,37,31,86,34,67,33,35,32,34,30,37,34,28,33,31,33,32,23,29,32,59,53,46,66,76,54,18,9,4,12
SD,,Omar,Sawyer,CB,BALLHAWK,57,25,2001,72,188,Colorado,NORMAL,59,56,54,55,62,52,60,56,53,62,60,34,33,36,29,36,21,37,50,30,43,37,34,39,34,45,35,39,29,73,25,45,29,31,38,46,38,41,38,33,30,46,31,35,27,29,30,46,56,49,48,73,41,5,18,19,16
SD,,Aaron,Glover,S,STRONG_SAFETY,82,24,2002,73,219,Arizona,NORMAL,68,73,84,92,79,82,82,77,82,84,76,31,39,35,39,55,36,39,36,30,38,19,41,34,20,39,18,29,35,80,23,65,38,34,42,38,36,33,27,41,31,32,32,36,35,35,76,89,79,93,88,83,78,15,7,21,15
SD,,Noah,Chambers,S,BOX_SAFETY,81,28,1998,70,198,Colorado,SLOW,78,84,80,79,78,85,88,82,87,81,80,41,36,37,27,29,42,32,42,31,25,32,33,39,41,31,27,28,22,84,33,68,46,37,34,44,32,39,44,42,30,41,32,31,35,51,85,82,88,94,68,77,66,10,7,10,25
SD,,Eric,Vincent,S,FREE_SAFETY,65,21,2005,72,188,New Mexico,NORMAL,69,56,69,61,67,66,64,63,63,69,58,27,48,28,42,34,23,30,23,26,25,35,26,25,31,36,30,31,33,67,51,49,34,43,41,31,36,30,34,25,38,31,30,16,30,41,41,68,52,45,66,76,59,1,8,9,16
SD,,Riley,Preston,S,STRONG_SAFETY,61,21,2005,71,202,Central Michigan,QUICK,62,69,59,68,71,57,59,58,55,60,61,45,36,34,34,35,32,35,37,37,38,35,26,33,50,37,35,26,33,55,36,48,45,31,28,21,38,43,42,42,35,29,36,37,34,31,51,66,66,67,55,57,46,7,13,16,13
SD,,Solomon,Mills,K,SPECIALIST,82,27,1999,75,205,Middle Tennessee,NORMAL,82,79,81,86,84,88,88,87,85,77,87,46,40,49,54,52,48,44,51,38,46,49,43,43,36,46,34,42,43,38,38,47,33,43,40,33,39,28,38,39,43,50,45,44,47,47,41,41,48,53,43,47,41,80,83,30,40
SD,,Theo,Sanders,P,SPECIALIST,73,25,2001,74,208,Oklahoma State,QUICK,76,79,75,78,73,67,71,69,77,75,69,39,48,51,45,38,37,50,55,32,39,43,40,48,42,34,39,46,49,37,34,35,37,41,40,45,40,47,57,39,46,49,52,35,33,43,45,27,37,43,41,37,50,39,32,71,74
SD,,Cornelius,Farmer,LS,SPECIALIST,67,27,1999,77,249,South Dakota State,SLOW,71,56,66,68,68,69,67,69,67,64,61,37,31,44,45,35,38,38,44,50,34,35,37,38,43,43,44,32,57,52,43,48,34,45,45,34,39,34,35,39,36,36,43,39,51,39,37,50,67,43,39,42,50,28,38,33,30
WAS,,Brennan,Reese,QB,IMPROVISER,89,23,2003,76,226,Liberty,NORMAL,88,92,94,81,91,86,86,85,88,97,90,90,89,84,85,98,89,99,81,89,81,77,41,38,38,46,23,35,38,31,37,37,37,47,29,32,41,29,33,35,37,27,25,32,30,39,22,40,39,34,30,30,26,13,8,16,18
WAS,,Aaron,Griffin,QB,IMPROVISER,69,27,1999,78,252,Western Michigan,SUPERSTAR,71,64,75,73,69,66,68,65,65,69,57,70,75,65,65,71,67,82,65,68,51,64,29,32,22,31,28,40,36,36,38,40,39,35,32,38,36,51,36,40,40,39,36,44,32,35,35,34,35,30,34,37,30,14,12,22,1
WAS,,Bo,Hammond,QB,POCKET_PASSER,60,22,2004,77,233,Texas Tech,QUICK,52,57,65,59,59,53,51,63,61,55,60,65,62,65,66,46,58,62,60,44,53,45,38,39,35,30,42,22,39,28,38,27,33,29,29,23,29,47,23,24,28,35,40,35,34,35,32,29,35,38,34,32,27,8,6,17,1
WAS,,Charles,Wade,RB,ONE_CUT_ZONE,84,35,1991,68,183,Washington,NORMAL,74,91,84,82,81,88,90,80,85,81,87,26,26,22,37,31,37,29,34,27,89,91,89,65,74,36,41,42,88,79,58,40,67,70,25,76,69,88,29,77,35,33,45,36,34,26,33,35,29,36,47,41,34,24,1,2,13
WAS,,Kevin,Weaver,RB,ONE_CUT_ZONE,73,27,1999,74,235,Georgia Southern,SUPERSTAR,68,75,76,68,79,75,69,74,71,69,74,32,48,35,22,30,34,51,17,25,64,79,68,60,79,39,22,38,77,81,66,30,61,67,37,55,63,74,25,68,29,22,40,39,44,51,25,42,41,34,30,41,40,15,7,19,24
WAS,,Franklin,Baldwin,RB,POWER_BACK,68,26,2000,70,203,Iowa State,QUICK,66,61,69,81,72,78,65,79,65,73,67,34,41,41,18,27,33,34,36,31,67,65,74,86,58,44,29,29,76,59,62,36,54,42,42,66,55,61,33,67,36,37,25,35,41,35,35,37,28,30,38,33,31,19,21,15,12
WAS,,Declan,Armstrong,RB,ONE_CUT_ZONE,59,23,2003,69,208,Central Michigan,QUICK,56,55,73,49,56,66,61,57,53,59,65,38,23,32,25,42,32,36,36,35,54,61,54,51,62,38,35,26,68,54,41,29,45,48,28,37,55,58,22,53,32,34,38,31,31,42,28,33,26,36,39,38,36,10,14,6,7
WAS,,Simeon,McCall,FB,ELUSIVE,70,24,2002,70,234,Jackson State,SUPERSTAR,72,72,77,68,74,70,70,66,62,74,73,37,36,28,36,37,32,33,39,40,81,36,64,33,32,30,34,45,43,66,69,34,59,54,31,66,73,29,72,69,30,32,31,31,41,42,34,29,41,31,28,49,38,14,14,10,17
WAS,,Colby,Rivera,WR,Z_ROUTE_TECH,87,29,1997,73,207,Texas State,NORMAL,80,86,77,81,80,84,89,89,91,88,89,32,33,44,33,37,35,35,31,31,77,36,70,26,78,30,39,35,35,84,89,88,91,94,92,89,73,19,28,25,40,38,35,31,29,29,30,22,34,38,38,35,40,23,10,8,7
WAS,,Roman,Whitaker,WR,YAC_RECEIVER,78,21,2005,74,202,Louisiana,NORMAL,73,90,75,77,79,76,84,78,75,80,82,25,29,39,28,31,27,25,31,36,73,32,80,27,75,36,43,45,28,76,83,70,84,79,62,87,63,31,36,31,36,36,26,35,27,27,37,29,32,31,25,39,32,13,9,26,14
WAS,,Duke,Kennedy,WR,YAC_RECEIVER,81,22,2004,75,214,Rice,NORMAL,77,84,86,83,84,77,88,83,83,85,76,32,37,34,24,35,38,42,45,37,70,24,69,41,88,28,39,30,29,79,84,72,92,74,74,88,74,28,35,33,29,29,29,39,39,47,36,43,41,42,32,39,34,15,9,16,6
WAS,,Eric,Wilkerson,WR,DEEP_THREAT,66,25,2001,69,181,James Madison,QUICK,79,70,67,57,65,66,71,64,60,64,65,28,34,39,40,36,35,22,34,33,59,32,56,38,48,40,35,35,32,64,61,71,55,63,70,65,49,42,31,38,34,38,35,34,29,27,32,36,47,37,29,29,35,16,12,11,12
WAS,,Shawn,Fleming,WR,DEEP_THREAT,61,27,1999,75,204,Nebraska,NORMAL,82,66,54,46,64,55,54,57,63,71,65,26,30,37,35,39,33,35,22,44,49,42,50,27,45,41,35,23,33,56,53,53,42,63,75,55,37,44,34,27,28,35,33,33,25,37,47,44,30,42,38,26,24,14,1,20,10
WAS,,Cornelius,Mills,WR,YAC_RECEIVER,58,32,1994,74,219,USC,NORMAL,58,73,62,62,55,57,64,57,55,65,53,33,36,39,32,29,32,40,47,33,53,49,57,30,62,31,37,25,35,61,60,49,63,56,47,54,41,33,23,40,42,32,36,28,32,22,28,32,32,27,35,35,40,6,24,8,1
WAS,,Tobias,Wilkerson,TE,H_BACK,81,30,1996,77,251,Boston College,QUICK,68,76,77,77,82,82,83,82,88,76,89,36,30,32,27,40,41,46,40,38,28,29,42,36,26,27,32,32,38,86,82,67,74,81,57,68,86,78,82,82,33,34,68,25,29,41,44,43,34,35,29,42,39,10,13,18,6
WAS,,Patrick,Conley,TE,MOVE_TE,70,21,2005,74,233,Colorado,SLOW,83,72,74,58,65,62,65,75,70,67,67,39,32,43,32,22,36,43,41,31,36,39,48,31,33,33,38,40,38,75,71,68,64,74,61,60,67,63,74,56,28,23,69,41,44,35,30,31,36,32,34,30,25,22,10,15,12
WAS,,Odell,Holland,TE,MOVE_TE,66,24,2002,74,242,Utah State,SLOW,74,72,61,61,71,63,73,59,57,62,64,33,30,33,37,41,22,35,41,37,31,29,38,33,35,33,30,40,40,64,65,64,68,72,48,60,72,66,64,47,28,33,55,30,32,29,23,36,25,31,42,29,37,5,10,4,1
WAS,,Adrian,Drummond,LT,PASS_PROTECTOR,85,30,1996,77,312,Arkansas,NORMAL,82,76,82,84,89,81,79,88,84,85,85,26,24,30,48,24,32,34,36,32,45,18,36,27,37,38,33,34,27,38,38,45,35,32,26,35,83,91,34,25,69,82,93,88,24,37,32,30,29,39,36,37,32,13,17,13,12
WAS,,Ryder,Knight,LT,POWER_MAULER,64,32,1994,76,299,Central Michigan,SLOW,67,56,53,72,62,56,64,71,64,64,66,28,39,38,31,28,32,32,29,40,39,23,35,31,45,42,34,32,36,46,39,35,33,30,25,27,67,63,38,32,82,57,63,59,30,22,40,36,33,24,31,37,34,6,7,6,5
WAS,,Tyrese,Guerrero,LG,POWER_MAULER,85,29,1997,75,302,Auburn,SLOW,92,83,74,98,87,76,83,84,88,90,79,44,31,27,26,41,38,35,36,42,30,40,31,35,25,40,26,27,43,33,49,35,31,36,32,35,81,75,88,35,98,73,85,64,29,35,31,41,32,42,35,24,27,9,15,20,15
WAS,,Payton,Stanley,LG,PASS_PROTECTOR,65,26,2000,76,314,Toledo,NORMAL,66,68,61,61,66,68,70,62,64,59,62,42,28,41,35,25,35,36,35,38,35,28,36,22,31,35,40,45,36,43,40,37,30,41,29,41,61,81,55,41,55,60,72,66,43,28,38,32,33,37,26,37,47,14,4,12,11
WAS,,Carson,Murphy,C,PASS_PROTECTOR,81,23,2003,75,300,Illinois,SUPERSTAR,83,93,83,78,74,75,89,85,77,77,74,25,26,32,35,36,27,39,30,36,44,38,29,40,28,25,30,30,33,37,31,20,37,37,31,27,76,91,65,35,78,82,94,80,43,38,34,35,37,38,27,32,24,13,7,9,12
WAS,,Kai,Ramos,RG,ATHLETIC_PULLING,82,33,1993,77,313,Northwestern,SLOW,88,93,96,78,77,90,89,88,82,84,81,35,36,40,32,34,37,37,32,31,27,44,37,46,33,27,30,36,36,29,31,31,32,44,38,39,80,77,86,37,83,94,80,78,38,36,29,25,44,33,33,39,43,9,9,9,10
WAS,,Jarrett,Alvarez,RG,ZONE_BLOCKER,66,26,2000,76,328,Georgia,QUICK,69,72,73,61,73,66,67,65,77,63,64,35,37,32,30,36,28,35,37,39,43,39,42,35,32,28,38,30,29,41,38,43,35,42,22,27,69,60,72,30,59,76,60,64,41,46,26,30,30,35,36,30,28,19,10,13,10
WAS,,Percy,Richards,RT,PASS_PROTECTOR,82,27,1999,80,319,Kentucky,NORMAL,83,75,85,75,88,86,82,77,86,88,80,34,43,52,33,45,38,33,32,39,36,28,50,25,39,27,33,38,33,50,36,38,34,40,33,39,77,90,44,28,72,74,80,84,34,34,37,33,32,33,33,30,32,14,19,7,21
WAS,,Bryce,Lloyd,RT,ZONE_BLOCKER,68,22,2004,76,314,Texas A&M,QUICK,76,73,70,63,70,65,70,82,75,70,71,27,41,32,36,34,34,33,29,39,35,32,46,40,37,27,37,41,33,39,41,36,29,23,34,31,61,70,24,31,66,78,65,71,36,31,31,40,28,38,38,28,44,14,19,16,11
WAS,,Kevin,Love,EDGE,SPEED_RUSHER,85,23,2003,76,260,Alabama,QUICK,93,97,92,68,90,78,81,80,90,92,86,23,31,39,40,30,39,31,21,35,39,31,24,38,32,32,42,33,36,28,34,34,23,32,32,35,35,27,34,37,25,30,28,29,76,97,75,79,83,69,65,74,36,6,1,11,17
WAS,,Curtis,Roy,EDGE,RUN_STOPPING_EDGE,81,26,2000,75,243,Florida Atlantic,NORMAL,65,76,72,87,85,86,77,75,75,82,80,36,24,46,38,31,24,18,43,47,36,25,41,35,49,24,29,32,25,39,40,38,37,35,27,35,37,38,43,37,25,22,37,31,87,73,95,79,89,82,73,57,33,13,14,17,7
WAS,,Gerald,Williams,EDGE,POWER_RUSHER,70,22,2004,74,247,Louisville,NORMAL,58,73,63,85,78,68,63,73,75,71,71,45,40,21,30,27,23,31,37,27,38,44,28,38,39,21,39,28,26,35,32,26,32,36,35,38,32,37,39,23,18,32,29,31,77,61,75,82,62,58,57,50,36,15,17,13,14
WAS,,Kyler,Paul,EDGE,RUN_STOPPING_EDGE,68,24,2002,74,248,Ohio,NORMAL,59,70,65,79,65,66,74,72,73,78,76,31,36,37,40,34,27,33,35,25,37,38,28,46,32,34,41,34,35,33,38,35,36,38,40,33,39,42,27,32,45,38,25,32,65,54,78,72,78,59,62,64,36,12,10,16,9
WAS,,Deandre,Norwood,EDGE,SPEED_RUSHER,58,22,2004,76,245,North Carolina,NORMAL,70,65,66,41,57,60,59,55,58,58,68,35,28,38,26,29,37,20,34,31,30,45,33,41,28,40,50,29,40,39,30,34,27,33,45,24,34,33,38,33,29,26,42,36,46,72,47,59,60,43,46,41,16,8,11,11,19
WAS,,Hakeem,Banks,DT,PENETRATOR_3TECH,83,23,2003,75,321,Mississippi State,SLOW,84,95,87,70,79,79,75,83,82,87,89,41,28,35,28,40,34,28,31,30,37,28,37,32,32,28,31,35,36,35,28,33,36,34,36,39,28,37,33,39,38,39,40,34,85,98,79,85,85,73,27,22,35,14,15,25,10
WAS,,Nico,Flowers,DT,TWO_GAP_5TECH,79,26,2000,78,346,Arizona State,SUPERSTAR,83,79,76,79,78,78,85,79,80,96,74,31,35,35,41,29,34,31,40,29,33,28,29,36,28,39,43,37,43,44,25,26,32,30,32,22,35,31,33,40,36,32,38,33,71,67,86,77,78,66,42,39,28,8,1,19,12
WAS,,Solomon,Guerrero,DT,PENETRATOR_3TECH,64,23,2003,76,321,Georgia,NORMAL,64,74,60,51,70,70,63,62,64,62,70,30,28,36,35,38,38,35,36,33,24,23,34,33,34,26,31,39,44,35,25,41,34,40,37,36,30,39,39,37,23,38,31,30,71,73,57,72,69,58,37,29,30,16,6,6,9
WAS,,Damarcus,Downs,DT,TWO_GAP_5TECH,66,21,2005,78,339,Arizona State,NORMAL,70,59,66,74,72,65,67,59,64,66,67,31,31,33,36,34,28,46,32,41,34,22,26,31,39,32,20,38,21,26,29,33,38,49,38,35,28,43,32,36,41,34,41,34,58,53,76,53,76,39,27,44,26,17,8,19,1
WAS,,Kai,Craig,LB,COVERAGE_LB,84,23,2003,72,230,Ohio State,NORMAL,96,78,85,74,78,86,88,93,82,86,84,28,35,36,35,28,44,34,46,42,29,35,33,41,37,42,35,25,33,31,34,38,47,34,35,45,35,44,37,24,35,38,26,28,64,75,66,81,82,76,93,96,76,16,15,12,16
WAS,,Drew,Washington,LB,FIELD_GENERAL_MLB,78,25,2001,72,213,Temple,SLOW,64,71,80,83,76,85,76,82,82,89,71,32,27,40,45,43,35,45,35,36,27,40,19,35,36,39,30,25,46,31,28,34,39,32,43,50,29,39,34,32,28,29,35,43,61,73,71,84,82,77,74,73,76,11,18,23,19
WAS,,Sam,Kelly,LB,FIELD_GENERAL_MLB,75,26,2000,73,224,Montana,NORMAL,67,67,73,71,73,80,73,74,80,79,77,37,32,21,31,39,36,34,39,30,30,35,35,33,38,34,30,37,39,36,30,41,31,36,51,43,32,39,32,45,25,51,24,28,70,65,80,74,84,66,60,75,58,12,18,19,3
WAS,,Chandler,Parrish,LB,COVERAGE_LB,65,21,2005,76,256,Old Dominion,X_FACTOR,71,67,74,58,67,62,63,63,67,57,65,27,36,43,34,42,45,28,34,40,30,38,28,35,37,37,26,33,39,37,32,31,34,38,24,40,37,38,25,29,32,31,33,39,65,48,60,59,62,58,75,78,47,22,10,10,16
WAS,,Caleb,Durham,LB,BLITZING_LB,56,24,2002,74,243,Nebraska,SLOW,56,63,55,56,54,49,57,54,71,52,57,31,29,38,27,40,30,50,29,38,30,42,31,47,38,37,31,31,33,29,27,37,44,40,25,38,28,37,26,36,30,35,32,42,61,56,68,61,46,56,53,48,36,11,14,7,15
WAS,,Chase,Calhoun,LB,BLITZING_LB,58,23,2003,72,231,Florida,SLOW,58,67,62,47,59,62,53,57,58,63,53,22,38,46,35,29,44,31,34,30,31,23,16,38,26,19,29,28,32,41,31,36,44,39,33,38,32,32,50,31,44,31,39,32,58,66,59,67,60,58,50,43,52,19,12,13,3
WAS,,Nico,Conley,CB,BALLHAWK,85,28,1998,69,179,Central Florida,NORMAL,84,87,83,85,95,92,82,74,84,88,86,35,31,35,36,36,24,36,41,32,35,37,36,25,32,31,25,30,33,97,25,65,40,36,37,27,31,37,36,29,31,28,25,38,34,37,41,75,75,70,77,95,75,8,17,1,18
WAS,,Austin,English,CB,MAN_PRESS,74,28,1998,74,217,Temple,NORMAL,79,72,71,78,71,74,68,72,78,67,75,40,35,47,28,37,32,37,32,35,36,33,38,45,45,37,41,29,35,70,29,68,27,40,34,40,34,33,33,34,35,34,31,43,33,33,41,63,77,73,82,56,89,9,6,23,10
WAS,,Julian,Hale,CB,ZONE_CB,73,33,1993,74,210,Georgia Southern,NORMAL,73,71,69,66,76,71,70,80,68,83,74,44,34,35,33,38,41,39,39,42,33,38,31,34,33,41,43,40,27,67,30,64,32,27,42,28,45,38,30,33,29,34,33,26,25,36,35,67,73,54,68,82,67,14,25,13,6
WAS,,Brennan,Perkins,CB,SLOT_CB,64,22,2004,72,200,Appalachian State,NORMAL,58,76,73,67,62,74,60,64,59,59,71,32,35,33,29,43,35,24,33,37,28,22,33,30,38,16,23,30,27,62,37,54,39,39,37,42,36,26,34,44,24,29,39,37,30,42,36,53,70,47,69,60,55,11,7,9,6
WAS,,Justice,Stanton,CB,ZONE_CB,64,21,2005,69,174,Western Kentucky,SLOW,65,55,55,65,62,68,65,72,66,77,66,33,45,27,32,30,40,30,39,33,42,34,30,35,18,40,35,34,35,64,40,45,24,34,28,26,28,32,38,28,37,33,36,37,34,40,23,68,58,55,56,82,56,21,6,13,12
WAS,,Easton,Newton,S,BOX_SAFETY,86,26,2000,75,210,Central Michigan,NORMAL,88,89,86,83,91,89,92,86,91,86,80,35,32,37,39,34,39,25,29,43,34,31,42,35,35,28,29,34,31,90,34,74,33,37,42,40,40,37,33,33,34,26,27,28,35,39,93,85,98,95,69,78,72,21,6,6,21
WAS,,Javon,Short,S,BOX_SAFETY,76,24,2002,72,208,Duke,NORMAL,67,71,82,70,80,74,83,77,82,92,60,30,25,32,31,27,29,33,28,31,31,28,28,35,33,33,28,23,20,73,29,53,38,40,35,32,29,27,34,37,34,34,29,31,38,23,67,76,88,93,66,60,73,20,13,13,7
WAS,,Beau,Baker,S,BOX_SAFETY,72,29,1997,73,202,Purdue,SLOW,73,73,73,75,71,66,71,67,70,77,70,39,25,33,30,46,39,32,35,32,22,30,33,41,26,37,39,33,34,72,43,62,41,43,31,38,38,45,36,37,35,32,25,27,36,41,64,73,84,84,59,62,51,19,9,3,15
WAS,,Andre,Berry,S,STRONG_SAFETY,65,21,2005,75,223,Texas A&M,NORMAL,62,70,60,75,69,65,54,64,58,69,66,28,39,34,40,35,43,31,36,44,30,35,39,39,42,40,39,31,23,60,43,59,42,30,34,40,31,35,30,33,35,28,35,36,30,21,46,65,81,72,58,59,62,17,10,12,14
WAS,,Stefon,Lucas,K,SPECIALIST,77,28,1998,73,200,South Dakota State,NORMAL,82,73,74,74,79,77,79,68,81,77,78,54,28,47,41,37,45,37,31,38,45,38,44,41,48,40,36,44,37,35,45,43,39,39,38,42,48,39,47,54,44,46,47,40,38,40,45,41,40,39,45,35,41,76,77,41,23
WAS,,Cornelius,Richards,P,SPECIALIST,78,21,2005,75,214,USC,NORMAL,72,78,82,78,77,78,70,81,71,83,74,43,45,33,31,44,45,36,43,51,36,34,36,35,40,43,47,39,38,41,44,41,39,44,43,45,55,41,36,53,45,35,51,33,47,35,33,44,31,50,36,36,36,33,30,77,80
WAS,,Devonte,Henry,LS,SPECIALIST,62,24,2002,76,260,Central Michigan,QUICK,61,58,53,63,66,57,57,59,60,63,67,40,39,51,48,42,53,49,53,49,45,40,55,34,35,44,43,43,40,39,46,44,44,42,45,49,46,39,36,44,42,39,43,38,48,37,39,47,65,34,44,41,55,32,32,26,34
CHA,,Wesley,Winters,QB,POCKET_PASSER,82,28,1998,78,248,South Alabama,SLOW,72,84,87,80,82,83,80,88,81,80,86,82,80,95,81,75,82,79,82,69,75,79,33,34,41,41,41,30,44,26,32,39,36,43,25,39,38,45,33,34,34,41,31,39,35,27,41,25,28,27,25,30,31,14,16,9,13
CHA,,Stefon,Joyner,QB,DUAL_THREAT,72,26,2000,73,211,Ole Miss,NORMAL,90,85,78,69,74,76,75,77,70,66,71,67,73,70,69,80,71,73,75,83,59,59,32,38,36,31,26,36,25,28,30,26,28,35,32,33,31,32,41,34,27,32,26,31,45,30,24,42,32,39,29,37,31,11,6,8,17
CHA,,Rondell,Edwards,QB,FIELD_GENERAL,58,27,1999,72,210,Wisconsin,NORMAL,47,52,63,64,60,64,60,53,65,69,65,46,67,55,53,58,54,48,59,46,39,54,28,34,30,40,30,29,33,39,34,31,31,32,42,26,30,37,32,33,42,29,31,17,35,29,28,39,40,30,36,41,35,11,13,16,22
CHA,,Gavin,Stone,RB,RECEIVING_BACK,79,30,1996,68,183,Florida State,NORMAL,76,78,81,84,79,77,78,79,81,81,82,40,35,35,42,19,30,26,30,43,76,74,76,66,78,34,37,33,83,93,75,40,76,78,33,61,75,89,34,62,28,32,41,34,37,31,39,44,35,25,28,43,30,17,14,19,16
CHA,,Davion,Douglas,RB,WORKHORSE,69,26,2000,72,205,Utah,SLOW,59,75,65,76,71,88,69,69,69,71,73,32,40,33,30,36,22,27,38,28,79,75,76,64,67,36,35,27,67,66,47,40,65,57,39,51,48,67,29,58,31,38,36,36,29,43,32,29,37,39,40,30,39,3,14,15,18
CHA,,Darius,Coleman,RB,ELUSIVE,62,32,1994,69,210,Louisiana,NORMAL,57,55,60,54,60,73,64,66,59,67,68,30,40,27,35,42,32,43,34,29,67,66,63,54,76,41,38,36,63,64,52,33,49,47,35,55,51,49,26,45,33,25,44,27,23,36,34,29,33,37,34,32,27,6,4,27,18
CHA,,Walker,Sears,RB,ELUSIVE,60,28,1998,72,230,Fresno State,SLOW,63,57,67,44,59,53,64,56,67,61,61,27,33,35,37,30,35,25,38,21,57,61,60,43,67,30,33,40,56,59,47,40,55,45,34,47,52,51,35,64,32,39,35,43,24,32,40,38,32,32,47,27,38,6,6,19,10
CHA,,Nehemiah,Mayfield,FB,RECEIVING_BACK,59,28,1998,70,227,Boise State,QUICK,63,54,58,56,57,60,62,58,53,62,61,38,37,26,47,34,37,46,39,40,74,41,52,43,38,25,29,34,23,66,60,28,67,56,27,36,52,39,56,64,44,45,35,33,38,35,28,38,23,23,31,24,39,14,21,1,7
CHA,,Demarco,Jennings,WR,X_CONTESTED,79,29,1997,72,185,San Jose State,QUICK,68,80,86,89,90,80,77,71,68,76,77,38,33,32,37,36,36,34,35,38,66,29,67,36,60,29,24,35,39,71,83,91,87,72,84,79,58,35,23,37,38,42,36,36,43,31,31,46,31,34,26,39,41,5,11,10,12
CHA,,Antoine,Welch,WR,X_CONTESTED,78,24,2002,77,212,Utah,SLOW,75,82,81,82,83,78,80,76,79,76,84,37,32,44,31,39,34,37,38,34,64,41,75,29,61,45,27,38,25,73,89,80,77,79,72,77,66,46,33,34,42,26,34,35,35,30,31,32,32,36,28,31,33,11,12,9,9
CHA,,Jordan,Mitchell,WR,DEEP_THREAT,77,21,2005,74,197,Texas Tech,NORMAL,89,78,63,73,80,71,75,86,70,72,80,39,28,24,44,26,28,36,36,35,62,20,71,36,63,33,18,32,31,78,71,77,62,79,82,78,68,35,31,26,40,46,28,49,28,32,43,39,24,26,44,32,23,16,15,12,3
CHA,,Warren,Finley,WR,DEEP_THREAT,68,30,1996,69,175,Auburn,NORMAL,79,79,68,60,69,75,79,66,69,69,72,39,26,40,36,32,33,35,39,37,51,31,63,21,59,33,39,38,39,61,61,68,46,73,78,66,57,21,36,29,33,38,28,40,45,42,27,40,34,31,41,28,34,11,8,17,12
CHA,,Jermaine,Booker,WR,SLOT,63,23,2003,71,188,Tennessee,QUICK,54,64,69,61,53,62,60,62,67,67,62,40,30,37,42,41,31,30,30,41,54,28,50,43,55,33,38,29,36,63,72,64,71,59,58,73,59,32,39,31,39,36,33,29,38,41,32,30,40,31,40,21,30,1,8,16,25
CHA,,Peyton,Brady,WR,Z_ROUTE_TECH,55,23,2003,69,163,Purdue,NORMAL,50,44,52,48,48,50,56,55,49,54,55,40,34,41,40,39,35,42,27,39,50,37,47,31,37,31,30,28,32,55,51,50,57,69,49,62,41,41,41,37,29,29,41,30,25,35,36,38,33,27,29,37,19,10,16,15,6
CHA,,Tate,Sears,TE,H_BACK,77,29,1997,75,238,Vanderbilt,NORMAL,78,81,74,64,75,73,79,70,74,80,75,37,42,22,39,35,28,30,25,35,34,28,34,35,31,35,23,29,40,76,80,62,76,78,53,51,83,72,84,82,31,34,69,40,31,34,36,30,30,39,24,33,31,10,13,15,4
CHA,,Jesse,Mitchell,TE,INLINE_BLOCKER,64,27,1999,77,251,Auburn,SUPERSTAR,52,54,66,73,59,62,69,62,63,69,61,33,33,28,37,36,46,37,28,38,32,40,36,41,28,27,39,34,36,60,67,55,68,44,49,58,72,61,77,48,28,43,62,42,36,43,29,40,28,27,27,41,39,10,14,13,15
CHA,,Connor,Hodge,TE,H_BACK,56,25,2001,74,253,Nevada,NORMAL,50,58,59,52,58,52,48,52,67,58,53,33,36,37,26,34,39,28,36,35,27,32,29,41,32,26,45,38,30,55,50,41,53,51,35,37,60,52,71,45,42,30,46,34,44,28,33,28,38,37,35,34,39,15,18,15,18
CHA,,Byron,Short,LT,ZONE_BLOCKER,79,23,2003,79,306,Houston,NORMAL,82,88,96,77,70,79,83,84,85,73,81,41,28,31,39,27,33,29,32,32,28,27,31,29,31,32,33,50,28,29,42,35,23,34,42,31,81,71,24,35,67,91,83,76,30,38,28,44,27,28,36,25,25,16,13,16,1
CHA,,Justin,Taylor,LT,POWER_MAULER,66,30,1996,79,315,Grambling State,NORMAL,66,51,58,74,68,63,66,64,62,65,64,36,40,33,30,34,24,33,36,26,40,38,30,27,32,34,27,20,43,27,35,50,21,42,42,33,69,68,27,47,79,52,62,66,28,28,27,35,35,44,30,32,30,16,16,18,12
CHA,,Eric,Christian,LG,ATHLETIC_PULLING,74,27,1999,76,318,SMU,QUICK,83,77,84,69,64,74,79,70,81,72,76,35,32,29,36,46,32,25,38,40,31,45,47,37,42,31,29,32,30,31,32,34,42,29,31,30,75,69,74,28,79,78,73,69,41,28,47,35,30,35,25,40,23,17,9,1,8
CHA,,Adrian,Bradley,LG,ATHLETIC_PULLING,55,28,1998,76,326,Texas,NORMAL,65,65,77,53,63,62,56,62,55,52,52,35,27,43,41,42,32,42,26,30,31,41,37,22,32,44,44,27,34,36,33,35,18,32,36,19,56,50,57,46,56,57,52,51,42,34,39,39,37,32,33,42,36,22,18,19,9
CHA,,Brandon,Wilkins,C,POWER_MAULER,80,25,2001,75,309,Sam Houston State,NORMAL,82,61,64,89,84,79,82,78,71,79,76,35,39,33,37,32,33,29,32,37,44,25,42,41,44,33,27,37,35,46,35,28,41,29,35,26,91,82,82,37,84,57,69,64,28,33,33,26,33,35,35,36,43,14,12,16,7
CHA,,Franklin,Randolph,RG,ZONE_BLOCKER,72,24,2002,74,310,Washington State,SLOW,69,83,84,75,69,72,79,72,72,69,71,35,23,32,34,34,31,30,33,28,35,24,33,25,32,31,29,36,36,35,40,31,40,40,16,34,72,68,77,27,60,81,70,56,41,33,34,41,36,37,32,26,32,22,8,4,6
CHA,,Hunter,Alvarez,RG,POWER_MAULER,55,32,1994,77,319,Wisconsin,NORMAL,62,48,40,61,52,56,57,52,55,58,53,43,30,39,39,33,40,24,33,47,36,34,34,29,31,25,32,27,34,44,32,32,39,30,38,30,56,53,56,26,64,40,50,41,27,21,36,27,33,44,38,28,29,13,17,15,9
CHA,,Davion,Turner,RT,ZONE_BLOCKER,74,24,2002,80,328,SMU,SUPERSTAR,76,77,87,66,68,75,75,73,77,79,72,26,25,25,34,43,24,30,27,30,38,45,41,28,33,40,49,37,43,36,36,23,26,28,29,42,71,74,45,36,69,91,70,72,34,48,38,28,43,39,36,43,42,15,16,11,2
CHA,,Jabari,Gibson,RT,ATHLETIC_PULLING,60,26,2000,79,328,Mississippi State,SLOW,73,62,67,50,61,68,58,63,67,66,55,25,33,35,42,38,32,43,35,35,31,17,32,24,45,35,30,43,29,31,37,40,28,28,42,31,62,59,29,26,67,61,55,61,36,44,37,35,36,32,34,30,33,13,15,22,5
CHA,,Kaleb,McLean,EDGE,POWER_RUSHER,80,26,2000,74,241,San Jose State,NORMAL,77,77,75,87,83,80,80,76,77,80,79,27,29,30,30,34,39,35,35,32,27,37,37,33,23,34,38,29,35,38,43,36,23,35,29,27,27,29,33,36,22,33,21,32,83,69,93,85,78,69,66,71,33,14,11,14,12
CHA,,Walker,Ferguson,EDGE,POWER_RUSHER,83,23,2003,77,264,North Dakota State,X_FACTOR,73,82,68,91,83,84,87,85,84,87,81,42,36,39,29,40,41,35,47,31,47,42,38,33,38,32,24,27,28,35,29,20,39,41,40,37,32,37,27,32,27,31,39,30,96,79,91,71,81,61,72,76,31,18,13,11,7
CHA,,Weston,Roach,EDGE,SPEED_RUSHER,70,24,2002,74,252,Georgia Southern,NORMAL,85,77,85,58,73,73,71,73,72,69,74,21,50,35,28,30,34,30,43,32,41,28,37,27,25,43,35,28,39,37,36,38,37,37,43,35,39,40,23,28,39,50,26,31,50,81,65,71,63,60,51,51,20,18,2,13,14
CHA,,Brennan,Daniels,EDGE,SPEED_RUSHER,61,28,1998,74,245,Wyoming,QUICK,67,70,63,50,60,63,60,60,57,53,56,32,35,32,27,33,28,23,28,25,38,29,37,43,30,30,42,41,35,35,30,39,39,36,35,36,19,26,26,34,38,29,31,38,51,76,56,56,59,45,47,52,35,20,6,15,4
CHA,,Jesse,Pickett,EDGE,COVERAGE_OLB,54,27,1999,78,273,Baylor,NORMAL,57,57,58,55,56,55,56,60,43,45,61,34,42,32,37,48,29,34,38,23,29,32,32,39,29,27,44,29,37,26,30,39,30,34,31,37,25,45,25,25,36,34,33,29,38,59,54,57,61,46,54,59,36,12,10,13,7
CHA,,Alec,Stark,DT,NOSE_1TECH,79,27,1999,78,340,Brigham Young,NORMAL,69,64,84,85,79,78,84,79,81,81,86,37,32,37,36,39,30,39,33,34,46,21,38,39,38,37,27,32,28,33,37,35,36,35,24,34,17,23,29,44,22,40,23,43,76,66,89,70,85,69,31,29,26,12,19,2,10
CHA,,Jacoby,Edwards,DT,PENETRATOR_3TECH,70,27,1999,74,305,Wake Forest,SLOW,74,73,62,68,69,74,70,71,61,67,72,28,37,34,26,29,45,48,25,36,40,40,21,40,38,30,32,30,37,37,29,30,37,44,32,39,29,23,35,36,33,30,33,34,84,77,61,70,67,53,33,30,48,5,6,17,5
CHA,,Darnell,Harris,DT,PENETRATOR_3TECH,67,26,2000,75,315,Grambling State,SLOW,69,76,62,57,69,69,70,64,64,68,74,31,36,38,32,27,42,41,40,40,34,28,37,40,32,29,38,44,45,31,25,29,34,32,37,35,37,33,30,39,35,34,27,37,70,80,63,73,63,45,32,27,41,20,6,6,8
CHA,,Nathan,Murphy,DT,TWO_GAP_5TECH,62,24,2002,76,315,Texas Tech,QUICK,55,49,66,75,65,61,59,61,51,70,55,37,29,35,33,45,35,37,41,33,19,35,32,41,28,43,34,41,33,26,37,32,35,26,42,38,23,43,32,30,34,37,35,33,53,42,72,56,65,54,42,28,41,1,18,9,14
CHA,,Tyrese,Pearson,LB,BLITZING_LB,77,26,2000,73,242,Baylor,NORMAL,84,94,76,80,69,81,77,71,83,85,76,27,37,28,33,33,45,32,35,33,34,39,37,31,40,27,27,38,36,46,28,16,27,31,29,39,39,30,31,32,35,31,28,39,79,77,75,85,65,77,61,70,64,16,2,13,21
CHA,,Bo,McCoy,LB,BLITZING_LB,70,29,1997,74,243,Notre Dame,NORMAL,69,78,67,78,66,76,66,74,63,74,67,36,33,30,20,39,38,42,29,29,28,27,29,35,36,26,28,35,30,28,40,37,28,31,28,43,24,40,30,33,41,39,32,36,73,67,78,77,69,72,61,57,56,7,17,11,15
CHA,,Devin,Powers,LB,THUMPER,68,25,2001,76,242,Southern Illinois,NORMAL,58,59,70,77,62,75,74,62,72,68,70,37,47,35,37,43,37,44,27,21,35,32,38,32,35,37,25,34,39,42,39,27,32,36,33,41,32,30,36,32,40,35,32,32,58,52,77,68,72,80,66,59,49,16,12,13,1
CHA,,Justice,Wade,LB,COVERAGE_LB,69,24,2002,73,226,Oregon,NORMAL,79,64,78,63,69,68,69,68,57,68,70,36,35,40,34,50,39,39,32,33,29,46,32,32,27,37,34,35,25,33,35,25,33,31,36,30,31,33,39,32,36,41,36,39,56,66,57,71,67,59,87,81,56,3,18,20,22
CHA,,Solomon,Small,LB,BLITZING_LB,55,26,2000,72,232,Western Michigan,SUPERSTAR,63,67,54,59,57,53,61,49,55,58,61,29,24,31,34,42,37,29,36,38,31,34,43,49,32,32,23,32,42,30,42,23,31,37,26,35,27,30,17,30,34,36,41,37,54,57,49,63,52,56,37,46,37,3,10,22,8
CHA,,Victor,Hall,LB,BLITZING_LB,52,26,2000,72,226,Wyoming,NORMAL,55,67,47,51,55,46,50,49,55,60,59,31,34,28,38,31,35,30,42,44,34,33,27,33,24,35,29,34,48,32,30,25,33,39,20,34,33,34,44,32,39,19,34,25,50,62,52,49,53,53,40,35,44,3,9,3,7
CHA,,Jeremiah,Joyner,CB,ZONE_CB,80,27,1999,74,217,Bowling Green,NORMAL,80,78,86,84,83,83,72,80,86,90,78,28,47,31,31,33,47,32,40,29,38,38,32,39,24,39,46,40,34,82,34,69,32,35,18,32,38,31,36,27,42,32,41,42,30,36,32,70,81,56,69,93,67,1,14,14,17
CHA,,Jesse,Benson,CB,SLOT_CB,79,22,2004,73,196,Western Michigan,NORMAL,72,92,88,81,77,84,82,82,74,76,82,33,40,34,41,36,33,24,31,37,33,34,35,40,33,29,36,32,28,75,30,69,39,33,38,31,41,26,26,29,44,37,37,36,37,33,39,68,79,69,86,78,65,17,23,1,21
CHA,,Reggie,Allen,CB,BALLHAWK,71,23,2003,70,188,Ole Miss,NORMAL,75,67,68,74,78,74,71,68,70,77,71,27,32,51,22,29,20,28,48,34,31,31,40,39,30,34,31,30,41,80,24,56,36,36,29,30,42,41,37,28,32,36,35,33,32,36,29,58,63,64,69,78,56,25,7,2,7
CHA,,Nico,Ledbetter,CB,ZONE_CB,61,23,2003,71,183,Clemson,QUICK,61,62,62,62,60,65,63,63,65,74,57,34,39,28,39,36,36,33,45,31,35,43,42,36,36,39,25,20,33,65,39,47,34,39,32,33,38,31,36,26,34,37,40,42,49,40,27,51,56,50,50,71,56,14,12,9,21
CHA,,Dillon,Lane,CB,MAN_PRESS,57,23,2003,70,184,Michigan,NORMAL,61,56,60,61,54,55,58,62,55,50,60,25,32,38,25,31,30,36,29,33,42,38,38,32,29,32,42,35,41,57,23,49,34,38,38,39,19,40,34,37,43,37,24,39,34,34,36,47,47,46,63,50,62,19,19,4,8
CHA,,Corey,Baldwin,S,STRONG_SAFETY,79,29,1997,71,198,Maryland,SUPERSTAR,72,82,80,77,75,72,84,76,80,77,84,24,31,38,39,37,39,31,32,26,42,22,35,27,36,35,37,33,28,81,41,73,27,38,33,22,33,32,30,43,28,41,39,31,44,36,71,81,80,90,74,80,72,14,5,15,9
CHA,,Xavier,James,S,FREE_SAFETY,72,30,1996,72,215,Boston College,QUICK,82,58,76,72,71,66,73,66,74,81,69,27,33,32,35,33,35,37,38,42,30,38,35,42,37,28,38,26,38,75,40,59,42,25,31,28,34,44,39,28,29,37,33,20,30,26,66,74,55,66,69,76,61,11,13,10,15
CHA,,Dallas,Reed,S,STRONG_SAFETY,65,24,2002,73,218,Youngstown State,SLOW,58,61,65,76,72,65,63,60,69,65,62,25,33,47,35,30,32,33,35,35,34,31,26,40,38,45,37,35,48,65,39,45,41,36,34,26,41,30,33,33,28,30,47,25,35,33,58,71,68,84,58,57,55,19,12,3,13
CHA,,Hunter,Noble,S,STRONG_SAFETY,57,26,2000,71,198,Youngstown State,NORMAL,47,57,62,69,61,51,58,61,59,61,54,30,21,35,36,23,19,31,34,25,43,30,35,42,31,42,35,29,34,54,40,47,29,33,30,35,34,41,36,36,31,43,28,26,36,26,34,57,61,69,57,49,46,13,26,1,11
CHA,,Rondell,Allen,K,SPECIALIST,73,29,1997,70,176,North Texas,NORMAL,76,70,75,79,79,69,83,70,74,71,76,44,31,37,49,35,38,50,48,42,36,55,48,46,38,47,34,42,46,30,56,39,45,33,49,35,44,41,43,43,30,37,36,47,56,34,49,38,46,41,31,57,47,71,74,34,32
CHA,,Lorenzo,Waller,P,SPECIALIST,70,23,2003,74,212,Arkansas,QUICK,74,68,72,71,63,69,63,70,74,69,69,43,44,36,46,45,31,34,38,49,50,51,50,48,32,37,42,51,40,44,42,42,43,34,47,38,42,40,36,41,47,43,41,36,55,36,47,48,36,39,49,42,44,27,36,71,68
CHA,,Rhett,Mills,LS,SPECIALIST,58,23,2003,73,235,Stanford,NORMAL,56,53,58,69,53,60,68,63,53,64,57,38,45,40,46,43,47,44,34,37,43,42,42,39,45,38,41,48,37,43,50,43,40,42,45,53,41,43,45,26,44,46,28,27,40,45,42,40,54,48,52,44,47,41,31,25,38
ATL,,Gabriel,Adams,QB,DUAL_THREAT,89,29,1997,73,217,Wyoming,QUICK,97,99,98,93,78,92,93,89,92,90,93,90,80,80,93,97,91,89,88,97,83,89,31,27,29,33,27,30,41,37,29,41,49,28,28,31,36,29,36,29,33,31,41,33,34,33,29,39,31,32,29,36,43,10,17,4,13
ATL,,Nash,Rodgers,QB,DUAL_THREAT,74,25,2001,76,226,Duke,NORMAL,83,78,73,76,69,77,73,78,74,65,73,73,74,68,78,89,72,70,79,92,62,61,34,34,36,43,26,35,32,42,28,30,25,35,37,42,28,29,30,36,37,25,36,36,25,46,36,33,35,27,41,39,42,5,7,1,9
ATL,,Ricardo,Townsend,QB,POCKET_PASSER,63,26,2000,73,204,Youngstown State,NORMAL,54,61,63,66,62,63,59,61,64,58,64,59,66,70,71,56,62,61,62,44,52,44,23,26,42,27,38,31,29,41,21,37,30,34,27,36,33,34,26,29,23,35,34,44,36,32,25,33,37,38,39,34,42,13,1,30,8
ATL,,Terrance,Keller,RB,ONE_CUT_ZONE,88,31,1995,71,214,Memphis,QUICK,82,97,93,83,98,92,86,84,85,82,82,40,45,31,38,25,30,27,31,43,86,94,83,84,80,36,42,34,93,83,72,39,82,64,41,82,79,84,49,70,37,34,37,37,22,30,35,33,35,48,22,40,35,13,12,10,16
ATL,,Noah,Glover,RB,RECEIVING_BACK,78,27,1999,72,212,Arizona State,NORMAL,82,76,71,81,76,80,75,77,78,73,85,42,36,35,39,35,37,32,29,32,76,79,74,68,81,33,35,30,83,93,65,29,89,67,28,68,72,79,40,69,33,19,31,41,30,45,35,26,25,38,38,37,41,9,4,10,20
ATL,,Wyatt,Branch,RB,ELUSIVE,70,23,2003,74,242,New Mexico,SLOW,69,67,83,66,60,67,70,66,66,76,69,42,40,41,38,33,43,45,29,32,63,70,78,67,81,25,27,42,64,65,64,24,64,61,19,58,74,62,36,57,37,47,29,32,28,31,42,44,41,42,40,40,36,4,11,23,23
ATL,,Malik,Dennis,RB,WORKHORSE,63,22,2004,71,209,Memphis,SLOW,57,62,65,62,64,82,66,63,57,66,58,38,28,37,35,38,31,28,37,33,65,78,66,60,59,29,30,29,66,62,47,38,47,66,27,48,55,52,42,57,33,29,30,32,39,32,32,29,32,40,21,32,31,10,14,19,28
ATL,,Peyton,Warren,FB,ELUSIVE,77,31,1995,72,251,Nebraska,QUICK,73,78,82,72,75,83,84,73,87,90,77,24,35,30,37,27,28,42,35,30,75,36,82,40,38,27,45,36,41,76,59,21,73,56,44,59,83,37,81,70,32,35,27,30,35,32,26,27,40,41,39,37,17,5,19,15,1
ATL,,Jace,Walker,WR,YAC_RECEIVER,86,27,1999,73,204,Wisconsin,NORMAL,88,89,87,88,84,93,88,81,83,96,87,44,25,19,39,36,43,36,20,39,79,32,87,29,96,18,31,28,41,89,87,81,92,82,72,90,60,33,38,34,37,35,43,39,41,39,44,34,31,55,35,19,40,19,16,11,16
ATL,,Byron,Clark,WR,X_CONTESTED,82,21,2005,76,214,Memphis,NORMAL,73,76,86,93,92,82,82,80,78,88,82,30,44,40,36,40,36,32,30,44,74,34,69,30,74,35,33,39,39,77,98,87,77,85,71,93,79,38,28,44,31,27,41,37,43,39,37,38,27,43,41,39,37,11,18,7,19
ATL,,Joel,Henry,WR,YAC_RECEIVER,74,28,1998,74,214,Hawaii,NORMAL,74,78,69,77,65,66,67,82,68,81,74,24,26,50,40,31,34,38,39,42,61,23,76,35,80,32,30,43,45,83,71,64,81,73,70,70,65,38,37,41,28,31,30,40,36,37,29,30,27,35,37,23,34,11,7,16,3
ATL,,Kevin,Willis,WR,YAC_RECEIVER,70,23,2003,69,175,Wyoming,SUPERSTAR,70,73,69,68,75,74,68,70,68,69,73,28,30,40,28,31,29,37,27,32,65,33,68,41,74,35,26,30,27,66,83,64,79,66,63,66,63,34,47,34,32,22,29,32,37,43,26,35,40,43,25,43,34,21,11,8,14
ATL,,Bryce,Ford,WR,SLOT,65,21,2005,75,197,Utah,NORMAL,64,74,71,57,57,67,64,65,67,65,60,41,34,38,26,35,29,35,33,24,50,35,52,33,51,31,32,32,25,62,69,64,73,64,51,73,56,34,28,28,43,32,43,29,31,25,33,40,30,42,34,42,35,15,10,6,6
ATL,,Hunter,Gilbert,WR,DEEP_THREAT,55,22,2004,70,181,Arizona State,NORMAL,67,60,53,41,46,58,47,65,48,55,55,45,21,34,31,28,39,46,38,38,48,43,40,41,39,27,37,30,27,54,48,53,46,55,64,56,39,28,43,38,41,33,40,35,34,32,33,44,30,27,35,31,41,20,5,18,4
ATL,,Hakeem,Russell,TE,INLINE_BLOCKER,85,24,2002,75,247,Old Dominion,QUICK,68,77,85,93,88,85,83,93,83,87,84,22,37,25,32,30,47,29,27,36,36,35,26,34,26,40,37,28,42,75,85,70,84,74,84,72,98,92,98,80,30,34,75,39,43,36,38,24,28,36,29,29,39,11,15,19,18
ATL,,Jamal,Richardson,TE,INLINE_BLOCKER,71,23,2003,76,254,Coastal Carolina,QUICK,58,73,67,77,67,67,68,71,70,71,76,29,31,38,31,37,40,35,39,33,33,31,32,36,33,25,30,35,46,68,68,62,72,59,62,57,85,79,71,51,33,37,61,27,39,48,40,42,33,35,40,39,33,5,12,6,11
ATL,,Kobe,Crockett,TE,INLINE_BLOCKER,66,26,2000,74,247,Sam Houston State,SLOW,54,64,66,64,74,67,69,57,63,66,64,38,37,25,30,35,37,39,37,34,37,35,30,28,21,28,30,33,27,59,67,58,64,51,62,45,90,69,74,59,43,39,47,36,33,22,38,34,35,39,29,35,37,6,11,13,11
ATL,,Dillon,Underwood,LT,ATHLETIC_PULLING,90,28,1998,76,305,Arkansas,SUPERSTAR,99,99,98,83,87,91,93,92,91,91,95,29,35,44,32,41,27,40,41,33,38,32,28,35,23,28,27,36,30,33,22,30,37,29,31,28,87,93,24,30,93,92,83,89,36,28,42,41,35,29,34,31,39,8,18,22,21
ATL,,Hakeem,Cabrera,LT,POWER_MAULER,67,26,2000,77,301,North Carolina,NORMAL,72,67,66,82,67,68,63,74,63,61,70,21,33,31,40,28,36,37,20,23,32,27,31,35,30,36,37,36,39,25,35,28,51,35,41,32,65,65,32,39,81,56,66,62,40,35,33,29,34,36,41,28,29,4,12,16,5
ATL,,Tariq,Waller,LG,POWER_MAULER,85,23,2003,75,307,Appalachian State,NORMAL,83,83,73,89,84,85,89,85,77,74,89,47,37,39,31,34,29,26,26,38,35,39,46,48,35,43,28,31,39,38,36,36,25,38,41,39,79,91,91,34,94,84,83,75,26,42,32,36,35,29,34,41,38,4,15,19,23
ATL,,Tyrese,Snell,LG,PASS_PROTECTOR,67,25,2001,78,333,Coastal Carolina,SUPERSTAR,67,67,59,63,71,66,76,63,63,73,73,32,46,30,35,37,28,38,42,27,37,31,40,41,30,35,16,44,31,27,44,41,32,35,35,29,65,84,59,39,58,61,72,62,33,26,41,25,38,34,30,40,32,10,18,2,19
ATL,,Tyrese,Shepherd,C,PASS_PROTECTOR,85,27,1999,74,299,TCU,NORMAL,83,86,82,82,87,81,83,87,95,85,85,36,42,36,32,41,29,37,39,37,32,34,31,36,34,42,39,35,34,32,37,38,37,42,39,36,87,93,70,28,69,80,86,85,30,20,27,34,36,26,39,29,30,20,6,14,3
ATL,,Gerald,King,RG,ATHLETIC_PULLING,85,31,1995,76,300,Jackson State,SUPERSTAR,93,94,99,76,92,91,88,80,84,87,81,27,51,40,32,38,32,37,36,26,36,37,30,23,37,39,34,44,28,43,38,37,34,32,30,43,86,87,85,22,91,92,80,73,25,34,28,37,35,34,39,36,33,8,10,3,9
ATL,,Grayson,Wise,RG,ATHLETIC_PULLING,68,27,1999,78,326,Arizona,SUPERSTAR,81,70,81,59,68,68,67,59,70,67,74,32,34,37,32,33,44,28,22,37,35,40,30,15,40,31,38,30,27,31,33,39,38,40,40,40,70,70,74,42,67,67,64,61,43,27,49,42,43,40,39,33,23,7,10,15,11
ATL,,Ian,Archer,RT,POWER_MAULER,86,24,2002,76,298,North Dakota State,NORMAL,88,82,76,93,87,82,84,83,87,83,86,30,29,30,32,31,35,35,34,34,32,29,37,35,42,38,38,20,43,24,46,47,35,41,39,42,91,82,39,26,96,71,85,86,31,39,37,37,32,28,26,32,30,5,21,18,7
ATL,,Sterling,Watson,RT,ATHLETIC_PULLING,71,21,2005,76,293,South Dakota State,NORMAL,79,81,81,73,71,61,72,73,62,68,71,32,33,38,34,35,25,34,39,39,33,38,34,34,20,39,37,45,35,31,32,35,21,48,26,34,71,66,31,29,78,72,77,73,29,36,27,34,30,35,27,35,27,16,18,14,20
ATL,,Zion,Waters,EDGE,POWER_RUSHER,90,26,2000,76,250,Texas,SLOW,78,89,87,99,94,81,89,92,83,92,98,36,35,32,36,41,37,28,42,28,29,40,36,37,42,33,44,35,36,33,33,42,45,38,34,37,35,33,28,37,34,41,36,40,99,78,99,88,91,79,81,73,31,11,10,10,20
ATL,,Jamal,Clayton,EDGE,COVERAGE_OLB,83,22,2004,76,257,Old Dominion,NORMAL,91,84,78,75,81,84,84,86,79,80,83,27,32,35,34,36,40,28,37,33,39,39,39,37,30,24,35,29,36,51,37,34,38,28,37,44,38,31,39,37,28,34,25,33,75,80,84,95,87,78,76,91,36,6,9,5,4
ATL,,Logan,Bowers,EDGE,RUN_STOPPING_EDGE,72,26,2000,75,264,Temple,SUPERSTAR,64,68,72,75,69,72,75,79,77,75,69,30,32,27,20,29,41,30,45,33,37,28,34,32,38,46,49,30,37,33,42,34,26,34,34,31,37,39,32,30,38,47,39,46,75,62,84,70,82,58,63,55,34,18,16,16,5
ATL,,Terrance,Vance,EDGE,RUN_STOPPING_EDGE,65,25,2001,75,255,Alabama,SUPERSTAR,55,54,63,71,67,64,72,55,60,72,64,27,38,35,38,30,39,35,28,32,33,34,36,30,36,22,40,27,44,42,45,34,32,40,41,28,29,30,38,34,39,35,40,22,69,44,87,64,77,54,57,56,29,20,13,6,7
ATL,,Shawn,Harrell,EDGE,COVERAGE_OLB,62,25,2001,77,259,Louisiana,QUICK,70,58,53,54,62,63,67,61,63,62,71,31,34,37,30,43,36,36,42,26,45,38,41,39,36,31,40,38,31,46,39,29,44,34,28,30,29,37,32,38,28,23,43,44,55,64,60,71,67,49,61,65,39,7,23,22,19
ATL,,Mitchell,McNeil,DT,NOSE_1TECH,88,21,2005,76,324,Notre Dame,QUICK,67,67,88,95,83,93,89,93,87,91,88,49,27,32,21,38,36,29,36,34,37,34,26,20,55,23,33,35,43,32,28,30,41,36,26,26,31,41,31,37,34,38,51,32,93,67,95,79,92,82,31,29,29,15,7,19,7
ATL,,Orlando,Rutledge,DT,NOSE_1TECH,81,28,1998,77,314,UNLV,NORMAL,73,74,89,86,85,82,80,81,71,83,78,37,34,37,37,32,30,35,27,41,36,48,27,42,35,33,42,38,32,47,37,43,43,36,30,22,33,30,33,33,33,25,26,33,75,61,95,71,86,67,31,37,27,8,18,17,22
ATL,,Elijah,Wilkerson,DT,PENETRATOR_3TECH,71,24,2002,77,331,Houston,QUICK,67,78,76,63,66,80,73,70,71,68,79,35,31,40,26,43,34,34,38,36,38,31,43,37,25,29,36,32,38,33,38,37,27,30,24,37,39,32,42,32,39,29,39,22,75,81,63,77,74,53,32,27,32,12,12,9,18
ATL,,Clay,Brady,DT,PENETRATOR_3TECH,63,23,2003,73,283,Old Dominion,SLOW,65,66,62,54,61,60,68,61,55,59,63,35,30,27,35,35,22,31,35,36,36,33,36,30,47,40,36,36,34,37,42,37,25,35,39,29,25,39,49,41,36,35,28,26,64,74,66,64,61,51,32,31,32,22,18,11,15
ATL,,Rhett,Warner,LB,COVERAGE_LB,87,28,1998,76,253,Michigan,QUICK,97,85,92,76,91,95,83,85,86,83,83,35,23,35,34,41,35,36,29,34,38,38,49,27,48,41,45,28,32,40,37,38,31,43,30,34,22,31,42,28,36,33,37,33,77,79,76,88,93,78,84,97,72,7,9,18,2
ATL,,Jalen,Harris,LB,COVERAGE_LB,82,21,2005,74,228,Kansas State,NORMAL,91,86,91,82,84,78,84,81,81,84,88,33,50,31,27,27,37,39,37,29,34,31,31,31,39,26,23,39,38,32,23,31,28,32,37,39,37,35,35,28,36,32,46,28,60,65,69,82,76,72,87,90,70,4,5,18,20
ATL,,Trent,Richardson,LB,COVERAGE_LB,71,24,2002,74,231,Middle Tennessee,NORMAL,86,61,71,56,71,65,72,67,63,63,74,29,33,33,30,32,42,36,30,27,37,28,25,28,38,32,37,39,24,50,27,31,35,38,39,34,32,26,34,29,37,35,33,43,71,58,64,72,76,54,75,89,66,17,16,14,14
ATL,,Antoine,Valdez,LB,FIELD_GENERAL_MLB,69,23,2003,73,219,SMU,SLOW,59,54,62,76,69,65,73,75,82,78,65,28,35,36,27,36,30,42,44,31,24,34,32,28,30,31,33,43,39,33,38,30,36,33,22,37,33,35,33,23,24,35,39,26,57,52,66,70,70,62,64,66,48,21,17,16,13
ATL,,Beau,Kirby,LB,THUMPER,58,21,2005,76,250,Louisiana Tech,QUICK,50,55,51,75,62,59,52,61,62,62,55,31,30,29,39,39,21,31,26,36,40,36,34,35,32,36,45,42,39,39,20,35,30,31,38,26,32,27,27,43,32,47,38,34,42,43,69,55,65,68,45,49,49,13,20,2,22
ATL,,Beau,English,LB,THUMPER,57,22,2004,76,258,Minnesota,QUICK,43,56,51,64,62,61,61,60,57,59,59,28,30,52,25,41,37,29,28,31,37,22,25,34,28,31,36,25,33,23,42,33,37,45,32,30,45,41,29,31,36,37,44,26,47,51,67,55,68,63,44,49,44,18,7,25,9
ATL,,Lucas,Manning,CB,BALLHAWK,91,29,1997,73,206,Mississippi State,X_FACTOR,84,96,92,99,96,88,88,87,88,96,90,24,39,31,29,25,22,38,32,29,30,39,24,36,40,34,40,32,32,96,43,85,26,30,31,43,34,36,46,40,38,34,36,34,38,36,28,87,89,86,87,96,89,15,16,7,5
ATL,,Odell,Robertson,CB,ZONE_CB,81,27,1999,74,200,Villanova,NORMAL,81,82,78,84,86,82,84,84,90,81,85,29,34,39,36,32,29,31,42,20,34,44,41,26,32,30,33,29,30,82,26,70,28,40,34,26,34,36,40,38,35,37,36,37,33,41,33,70,85,57,69,97,74,14,11,6,11
ATL,,Damarcus,Baldwin,CB,BALLHAWK,65,23,2003,74,188,Brigham Young,NORMAL,60,66,73,65,78,58,63,66,61,68,77,33,32,33,32,20,25,37,26,30,42,32,31,38,53,33,19,32,36,70,37,54,38,36,37,36,37,31,38,34,31,32,34,37,36,39,43,58,47,54,64,67,55,18,19,7,10
ATL,,Javon,Powers,CB,ZONE_CB,64,22,2004,74,189,Florida,QUICK,69,63,64,56,66,62,67,67,72,77,61,38,34,40,31,41,36,27,23,27,40,49,40,26,35,38,36,37,31,65,39,47,30,32,24,34,35,35,24,31,29,19,31,36,33,29,30,55,62,43,49,77,56,10,21,15,16
ATL,,Peyton,Stephens,CB,ZONE_CB,62,23,2003,70,186,UCLA,QUICK,65,65,55,62,61,57,68,58,70,68,56,33,34,46,31,31,39,36,38,33,23,22,33,45,24,27,31,30,29,69,21,49,38,29,41,34,38,25,39,31,33,28,38,35,36,31,31,56,63,56,47,74,59,18,8,6,15
ATL,,Drew,Schultz,S,HYBRID_NICKEL,90,23,2003,71,188,West Virginia,NORMAL,87,80,99,85,93,89,89,87,95,93,86,32,32,31,30,27,34,40,33,31,37,28,36,30,37,36,35,35,33,89,35,74,26,29,20,24,43,35,31,29,30,37,37,36,25,37,74,90,89,77,95,96,78,6,10,21,13
ATL,,Shawn,Mills,S,BOX_SAFETY,82,23,2003,73,210,Louisiana Tech,NORMAL,69,87,82,83,81,83,86,80,86,86,85,39,37,34,26,46,36,45,29,35,37,37,32,45,31,32,29,37,35,75,11,68,41,36,29,35,35,24,37,25,38,34,32,38,41,28,79,96,85,98,72,74,72,12,12,17,15
ATL,,Kai,Moss,S,FREE_SAFETY,68,23,2003,74,208,Texas,SLOW,73,63,68,61,69,62,65,62,64,73,70,37,40,40,28,35,31,34,38,44,40,39,25,27,39,40,34,24,33,82,36,52,32,30,16,25,29,29,25,27,30,34,50,41,26,36,69,58,59,63,66,77,55,14,10,16,1
ATL,,Shawn,Swain,S,BOX_SAFETY,64,24,2002,71,201,Wake Forest,NORMAL,53,64,63,62,67,62,66,67,75,75,66,31,44,27,39,43,32,21,30,37,37,30,33,24,34,31,35,36,40,67,41,57,32,32,32,21,40,38,28,41,33,29,40,38,32,31,64,66,80,74,53,48,48,11,16,8,1
ATL,,Greg,Curtis,K,SPECIALIST,79,28,1998,75,222,Florida Atlantic,SLOW,75,84,80,83,83,80,75,76,70,79,89,51,42,44,37,42,53,42,34,48,44,38,39,46,43,37,42,34,34,39,33,34,47,42,44,39,30,47,48,38,32,46,46,33,56,50,50,47,39,43,46,41,34,80,78,30,41
ATL,,Peyton,Flores,P,SPECIALIST,78,27,1999,75,197,Texas State,SLOW,79,75,75,77,86,71,77,82,84,76,82,38,44,49,52,39,39,44,48,41,45,43,32,40,55,37,38,41,37,37,42,39,42,40,48,41,37,46,50,41,49,31,53,39,44,45,44,43,37,38,47,51,42,39,29,77,78
ATL,,Cedric,Todd,LS,SPECIALIST,64,27,1999,77,251,Villanova,NORMAL,62,61,66,66,62,64,59,70,60,63,63,48,30,40,46,50,49,42,41,47,41,41,41,34,50,60,48,38,38,43,37,41,38,31,39,45,46,35,43,36,33,39,45,42,43,38,47,48,68,37,44,28,48,43,37,39,28
MIA,,Easton,Hines,QB,POCKET_PASSER,83,21,2005,75,228,Western Michigan,SLOW,64,82,83,84,82,83,89,81,92,74,82,93,88,83,84,86,78,79,85,73,71,75,31,49,36,25,31,36,29,24,35,44,35,31,41,32,44,40,39,30,28,43,37,32,39,37,38,43,34,33,38,28,34,22,9,13,11
MIA,,Beau,Powers,QB,IMPROVISER,73,32,1994,73,209,Brigham Young,QUICK,68,71,73,71,73,78,65,65,69,76,72,73,76,73,61,81,78,73,73,81,62,51,40,19,35,29,41,37,33,33,29,29,47,29,49,32,29,34,23,33,39,38,35,22,33,24,27,40,43,38,26,39,32,10,1,15,13
MIA,,Isaac,Collier,QB,GUNSLINGER,68,30,1996,73,202,Arizona State,NORMAL,63,61,69,70,71,75,69,69,64,64,66,81,57,76,75,71,75,75,62,64,50,54,34,44,35,29,36,41,38,43,29,36,32,30,39,41,37,33,36,47,40,31,41,39,38,38,42,20,39,33,36,30,33,19,11,18,15
MIA,,Patrick,Miles,RB,RECEIVING_BACK,79,27,1999,74,228,North Carolina,NORMAL,80,79,79,74,80,80,79,78,78,76,85,30,45,25,31,29,28,34,34,40,74,74,79,66,88,39,40,28,76,96,78,54,80,68,30,60,69,90,32,74,35,34,29,36,25,39,30,40,34,26,30,19,44,9,18,7,11
MIA,,Maxwell,Roberson,RB,POWER_BACK,82,22,2004,71,210,Texas Tech,QUICK,71,79,79,92,92,82,84,83,82,79,82,35,45,33,32,38,39,41,27,25,93,80,86,85,73,25,39,29,93,72,76,34,69,67,35,73,72,88,52,71,34,33,30,32,39,39,36,51,34,23,37,25,26,5,24,2,12
MIA,,Leon,Lewis,RB,RECEIVING_BACK,69,22,2004,73,215,Liberty,QUICK,75,62,71,64,69,71,73,69,73,69,64,33,29,30,25,28,25,46,40,37,64,69,64,55,67,41,28,45,70,83,62,42,65,69,26,61,59,79,18,59,44,38,32,40,36,30,28,53,38,36,30,31,32,18,3,17,11
MIA,,Wyatt,Pope,RB,RECEIVING_BACK,63,24,2002,68,201,UCLA,QUICK,64,67,59,54,59,61,64,55,63,62,65,34,44,28,31,33,33,41,40,39,62,63,56,58,64,34,38,44,58,83,49,29,52,58,38,54,41,69,36,45,45,39,29,32,34,35,36,29,34,26,39,31,23,26,8,1,12
MIA,,Eric,Wilkerson,FB,WORKHORSE,69,31,1995,72,233,Texas Tech,NORMAL,63,61,70,70,66,91,74,71,67,73,68,31,35,32,38,33,28,44,44,23,77,34,69,44,31,43,40,26,32,71,54,45,55,51,39,65,65,27,66,71,35,38,34,32,21,32,33,37,29,44,31,49,43,16,7,2,12
MIA,,Odell,Dean,WR,SLOT,86,24,2002,70,186,Washington,QUICK,87,87,93,80,79,84,90,91,87,84,82,27,32,41,32,34,32,41,35,32,67,34,79,42,70,39,36,37,34,83,84,85,97,85,79,88,78,31,29,29,29,23,35,33,30,32,42,36,32,38,42,40,29,4,12,1,8
MIA,,Donovan,Combs,WR,X_CONTESTED,78,21,2005,71,201,Syracuse,SLOW,85,77,76,88,83,85,85,80,78,82,77,31,39,39,34,42,37,42,38,27,77,49,67,28,60,43,33,32,29,67,92,89,76,77,78,74,59,37,39,32,36,23,34,37,29,46,40,37,39,34,36,37,41,13,13,8,20
MIA,,Calvin,Smith,WR,SLOT,77,23,2003,76,220,Wyoming,QUICK,74,76,78,68,69,85,82,78,73,81,74,41,34,30,28,35,28,32,39,42,64,27,64,32,66,27,26,25,34,67,88,76,94,73,71,89,64,38,31,37,29,41,29,22,31,35,29,40,30,34,29,27,36,11,23,8,13
MIA,,Jackson,Langston,WR,X_CONTESTED,67,27,1999,76,212,Arizona,NORMAL,63,57,62,73,75,78,61,72,61,62,74,29,17,22,44,48,36,27,34,40,53,37,49,36,55,32,35,30,41,63,77,71,71,64,69,67,60,40,35,34,34,31,33,32,37,44,38,34,48,34,26,41,28,15,5,3,17
MIA,,Holden,Rice,WR,SLOT,64,21,2005,74,216,Tulane,NORMAL,55,61,74,52,56,60,71,67,68,61,71,41,42,35,31,38,29,42,37,34,58,39,42,43,43,35,42,38,42,60,65,67,84,59,53,74,51,28,25,25,31,42,29,31,36,33,33,33,40,31,37,33,31,8,8,5,4
MIA,,Maxwell,Robinson,WR,X_CONTESTED,61,23,2003,70,171,Illinois,QUICK,54,61,63,72,76,59,58,65,60,69,70,33,36,27,26,38,26,34,30,38,47,32,57,36,44,21,46,34,37,59,66,71,66,53,55,63,60,36,34,34,33,47,32,33,22,29,29,37,32,44,26,34,31,25,17,15,7
MIA,,Cody,Vaughn,TE,INLINE_BLOCKER,79,21,2005,74,241,Maryland,SLOW,68,76,84,82,82,75,69,75,85,75,87,43,38,29,41,30,24,32,35,34,37,32,24,33,34,26,26,18,23,67,80,69,79,67,62,72,97,83,80,60,35,34,76,42,37,32,35,36,36,25,34,30,25,20,7,4,14
MIA,,Riley,Hill,TE,INLINE_BLOCKER,76,26,2000,76,248,Georgia,QUICK,66,81,78,87,80,74,83,69,76,71,79,32,35,34,30,20,30,35,27,40,23,38,42,32,39,26,38,36,35,63,71,68,78,59,66,64,90,83,90,71,31,32,69,28,33,28,48,32,36,40,36,35,36,24,22,7,2
MIA,,Omar,Warren,TE,INLINE_BLOCKER,62,23,2003,79,273,Clemson,SLOW,49,57,59,69,63,58,64,69,57,67,61,39,26,42,39,28,27,28,38,31,43,41,42,40,35,34,33,31,47,51,54,43,61,58,52,45,77,67,69,53,39,33,46,25,36,41,42,28,38,35,21,34,37,12,19,12,16
MIA,,Lawrence,Frazier,LT,ZONE_BLOCKER,87,24,2002,76,302,Purdue,NORMAL,86,92,97,79,95,89,82,82,90,84,79,48,39,31,32,24,35,33,28,36,43,30,30,34,29,31,37,21,31,32,31,29,35,34,30,33,89,81,43,28,82,93,84,96,36,34,31,33,30,33,36,44,34,12,14,7,14
MIA,,Nathan,Hines,LT,POWER_MAULER,64,29,1997,78,306,Florida Atlantic,SLOW,67,63,55,80,63,64,72,66,56,69,66,36,37,34,31,41,32,34,35,34,25,35,32,33,28,31,40,32,41,43,37,37,35,44,36,23,62,67,49,40,80,58,55,58,42,39,45,30,44,33,33,34,35,1,6,1,9
MIA,,Omar,Howard,LG,ATHLETIC_PULLING,85,31,1995,78,342,North Carolina A&T,QUICK,89,90,98,81,81,86,91,86,88,88,83,28,36,23,35,35,24,47,25,38,39,40,47,38,41,35,33,42,32,36,33,37,34,38,33,34,93,78,82,38,89,81,77,75,37,32,32,29,38,31,36,20,36,28,9,12,12
MIA,,Keenan,Parrish,LG,POWER_MAULER,68,29,1997,76,312,Colorado State,SUPERSTAR,72,67,60,74,77,68,68,70,65,70,63,37,30,36,31,29,33,30,39,39,41,31,45,33,32,41,36,26,29,26,41,29,36,36,33,25,69,63,74,39,71,60,66,61,32,22,42,44,28,43,28,30,40,8,15,6,15
MIA,,Leon,Murphy,C,ATHLETIC_PULLING,81,30,1996,76,313,TCU,NORMAL,92,92,98,76,85,82,84,84,81,90,82,36,23,38,38,35,28,22,29,44,28,37,31,39,45,32,30,23,38,45,24,24,47,32,29,22,74,87,86,36,85,77,77,74,32,26,35,29,35,38,37,37,39,16,7,3,6
MIA,,Holden,Mahoney,RG,ATHLETIC_PULLING,85,30,1996,76,306,Grambling State,QUICK,89,95,99,79,83,91,82,78,90,83,83,24,35,38,38,37,34,39,43,33,41,41,25,22,34,31,35,27,34,38,34,47,38,34,38,34,84,87,83,36,84,85,84,73,47,30,39,28,37,38,26,33,36,8,17,18,20
MIA,,Barrett,Walls,RG,POWER_MAULER,68,30,1996,75,313,Rutgers,QUICK,71,66,46,76,68,73,69,72,60,63,67,33,29,41,20,40,31,23,33,24,26,14,33,36,25,32,33,38,41,25,33,39,32,34,34,28,76,64,72,26,74,53,65,56,23,30,20,37,29,31,42,37,20,9,20,18,7
MIA,,Devonte,Coleman,RT,PASS_PROTECTOR,83,29,1997,78,314,Stanford,SLOW,86,87,67,80,82,86,86,79,85,84,84,30,28,31,32,33,21,40,36,37,37,34,25,32,29,40,32,42,33,49,39,28,29,38,31,32,80,87,30,32,72,82,83,95,35,39,33,32,30,45,38,34,39,6,12,18,4
MIA,,Logan,Sloan,RT,ATHLETIC_PULLING,67,27,1999,80,330,Northwestern,NORMAL,78,74,88,63,64,73,66,70,71,62,69,31,43,35,40,31,31,30,34,34,35,27,28,37,36,30,28,24,32,40,31,33,34,28,35,41,65,65,36,36,75,68,61,60,41,27,30,38,30,35,28,25,50,9,12,9,5
MIA,,Jonah,Haynes,EDGE,RUN_STOPPING_EDGE,84,23,2003,77,278,San Jose State,NORMAL,76,85,86,96,84,92,92,78,84,91,82,28,38,29,41,38,39,35,23,30,38,46,44,38,33,28,32,34,40,44,33,42,28,40,40,38,37,35,35,39,30,31,33,36,86,72,85,87,93,74,68,67,34,11,12,12,13
MIA,,Cedric,Bush,EDGE,POWER_RUSHER,78,23,2003,75,255,Florida,SUPERSTAR,72,75,72,92,85,70,81,73,82,75,75,20,25,42,44,33,24,39,34,29,34,34,32,38,33,38,46,45,28,30,37,34,38,34,26,31,37,25,24,29,32,34,30,26,90,71,78,75,77,70,67,63,27,5,27,9,10
MIA,,Kai,Short,EDGE,COVERAGE_OLB,74,27,1999,77,256,Arkansas,QUICK,87,82,73,63,73,79,76,67,74,81,69,42,36,36,34,39,44,41,27,37,34,38,41,29,31,29,41,37,23,31,31,26,35,35,52,27,25,38,45,31,24,34,32,36,57,75,79,76,71,55,73,69,32,3,21,20,12
MIA,,Javon,Rogers,EDGE,SPEED_RUSHER,57,26,2000,74,246,Arizona State,NORMAL,63,60,61,45,56,57,68,63,48,55,55,35,29,38,29,33,27,34,37,42,33,29,17,33,49,36,42,31,33,33,36,29,38,36,38,37,21,33,39,33,31,36,30,23,48,67,52,60,56,46,37,43,32,15,11,7,8
MIA,,Elijah,Murphy,EDGE,POWER_RUSHER,52,21,2005,74,252,North Carolina,NORMAL,42,44,43,68,55,47,56,48,49,52,49,35,29,30,41,28,35,41,32,24,35,29,38,42,28,30,27,33,31,36,31,27,29,42,27,30,35,30,29,39,46,30,45,28,71,35,60,51,54,37,35,35,34,13,24,11,14
MIA,,Curtis,Terry,DT,INTERIOR_RUSHER,87,22,2004,77,321,Baylor,QUICK,85,92,78,83,82,91,91,91,82,77,82,46,33,37,27,28,31,36,31,36,33,35,35,41,18,33,32,41,32,33,32,25,32,44,33,36,48,39,34,35,30,34,31,39,98,95,83,90,86,76,30,35,23,16,11,12,1
MIA,,Cedric,Graves,DT,NOSE_1TECH,82,28,1998,75,293,SMU,NORMAL,70,69,87,89,86,84,85,90,85,80,83,38,28,25,36,43,33,38,42,45,35,22,32,37,24,36,25,36,37,38,38,29,38,33,39,36,37,29,28,37,42,23,31,41,88,69,90,65,83,64,34,36,35,11,13,17,9
MIA,,Kai,Beasley,DT,PENETRATOR_3TECH,73,24,2002,76,313,Iowa,NORMAL,72,81,73,63,73,78,83,79,68,68,74,35,33,29,26,39,36,21,33,32,32,31,27,27,27,22,26,31,36,36,34,41,34,26,27,37,42,30,36,30,32,33,40,24,77,82,73,72,75,67,18,28,19,6,15,23,11
MIA,,Chris,Hampton,DT,PENETRATOR_3TECH,60,25,2001,74,303,Maryland,QUICK,63,63,70,56,57,61,54,59,62,53,71,34,36,31,32,31,32,45,44,32,31,39,31,41,23,32,38,34,29,33,29,22,35,28,39,44,34,40,41,49,34,27,28,25,58,68,56,74,62,47,27,39,32,13,9,16,11
MIA,,Malik,Arnold,LB,BLITZING_LB,85,24,2002,76,258,Boise State,NORMAL,85,94,86,90,89,76,82,85,78,90,89,27,49,31,29,30,34,51,35,37,30,35,32,36,48,42,34,29,26,44,33,30,35,39,41,28,31,42,36,37,36,33,40,25,92,74,90,95,82,81,78,76,72,7,10,11,9
MIA,,Hendrix,Sims,LB,COVERAGE_LB,76,29,1997,74,236,Boston College,QUICK,79,77,89,67,71,81,84,75,73,79,77,40,22,24,26,40,33,33,27,51,36,25,26,35,37,30,37,39,41,29,26,36,36,28,28,42,28,31,28,33,22,46,41,20,61,63,63,77,75,64,89,77,63,15,11,11,19
MIA,,Alec,Walsh,LB,THUMPER,68,21,2005,72,220,Oregon State,NORMAL,54,62,65,73,68,70,73,64,63,70,63,29,28,34,36,38,29,24,36,45,35,28,39,33,37,36,22,30,33,36,35,35,20,30,36,37,36,28,31,36,26,24,36,30,49,60,75,66,80,85,64,58,43,15,9,20,11
MIA,,Drew,Norris,LB,THUMPER,64,24,2002,76,254,Ole Miss,NORMAL,53,59,59,72,67,65,60,57,67,64,62,39,38,37,35,33,32,35,40,40,36,26,28,26,34,36,35,42,39,34,42,33,33,42,29,35,39,25,42,39,28,35,45,25,49,51,71,68,73,82,58,48,55,1,22,30,11
MIA,,Mitchell,Woodson,LB,COVERAGE_LB,63,24,2002,75,237,Old Dominion,QUICK,64,65,61,60,59,61,66,56,62,58,62,37,29,27,32,36,49,40,39,46,40,32,28,28,32,35,24,45,27,41,51,31,37,36,41,35,27,33,37,35,28,26,34,37,53,51,47,64,66,54,68,75,52,7,10,15,18
MIA,,Lorenzo,Hall,LB,BLITZING_LB,61,24,2002,73,235,Temple,NORMAL,65,74,62,58,60,70,53,62,49,62,62,35,38,27,29,33,28,41,29,31,31,40,45,29,40,39,35,35,38,40,40,44,36,40,29,44,34,30,31,38,37,42,37,36,59,59,62,65,69,61,51,46,40,7,19,13,9
MIA,,Wesley,King,CB,SLOT_CB,86,28,1998,74,214,Illinois,NORMAL,78,92,96,87,77,85,78,84,84,84,87,32,30,24,35,35,42,43,41,33,30,30,34,41,32,40,34,42,31,83,37,69,41,43,36,42,31,37,47,32,38,35,36,29,18,37,39,67,91,70,94,84,74,16,8,13,4
MIA,,Charles,Barker,CB,MAN_PRESS,80,21,2005,70,186,Wisconsin,NORMAL,78,82,81,76,85,79,78,78,83,76,78,32,27,36,35,29,24,35,39,33,46,45,35,28,40,44,40,38,30,72,41,79,39,29,34,36,32,34,45,26,38,29,43,27,35,24,40,70,77,77,90,67,91,18,7,6,11
MIA,,Travis,Crockett,CB,ZONE_CB,73,26,2000,70,187,Western Michigan,QUICK,73,81,77,80,78,73,70,68,85,80,69,39,33,36,38,31,45,35,38,31,40,39,27,42,37,28,32,38,34,82,40,74,52,37,32,39,33,42,40,33,25,29,33,29,31,48,30,64,72,59,57,86,65,17,18,11,20
MIA,,Reggie,Banks,CB,MAN_PRESS,67,24,2002,71,193,Utah State,NORMAL,78,66,61,71,62,72,70,65,69,62,66,38,36,32,37,32,38,39,31,24,31,38,32,31,29,39,42,36,33,69,36,67,28,37,45,33,40,21,30,31,37,39,33,23,34,32,26,57,65,53,73,53,75,14,20,9,5
MIA,,Drew,Chase,CB,ZONE_CB,59,26,2000,74,190,Georgia Tech,SLOW,53,60,56,63,52,64,52,56,70,70,53,32,39,33,37,36,29,31,30,33,22,33,45,32,38,37,28,38,36,63,24,47,38,39,22,35,34,28,42,20,36,31,33,43,35,37,41,47,61,30,60,60,51,13,12,1,12
MIA,,Logan,Moran,S,FREE_SAFETY,86,29,1997,70,191,Sam Houston State,SLOW,93,77,84,80,91,85,82,93,80,91,82,38,30,31,33,35,29,27,35,41,34,34,34,35,29,26,39,40,37,86,27,64,29,32,39,31,30,34,30,32,29,26,27,31,32,32,69,79,83,76,82,95,70,16,7,18,12
MIA,,Cornelius,Jimenez,S,BOX_SAFETY,77,31,1995,70,200,Wisconsin,NORMAL,70,87,80,76,73,83,74,80,73,80,73,40,41,32,23,27,39,26,39,21,28,39,41,45,35,23,27,27,35,76,34,67,34,31,44,39,50,38,27,37,33,44,35,34,34,32,79,76,94,93,68,68,58,12,16,2,10
MIA,,Lorenzo,Ingram,S,HYBRID_NICKEL,72,23,2003,72,203,Brigham Young,NORMAL,65,70,84,67,72,75,73,69,74,72,72,35,33,39,33,35,33,32,35,38,31,39,30,37,36,31,27,39,42,68,33,55,34,41,40,36,34,44,29,30,43,40,31,26,20,25,67,70,72,58,74,81,66,16,13,9,15
MIA,,Calvin,Talley,S,HYBRID_NICKEL,60,24,2002,72,211,UCLA,QUICK,61,55,69,58,62,60,56,59,56,59,61,33,40,33,39,24,27,28,30,36,26,42,26,35,37,35,39,30,40,58,42,40,29,37,26,31,31,26,43,30,42,32,24,42,38,30,47,70,49,58,64,65,42,11,10,13,12
MIA,,Trent,Preston,K,SPECIALIST,84,29,1997,70,190,Central Florida,QUICK,86,79,84,82,89,85,85,79,89,75,83,44,41,39,33,41,55,44,48,36,41,40,44,43,42,49,42,34,39,41,51,47,41,39,33,50,47,40,40,45,43,49,45,47,38,54,47,41,44,30,42,37,41,83,85,42,38
MIA,,Lawrence,King,P,SPECIALIST,78,24,2002,71,209,UCLA,SLOW,77,80,70,76,80,81,79,83,74,77,75,45,32,54,45,45,38,39,35,40,43,38,40,50,39,49,46,48,37,43,45,40,50,45,36,40,45,46,37,40,32,39,43,30,41,38,42,33,48,47,38,46,38,33,25,75,81
MIA,,Liam,Perkins,LS,SPECIALIST,60,28,1998,73,229,Coastal Carolina,SUPERSTAR,58,56,63,56,57,63,67,59,59,49,62,45,39,36,38,42,43,39,40,41,42,39,39,47,48,44,33,35,53,39,38,37,33,31,44,51,46,40,38,39,38,39,46,36,44,50,37,37,64,35,37,50,46,28,37,41,35
CHI,,Charles,Lewis,QB,FIELD_GENERAL,85,25,2001,76,233,San Jose State,QUICK,70,88,90,89,88,85,88,93,91,97,96,78,86,80,88,79,82,87,92,81,71,76,34,34,35,32,34,27,29,30,36,35,34,38,34,29,48,25,25,33,33,40,35,29,42,30,35,32,30,34,31,21,45,20,5,19,16
CHI,,Javon,Combs,QB,DUAL_THREAT,68,26,2000,74,219,Sam Houston State,QUICK,76,77,62,70,68,70,60,73,63,71,66,65,72,64,69,83,62,69,57,88,51,56,37,29,26,29,29,34,21,41,44,39,37,35,45,42,31,32,34,27,41,42,21,28,38,31,31,33,34,40,31,27,39,10,23,5,15
CHI,,Marshall,Francis,QB,GUNSLINGER,67,28,1998,75,220,Georgia Southern,QUICK,65,71,73,65,69,66,70,66,58,73,59,74,57,65,71,67,81,60,71,67,60,64,32,41,28,35,41,35,36,56,32,38,34,29,22,31,31,39,27,36,27,29,40,30,21,39,31,29,34,29,26,42,34,20,5,11,10
CHI,,Gavin,Flowers,RB,ELUSIVE,77,25,2001,71,209,Tulsa,QUICK,77,70,82,70,82,86,77,76,76,73,76,23,24,28,28,32,30,20,32,29,76,77,75,65,87,35,39,37,85,71,70,36,58,68,32,73,64,78,32,58,38,36,44,34,33,45,33,22,30,35,44,42,32,12,12,9,15
CHI,,Nash,Bridges,RB,ONE_CUT_ZONE,76,23,2003,73,215,Oklahoma State,NORMAL,76,76,83,71,80,74,73,82,71,75,70,42,33,41,46,45,39,38,35,25,73,79,65,64,74,33,37,37,88,72,65,29,66,61,32,73,72,73,22,50,32,40,42,37,46,24,36,31,36,35,25,43,31,7,9,11,1
CHI,,Ezekiel,Briggs,RB,ELUSIVE,67,27,1999,71,210,Villanova,NORMAL,70,63,77,57,73,67,65,64,66,72,74,42,29,39,41,32,37,31,27,32,71,71,63,46,80,43,44,26,61,67,56,38,51,55,35,54,61,56,37,61,33,27,31,28,43,32,34,35,28,34,36,41,39,9,17,17,3
CHI,,Riley,Barnes,RB,WORKHORSE,61,26,2000,71,218,Arizona,SLOW,50,59,68,66,63,65,54,60,59,54,65,35,33,38,40,46,41,32,31,21,66,60,64,65,54,33,30,37,63,65,36,36,41,57,34,39,52,65,32,54,36,36,28,27,38,25,49,37,20,31,36,34,45,8,9,12,11
CHI,,Peyton,Rhodes,FB,RECEIVING_BACK,68,22,2004,71,240,Jackson State,NORMAL,68,64,66,76,67,69,69,71,64,61,74,40,37,33,43,28,32,28,40,35,58,35,65,25,24,29,30,26,40,86,58,34,63,64,56,53,67,32,59,69,40,30,38,30,37,24,41,38,32,33,26,35,25,6,15,15,15
CHI,,Grayson,Ramsey,WR,Z_ROUTE_TECH,92,29,1997,69,178,UCLA,NORMAL,85,87,95,87,88,99,95,90,92,94,93,34,34,23,33,32,31,31,38,38,83,33,88,37,83,28,36,30,33,87,96,84,96,96,95,96,87,28,35,49,43,40,29,34,26,36,25,38,29,37,50,42,43,11,9,13,19
CHI,,Sawyer,Sherman,WR,YAC_RECEIVER,82,25,2001,77,205,Texas Tech,SLOW,82,90,80,80,88,78,83,85,77,80,81,40,31,41,29,39,40,29,36,38,74,38,65,32,69,48,32,27,33,72,77,74,96,81,79,83,72,33,28,28,32,40,36,37,22,28,40,46,33,34,29,31,33,8,10,26,5
CHI,,Leon,Paul,WR,YAC_RECEIVER,76,27,1999,77,207,Georgia,SLOW,80,83,76,79,75,82,76,72,73,80,74,42,29,32,49,33,22,27,38,28,61,33,78,28,75,33,31,31,39,79,75,74,88,70,64,66,60,33,46,42,29,39,37,32,33,41,37,21,40,31,20,26,36,19,10,8,4
CHI,,Quentin,Cochran,WR,YAC_RECEIVER,66,22,2004,73,194,Southern Miss,NORMAL,64,79,63,69,65,67,71,62,66,72,61,26,30,36,35,35,37,25,31,41,62,39,72,36,73,42,39,32,30,62,61,65,81,68,58,61,55,46,31,29,17,38,34,35,31,46,38,29,41,35,44,33,38,10,10,17,8
CHI,,Blake,Odom,WR,SLOT,66,28,1998,69,181,Auburn,QUICK,61,63,70,51,65,76,70,61,61,62,61,32,18,40,29,25,40,42,41,40,57,25,52,24,65,32,33,18,35,59,66,64,82,71,57,71,55,33,26,34,33,36,29,41,30,31,20,42,29,34,31,32,35,7,20,22,3
CHI,,Clayton,Downs,WR,DEEP_THREAT,61,26,2000,74,201,Brigham Young,NORMAL,74,66,49,48,57,68,54,59,63,55,66,28,26,38,26,40,42,32,32,25,42,39,48,38,50,34,37,52,27,60,55,61,55,56,70,61,44,36,36,34,24,32,40,37,43,29,31,32,31,38,35,30,33,11,1,10,15
CHI,,Emmanuel,Harrell,TE,INLINE_BLOCKER,81,27,1999,75,244,Texas A&M,NORMAL,69,83,75,86,81,79,90,94,85,73,81,20,27,41,31,22,33,32,44,32,38,33,39,31,37,28,30,44,30,66,81,79,77,65,72,64,95,93,91,73,41,40,73,29,33,23,30,32,41,43,36,40,35,14,24,20,13
CHI,,Sawyer,Sampson,TE,MOVE_TE,69,30,1996,76,247,Wisconsin,NORMAL,77,72,66,56,65,71,70,63,71,69,68,26,40,43,22,19,34,29,39,36,43,39,28,45,29,38,25,25,39,73,65,55,73,72,56,58,63,65,73,58,31,23,53,38,36,46,36,45,31,33,44,30,38,5,22,11,13
CHI,,Dallas,Downs,TE,INLINE_BLOCKER,63,26,2000,78,259,Kent State,SLOW,50,70,58,69,63,62,66,69,62,68,60,39,25,32,44,36,32,39,29,35,34,44,31,27,34,31,37,26,23,55,66,45,65,46,54,47,75,63,72,53,38,30,53,35,34,42,44,41,37,34,36,37,46,11,6,7,5
CHI,,Jaden,Higgins,LT,PASS_PROTECTOR,84,29,1997,78,315,Louisiana Tech,NORMAL,84,85,81,78,86,88,89,80,93,85,91,33,41,33,35,29,40,38,34,33,36,36,42,38,29,29,32,44,40,36,27,38,30,36,37,40,76,93,29,46,60,82,82,90,34,27,36,38,43,39,35,38,32,16,18,10,5
CHI,,Duke,Wallace,LT,POWER_MAULER,72,24,2002,78,315,East Carolina,SLOW,83,57,61,80,71,69,69,68,70,77,64,38,31,38,33,34,36,31,40,27,38,39,39,43,32,38,22,30,29,37,33,35,33,26,44,32,77,70,30,37,89,60,68,68,28,40,34,29,34,31,28,24,32,11,4,6,11
CHI,,Marcus,McLean,LG,ZONE_BLOCKER,75,36,1990,76,321,Toledo,NORMAL,83,81,87,71,69,73,68,78,77,79,83,48,31,37,35,34,19,35,32,43,30,30,32,36,29,41,40,31,35,45,34,34,38,20,38,21,77,72,75,38,66,78,79,57,34,25,36,41,37,36,35,36,18,12,14,10,1
CHI,,Tanner,Jordan,LG,ZONE_BLOCKER,60,29,1997,74,319,Central Michigan,SLOW,65,67,63,54,58,61,51,68,59,61,63,36,33,26,24,31,33,26,45,37,33,30,34,34,35,31,27,27,26,21,41,25,37,26,35,33,62,65,57,34,48,79,62,47,45,28,33,30,36,26,38,29,39,3,7,18,10
CHI,,Denzel,Powers,C,PASS_PROTECTOR,85,25,2001,74,286,Texas,NORMAL,80,83,76,81,90,86,84,86,88,82,82,37,34,40,31,23,47,36,37,33,35,34,31,37,26,25,33,29,35,35,27,45,37,35,23,31,85,94,76,49,73,78,93,87,41,22,25,27,37,31,24,29,28,18,7,7,23
CHI,,Kade,Stanton,RG,POWER_MAULER,76,33,1993,75,306,Kentucky,QUICK,73,71,63,81,77,79,82,80,69,79,71,22,27,34,31,38,44,35,31,34,34,34,36,33,35,30,31,47,35,29,38,32,37,35,26,24,84,73,74,30,85,65,66,61,41,37,31,38,34,26,35,31,35,19,15,14,17
CHI,,Alec,McKinney,RG,PASS_PROTECTOR,69,25,2001,78,319,Ohio,NORMAL,68,68,64,67,73,65,72,71,74,68,73,33,24,35,34,34,19,30,33,32,25,34,35,30,35,29,40,38,38,33,30,43,25,33,41,22,70,79,61,22,53,60,73,57,20,29,32,29,39,39,47,39,36,15,13,14,15
CHI,,Adrian,Hendricks,RT,ZONE_BLOCKER,83,28,1998,78,316,Georgia,NORMAL,84,93,85,73,87,79,85,82,90,84,79,32,32,24,29,41,29,32,37,34,36,27,24,30,48,35,35,32,36,43,36,24,28,33,30,31,82,83,34,33,70,93,90,83,36,29,26,38,41,35,16,53,43,10,2,23,15
CHI,,Zion,Powers,RT,ZONE_BLOCKER,68,30,1996,80,321,Vanderbilt,NORMAL,62,72,81,62,67,64,67,69,78,68,65,30,38,33,23,41,26,33,38,33,41,36,43,31,49,38,40,32,28,34,41,42,36,30,46,30,65,73,39,33,56,76,58,59,45,40,33,37,37,35,31,33,40,1,15,15,5
CHI,,Cedric,Rollins,EDGE,POWER_RUSHER,88,26,2000,78,270,Oklahoma,QUICK,79,86,79,98,89,91,90,92,88,95,90,44,40,29,31,33,24,38,38,38,28,40,37,29,39,28,40,26,30,25,27,38,32,27,37,41,34,30,26,41,37,33,36,41,98,77,93,84,93,82,77,76,32,13,13,20,13
CHI,,Jace,Langston,EDGE,SPEED_RUSHER,79,22,2004,75,254,Villanova,SLOW,85,84,95,70,75,71,73,84,78,76,87,33,33,30,32,39,35,32,40,24,31,29,34,42,22,44,30,38,28,43,23,41,26,32,40,30,28,35,25,36,41,34,42,35,74,91,68,77,74,74,62,71,23,22,1,9,16
CHI,,Antoine,Terry,EDGE,RUN_STOPPING_EDGE,71,21,2005,78,266,Toledo,NORMAL,61,71,66,82,73,67,68,70,71,76,71,38,37,34,32,22,36,22,35,26,29,25,29,34,24,38,39,35,20,35,32,31,36,33,40,32,35,36,30,34,22,42,37,28,70,65,78,69,82,66,64,63,34,5,8,19,13
CHI,,Justin,Mayfield,EDGE,COVERAGE_OLB,60,23,2003,78,271,Florida Atlantic,QUICK,70,60,58,52,52,57,56,56,61,60,67,36,32,29,38,38,26,32,29,32,38,30,35,44,41,32,23,28,35,42,52,25,19,32,43,36,42,32,42,39,45,25,25,21,53,60,63,67,57,52,59,56,36,10,10,17,8
CHI,,Stefon,Hopkins,EDGE,POWER_RUSHER,62,22,2004,75,256,East Carolina,NORMAL,58,57,58,73,61,55,61,59,62,60,61,32,37,42,39,31,37,29,28,29,30,37,28,29,35,42,36,36,36,20,39,29,41,34,31,40,45,34,31,30,39,39,26,29,75,50,62,67,60,41,46,45,32,9,20,21,7
CHI,,Davion,Rose,DT,NOSE_1TECH,86,22,2004,77,334,SMU,SUPERSTAR,79,69,88,98,87,92,84,88,92,75,85,36,29,31,37,33,23,39,35,28,29,47,36,33,31,32,39,42,25,33,28,33,29,35,42,36,24,49,39,29,39,33,45,28,81,76,93,77,94,67,33,39,35,13,16,15,14
CHI,,Damon,Branch,DT,INTERIOR_RUSHER,82,22,2004,75,306,Rice,NORMAL,77,87,88,88,91,81,88,83,74,85,82,29,25,33,37,25,32,27,32,49,35,45,31,37,42,39,29,35,34,42,35,31,44,40,35,33,37,30,27,35,30,34,34,21,90,91,65,87,72,69,29,42,35,13,12,8,20
CHI,,Darnell,Cochran,DT,INTERIOR_RUSHER,69,28,1998,77,337,Tennessee,SLOW,74,73,67,64,69,71,65,72,73,68,61,39,38,35,39,38,34,45,43,39,38,19,32,37,33,23,38,26,33,34,31,27,31,30,36,34,25,44,33,32,32,44,41,39,81,83,61,72,59,49,36,34,37,12,14,7,9
CHI,,Alec,Rush,DT,INTERIOR_RUSHER,64,28,1998,77,326,Troy,SLOW,67,73,69,63,61,65,62,61,63,60,56,39,40,32,30,28,26,33,34,31,41,46,33,37,35,44,34,37,34,29,48,30,32,37,41,33,30,23,33,25,36,34,28,46,73,76,54,66,54,57,33,38,30,16,5,10,19
CHI,,Nolan,Adams,LB,COVERAGE_LB,80,27,1999,72,223,Coastal Carolina,QUICK,89,77,78,82,79,83,75,83,76,80,83,37,25,33,29,39,39,36,34,27,41,38,36,32,37,26,37,40,33,26,21,26,32,35,30,31,42,34,33,36,29,35,33,33,70,57,80,75,75,62,94,90,73,9,19,6,10
CHI,,Ethan,Clemons,LB,THUMPER,77,25,2001,75,249,Purdue,NORMAL,70,81,78,85,75,77,81,75,73,75,71,32,25,23,42,31,30,27,40,35,36,36,30,29,27,26,37,40,26,21,37,32,27,36,35,30,35,35,25,37,31,37,39,47,65,65,81,81,85,80,66,70,57,1,8,13,15
CHI,,Ryder,Webster,LB,THUMPER,69,23,2003,75,253,Notre Dame,NORMAL,57,68,72,79,64,79,65,73,71,72,72,36,31,39,27,36,33,34,30,43,44,32,34,32,30,26,45,48,32,47,37,31,31,30,42,34,44,26,38,36,41,42,36,29,57,52,74,73,75,81,54,58,64,11,16,8,22
CHI,,Grady,Farmer,LB,BLITZING_LB,69,24,2002,76,243,New Mexico,NORMAL,68,81,72,68,67,71,68,75,74,64,68,30,37,38,28,36,29,34,22,29,30,42,32,28,29,37,38,36,27,33,23,28,30,50,36,39,46,32,35,24,34,27,32,29,70,72,76,82,66,64,58,65,39,22,15,7,3
CHI,,Colin,Phillips,LB,COVERAGE_LB,63,23,2003,73,229,Vanderbilt,NORMAL,72,62,75,62,64,59,64,57,61,55,64,43,24,39,34,32,44,22,31,36,49,42,39,33,45,39,25,31,32,34,36,31,31,36,43,25,18,33,37,32,38,39,32,24,45,49,57,56,64,51,67,81,49,19,9,12,6
CHI,,Dallas,Yates,LB,COVERAGE_LB,56,21,2005,72,224,Duke,SLOW,67,56,69,50,55,47,50,43,53,57,56,38,36,47,27,35,26,24,35,33,23,32,41,41,39,25,41,44,38,37,22,42,32,39,35,34,33,42,30,31,25,38,35,28,52,41,43,46,58,40,68,66,28,12,17,5,14
CHI,,Eli,Moore,CB,MAN_PRESS,83,30,1996,71,196,USC,NORMAL,89,79,80,85,82,80,82,81,78,67,83,32,33,31,35,37,27,23,36,42,30,37,28,37,30,39,39,32,41,81,35,69,25,41,33,41,31,29,43,28,27,40,33,29,28,39,43,73,82,62,99,69,89,10,27,6,20
CHI,,Isaiah,Jarvis,CB,ZONE_CB,80,28,1998,70,179,Louisiana Tech,NORMAL,81,78,78,80,80,90,82,81,82,92,77,32,41,33,28,26,34,29,31,31,37,26,27,38,28,27,39,49,32,68,33,60,27,43,34,34,33,30,35,24,33,33,35,38,21,28,29,62,72,66,75,91,77,8,7,2,12
CHI,,Marcus,Webster,CB,SLOT_CB,74,25,2001,73,200,Appalachian State,NORMAL,73,78,85,68,65,67,69,68,71,75,82,29,46,32,23,27,41,34,39,32,40,13,28,18,33,50,31,35,31,82,24,59,38,34,38,24,41,38,43,32,34,27,55,28,32,36,37,67,87,59,68,74,70,2,17,11,13
CHI,,Quentin,Owens,CB,ZONE_CB,66,27,1999,72,183,Villanova,SUPERSTAR,71,59,66,61,68,67,69,66,74,72,62,37,32,40,32,34,30,35,27,31,22,27,32,44,36,29,39,28,37,59,38,50,43,48,38,38,44,38,34,26,32,27,29,25,26,37,33,70,65,55,58,79,58,11,8,9,13
CHI,,Ricardo,English,CB,ZONE_CB,55,23,2003,71,197,Bowling Green,NORMAL,51,49,53,65,51,61,58,58,61,70,48,37,21,26,43,31,40,38,33,34,36,26,34,25,40,27,47,26,36,62,28,46,42,28,32,25,44,32,25,34,40,35,30,43,35,27,27,41,53,48,48,64,51,15,1,12,15
CHI,,Austin,Stokes,S,HYBRID_NICKEL,85,28,1998,71,198,Miami,SLOW,82,91,92,84,75,90,85,91,86,82,89,23,42,31,33,36,33,30,28,32,42,37,32,30,28,34,31,30,36,78,45,64,25,31,41,25,36,34,35,29,38,37,30,25,33,39,70,89,75,79,91,95,61,7,15,8,1
CHI,,Jackson,Hale,S,STRONG_SAFETY,80,26,2000,71,201,Michigan State,NORMAL,78,80,78,80,83,85,79,76,76,74,89,40,37,38,42,33,39,41,34,30,28,27,27,37,34,41,30,38,42,85,36,68,26,29,30,28,36,38,44,38,32,22,40,35,36,34,73,81,92,92,80,73,67,20,20,5,14
CHI,,Eli,Blake,S,BOX_SAFETY,67,29,1997,73,207,Rutgers,NORMAL,63,68,73,75,69,67,71,78,71,80,61,37,38,29,22,37,31,30,40,38,40,34,49,31,32,32,36,24,29,69,34,59,35,37,34,33,24,27,30,39,37,45,36,33,35,39,58,67,71,77,62,53,64,7,8,8,15
CHI,,Weston,Vega,S,FREE_SAFETY,55,22,2004,75,210,Appalachian State,NORMAL,59,51,50,45,59,53,58,57,49,67,55,41,29,39,32,41,42,33,29,35,29,33,38,37,34,36,31,33,39,59,40,45,30,35,38,33,34,18,29,38,37,35,43,41,37,35,44,47,41,46,49,68,46,8,12,3,14
CHI,,Raymond,Lane,K,SPECIALIST,76,34,1992,70,180,Brigham Young,NORMAL,81,77,77,67,72,78,74,78,82,78,79,56,39,38,53,39,45,42,33,29,24,52,41,33,39,49,39,42,44,36,35,44,40,50,43,36,50,47,36,41,41,43,51,41,41,39,39,43,42,40,50,45,39,79,72,34,33
CHI,,Kai,Reed,P,SPECIALIST,72,27,1999,74,199,Youngstown State,QUICK,72,70,77,75,76,65,77,84,66,66,74,41,43,39,32,35,45,38,44,41,51,40,46,47,50,44,38,46,40,35,47,35,31,39,44,38,46,36,39,34,49,52,43,36,36,50,43,32,46,45,34,41,37,37,27,74,71
CHI,,Devonte,Russell,LS,SPECIALIST,66,23,2003,74,248,Colorado,NORMAL,66,69,58,65,63,71,63,61,67,62,68,45,47,42,38,45,35,43,41,37,36,36,41,46,40,50,43,41,41,54,40,42,45,42,40,44,31,51,36,42,34,41,43,49,44,36,35,49,64,34,33,48,45,30,41,33,31
DET,,Miles,Lee,QB,GUNSLINGER,84,29,1997,78,229,Ole Miss,SLOW,80,77,81,81,86,81,83,79,77,88,82,89,79,83,92,86,92,85,77,85,80,75,33,39,18,41,36,34,42,26,33,36,36,33,31,38,38,40,25,39,40,46,32,37,34,39,32,23,37,32,29,29,31,16,12,29,1
DET,,Jabari,Mahoney,QB,GUNSLINGER,72,28,1998,72,207,Vanderbilt,NORMAL,66,67,69,67,79,69,73,68,60,74,64,77,72,76,76,74,73,69,77,71,54,58,21,33,21,40,37,34,40,32,35,26,39,32,31,30,33,34,37,40,27,37,40,35,44,35,34,32,36,41,23,32,36,22,12,9,13
DET,,Eli,Oakley,QB,FIELD_GENERAL,61,21,2005,74,220,Memphis,NORMAL,54,63,64,63,64,57,60,58,65,58,66,58,64,60,67,55,62,54,64,50,50,59,37,29,29,30,31,34,38,37,35,37,26,32,35,32,41,39,23,34,43,34,34,31,46,31,28,33,37,30,41,30,42,13,14,18,12
DET,,Wyatt,Walker,RB,POWER_BACK,80,31,1995,71,215,Western Michigan,NORMAL,70,79,79,97,84,74,87,74,78,81,80,27,22,33,39,29,27,38,26,39,89,89,94,85,69,41,31,37,82,76,70,31,67,65,39,68,74,79,23,79,28,35,30,43,31,37,36,35,30,27,46,31,24,9,9,10,19
DET,,Drew,Knox,RB,WORKHORSE,69,29,1997,72,238,UCLA,QUICK,64,64,71,71,66,73,67,76,64,66,76,37,29,37,33,37,33,37,36,35,72,79,74,74,70,34,29,39,66,74,58,33,54,59,37,57,46,65,37,55,31,26,33,40,27,30,30,37,41,43,34,39,32,7,17,9,9
DET,,Deshaun,Larson,RB,ONE_CUT_ZONE,65,21,2005,74,230,Fresno State,NORMAL,69,74,68,66,61,63,61,63,58,63,62,39,27,25,27,33,33,34,34,43,63,72,54,53,65,38,38,39,69,50,52,49,65,56,30,52,55,54,33,54,43,29,29,42,27,33,43,48,32,46,28,40,28,19,19,9,18
DET,,Holden,Ryan,RB,POWER_BACK,60,23,2003,74,231,Clemson,SUPERSTAR,54,56,58,72,58,59,58,63,54,63,62,45,33,22,40,43,28,36,35,26,63,64,67,79,58,30,37,36,60,58,49,33,63,52,29,50,44,58,28,47,29,39,37,31,37,42,37,35,37,22,34,32,36,20,13,9,22
DET,,Marquise,Potter,FB,ONE_CUT_ZONE,71,27,1999,70,231,Georgia Tech,NORMAL,74,79,80,70,68,71,71,69,79,74,75,30,25,23,33,36,29,32,27,41,73,32,64,36,27,36,39,31,47,69,62,32,61,53,39,62,71,32,76,68,34,29,31,33,44,39,42,29,28,30,34,39,25,9,15,11,13
DET,,Ian,Medina,WR,DEEP_THREAT,84,27,1999,69,174,Louisiana,SLOW,97,89,89,83,74,87,92,78,82,88,91,36,36,34,40,29,26,27,34,42,75,26,72,39,70,35,49,30,37,81,70,89,72,84,96,82,65,35,35,30,30,31,39,40,21,37,27,31,34,36,32,30,30,12,20,20,15
DET,,Isaac,Bass,WR,YAC_RECEIVER,80,22,2004,75,198,Liberty,NORMAL,81,95,81,82,78,86,79,87,90,76,76,36,39,23,38,22,41,35,36,43,73,24,75,34,81,34,40,37,43,80,79,79,87,77,63,82,62,31,34,29,26,38,29,27,28,29,29,37,38,31,35,34,41,9,20,7,32
DET,,Kenny,Keller,WR,YAC_RECEIVER,74,28,1998,72,184,LSU,SLOW,67,78,81,79,81,71,74,76,74,72,74,31,35,35,40,20,34,38,32,32,58,41,74,41,76,37,26,43,32,76,76,63,74,77,70,70,64,43,28,43,31,33,27,35,42,24,38,22,27,25,33,33,29,1,9,13,4
DET,,Felix,Langston,WR,X_CONTESTED,65,21,2005,75,211,Memphis,NORMAL,53,71,65,64,78,66,61,66,56,62,64,47,29,37,27,31,32,30,42,37,51,26,57,24,52,35,35,35,32,63,77,70,64,59,67,73,44,35,22,33,32,25,28,31,33,35,33,32,29,28,39,29,29,13,6,10,2
DET,,Montrell,Hopkins,WR,SLOT,69,26,2000,74,185,South Carolina,SUPERSTAR,65,65,77,66,59,77,71,69,69,68,62,26,20,31,25,35,36,35,30,33,39,39,61,44,50,40,29,44,31,74,67,63,82,65,58,82,63,29,27,38,26,23,31,39,40,39,30,25,30,39,25,39,34,14,3,5,1
DET,,Nathan,Fowler,WR,YAC_RECEIVER,61,23,2003,69,173,Texas A&M,NORMAL,61,75,65,59,66,57,64,57,56,69,61,41,34,33,42,36,34,26,31,30,60,38,56,37,60,27,35,41,31,60,57,48,71,56,58,53,50,26,37,42,29,23,33,41,33,34,26,40,40,23,22,39,27,16,14,15,8
DET,,Thomas,Lawson,TE,INLINE_BLOCKER,78,27,1999,78,258,Penn State,NORMAL,59,83,80,91,76,72,81,78,80,75,81,37,26,23,35,38,23,29,39,34,34,39,38,38,27,38,33,38,36,64,74,65,82,69,67,65,88,80,91,76,29,33,67,25,39,25,36,28,38,38,43,40,42,7,24,3,17
DET,,Corey,Burgess,TE,RECEIVING_TE,71,27,1999,76,239,Sam Houston State,QUICK,74,70,71,59,73,73,74,65,67,69,67,35,35,37,33,37,33,40,30,39,32,38,32,41,32,34,33,30,35,86,82,69,77,75,57,69,54,65,65,57,40,39,50,42,32,32,33,48,36,28,34,30,35,12,1,9,16
DET,,Duke,Montgomery,TE,RECEIVING_TE,64,26,2000,74,242,Oregon State,SLOW,65,63,74,57,58,63,65,66,66,59,59,36,46,35,28,37,36,42,35,38,40,23,27,38,42,39,32,39,39,71,73,61,73,76,49,52,57,51,49,48,34,27,50,51,35,42,38,33,48,41,50,36,32,12,1,13,13
DET,,Darius,Grant,LT,PASS_PROTECTOR,82,30,1996,77,303,Ole Miss,NORMAL,82,79,85,81,84,79,85,75,77,85,79,37,28,55,32,37,34,41,28,44,44,38,46,22,32,37,37,43,35,44,31,39,32,36,35,42,77,90,29,38,69,80,78,89,32,32,34,47,44,40,34,40,34,18,8,11,5
DET,,Kyler,Richardson,LT,POWER_MAULER,68,27,1999,80,324,Kent State,NORMAL,69,56,55,81,65,71,63,72,59,72,60,42,32,38,31,36,31,33,29,29,35,34,34,36,38,45,38,31,43,28,36,26,21,38,37,43,72,71,32,39,80,48,75,62,30,44,31,34,29,35,34,39,34,1,6,7,23
DET,,Omar,Robertson,LG,PASS_PROTECTOR,80,27,1999,77,315,Kent State,NORMAL,75,80,79,81,83,65,85,78,81,82,86,42,38,31,34,30,42,37,30,33,32,30,29,38,35,32,35,35,34,32,35,39,37,34,27,20,78,90,71,24,65,79,86,77,34,35,36,35,31,40,23,30,40,11,11,1,15
DET,,Ethan,Graves,LG,ATHLETIC_PULLING,64,24,2002,74,293,Utah,NORMAL,74,74,73,55,55,62,65,65,73,57,55,31,45,33,38,41,42,28,33,36,32,37,36,36,35,48,27,36,22,28,36,41,34,33,30,35,62,62,66,34,69,66,57,57,42,32,38,31,32,36,37,38,22,7,16,6,1
DET,,Grady,Dixon,C,PASS_PROTECTOR,78,29,1997,78,322,Coastal Carolina,NORMAL,75,76,81,77,71,79,81,73,82,80,81,36,44,36,24,28,22,32,36,41,35,28,47,41,46,41,42,36,40,33,39,36,31,30,28,43,77,87,79,25,60,77,74,73,28,43,39,34,34,42,30,30,42,15,12,18,9
DET,,Duke,Branch,RG,PASS_PROTECTOR,73,30,1996,78,325,UCLA,QUICK,71,69,74,81,76,75,73,83,78,77,70,32,24,33,32,21,42,32,30,38,31,34,40,39,30,39,37,37,27,31,36,35,32,36,39,31,70,77,65,43,58,70,81,63,29,33,31,36,33,40,37,48,29,15,3,6,22
DET,,Marcus,Lambert,RG,ZONE_BLOCKER,69,21,2005,75,314,Troy,NORMAL,63,77,78,66,61,70,75,70,74,75,75,35,27,33,23,32,18,24,41,33,46,19,34,32,32,27,29,38,26,40,25,37,34,25,44,36,68,67,66,40,65,83,70,52,35,32,48,39,28,33,37,34,28,12,21,2,14
DET,,Ian,Lane,RT,ATHLETIC_PULLING,79,25,2001,78,302,North Carolina A&T,QUICK,83,89,89,68,77,83,80,78,82,84,78,26,42,32,49,43,35,27,38,38,31,39,38,38,29,22,31,29,35,43,34,39,45,29,39,37,76,76,38,34,84,81,74,87,45,30,27,40,30,30,34,35,36,7,10,12,13
DET,,Easton,Cochran,RT,PASS_PROTECTOR,68,31,1995,79,325,UCLA,NORMAL,81,70,61,73,72,74,65,66,71,58,67,35,29,44,38,34,32,33,34,26,33,28,32,31,40,41,34,28,51,29,29,23,39,31,31,32,61,79,41,40,55,57,68,72,27,28,29,31,36,38,27,45,31,22,4,21,6
DET,,Greg,Shepherd,EDGE,RUN_STOPPING_EDGE,79,27,1999,74,237,Grambling State,SLOW,73,80,77,83,79,88,87,78,81,86,82,39,31,42,41,30,43,20,28,35,25,32,35,37,29,38,39,35,32,49,43,32,44,38,34,31,24,41,34,32,33,29,44,39,77,62,91,80,91,62,62,63,33,19,7,13,20
DET,,Odell,Owens,EDGE,RUN_STOPPING_EDGE,80,28,1998,77,255,Marshall,NORMAL,72,78,83,85,76,76,83,78,69,87,79,36,34,27,34,34,38,38,33,25,36,21,34,44,29,33,33,23,42,33,39,30,37,47,40,44,36,45,33,24,41,32,41,30,87,67,83,76,91,57,52,67,31,12,3,14,6
DET,,Keegan,Snell,EDGE,RUN_STOPPING_EDGE,71,28,1998,77,265,California,QUICK,65,72,70,79,71,74,74,74,73,72,70,37,37,34,30,41,36,38,31,35,25,36,35,31,32,40,24,38,34,28,31,39,35,38,25,37,31,38,28,30,34,40,28,35,71,62,72,72,82,56,74,64,25,12,24,19,14
DET,,Hunter,Huff,EDGE,SPEED_RUSHER,65,23,2003,77,262,Wisconsin,NORMAL,69,77,84,57,63,59,65,61,58,64,70,30,37,27,23,28,24,41,32,33,40,26,43,23,29,30,47,22,35,29,24,42,34,36,51,31,30,33,33,20,40,32,32,34,52,74,61,58,61,52,52,52,41,17,5,14,15
DET,,Jalen,Booker,EDGE,RUN_STOPPING_EDGE,53,21,2005,78,273,Wake Forest,SLOW,48,50,56,66,59,54,54,54,61,55,58,36,31,41,31,34,27,28,38,45,42,22,25,38,26,38,45,33,41,28,37,34,36,35,29,36,35,34,27,28,40,30,40,36,48,46,56,47,70,32,38,44,44,6,12,7,26
DET,,Eli,Pittman,DT,PENETRATOR_3TECH,83,21,2005,74,300,Appalachian State,SLOW,87,91,86,71,91,81,83,78,81,85,72,35,36,26,35,41,41,32,29,33,46,39,33,34,34,25,36,30,33,26,49,32,34,34,41,33,49,33,47,31,33,34,38,38,89,91,84,89,74,73,43,35,34,9,17,13,10
DET,,Jackson,Hodge,DT,TWO_GAP_5TECH,76,24,2002,77,342,UCLA,NORMAL,69,58,85,82,68,75,79,75,67,84,85,31,33,37,36,40,33,37,36,27,24,30,32,45,28,32,21,31,38,33,40,42,39,34,31,35,34,45,29,35,45,25,31,34,76,62,87,74,71,71,41,35,32,22,16,10,12
DET,,Nehemiah,Waller,DT,INTERIOR_RUSHER,66,24,2002,76,323,Texas State,SLOW,70,69,58,65,66,64,67,68,66,65,61,23,32,33,38,33,42,33,37,30,33,25,31,31,34,28,48,31,41,35,42,34,31,32,23,33,36,24,42,26,24,32,34,32,73,74,60,60,60,58,35,34,30,11,10,7,9
DET,,Lucas,Stone,DT,INTERIOR_RUSHER,62,27,1999,76,325,Washington,NORMAL,57,75,56,57,66,63,63,51,67,67,69,25,30,35,39,35,37,26,36,38,31,22,27,40,40,30,39,32,24,36,33,44,36,28,36,30,36,40,32,42,42,33,37,28,67,68,57,64,53,56,28,35,32,24,9,15,21
DET,,Lorenzo,Greer,LB,THUMPER,84,30,1996,73,236,Western Michigan,SUPERSTAR,83,81,82,93,81,81,84,84,84,74,77,36,37,39,32,27,32,46,36,43,28,20,37,35,25,30,39,34,36,31,31,24,28,34,34,38,41,46,35,31,35,37,36,36,75,80,99,88,96,94,69,66,66,17,16,23,9
DET,,Dallas,Adams,LB,COVERAGE_LB,77,24,2002,76,256,South Alabama,NORMAL,83,76,78,77,81,84,84,74,75,84,78,46,35,32,30,33,43,35,28,34,39,38,45,28,32,28,26,12,47,43,28,35,30,31,41,25,25,41,29,33,30,30,42,28,60,63,69,76,71,66,81,86,66,13,19,16,12
DET,,Ezekiel,Richardson,LB,FIELD_GENERAL_MLB,67,28,1998,74,228,Syracuse,NORMAL,59,62,76,77,67,65,69,65,73,79,66,39,36,37,41,39,37,30,30,30,34,20,29,34,32,35,36,33,38,30,44,30,36,33,34,35,42,27,22,34,34,31,36,38,56,52,67,70,71,60,54,60,56,14,13,7,6
DET,,Isaiah,Short,LB,COVERAGE_LB,63,25,2001,76,262,Missouri,NORMAL,73,64,68,67,53,58,61,72,68,62,58,31,30,32,37,30,35,47,27,39,36,33,30,36,33,37,20,27,33,30,29,28,42,29,35,36,40,34,35,32,28,38,36,37,50,53,50,61,61,52,71,65,55,9,7,16,11
DET,,Harrison,Acosta,LB,COVERAGE_LB,55,22,2004,74,245,Cincinnati,SLOW,59,53,58,51,57,52,57,56,50,52,55,44,31,34,33,49,54,33,38,32,31,27,29,35,40,34,29,44,35,21,36,32,27,34,40,31,26,34,26,37,25,31,42,34,60,37,47,55,54,32,63,77,48,15,16,19,16
DET,,Chris,McCoy,LB,BLITZING_LB,56,21,2005,76,262,Southern Illinois,NORMAL,44,63,46,56,57,55,52,53,64,63,54,34,31,47,33,32,36,41,29,35,38,37,35,35,40,41,25,25,28,27,32,38,29,36,31,39,33,39,33,28,36,40,31,46,56,57,53,60,60,56,44,50,46,11,6,21,15
DET,,Eli,Stokes,CB,ZONE_CB,81,27,1999,71,193,Memphis,NORMAL,83,84,75,88,73,80,79,78,88,97,89,32,35,24,36,34,29,33,41,38,35,40,35,38,41,32,39,28,28,77,26,75,38,40,37,30,26,46,32,37,42,34,37,29,28,34,37,67,81,76,62,98,81,6,17,16,16
DET,,Stefon,North,CB,SLOT_CB,79,21,2005,70,179,Kent State,NORMAL,71,91,84,76,72,75,88,72,77,76,78,29,36,35,35,36,28,29,35,25,33,31,36,22,34,42,27,32,33,74,28,72,28,35,24,49,34,36,33,41,29,42,40,35,38,31,18,73,80,60,79,80,76,7,14,4,7
DET,,Parker,Floyd,CB,ZONE_CB,69,25,2001,72,182,Alabama,SLOW,65,65,67,72,67,71,63,68,82,78,70,43,35,38,34,33,36,36,26,29,36,29,24,43,32,39,33,32,33,70,41,63,42,39,32,25,23,36,44,29,31,24,34,36,44,34,39,47,69,44,62,80,68,5,19,9,1
DET,,Wyatt,Rice,CB,SLOT_CB,67,23,2003,71,191,Maryland,NORMAL,56,74,77,73,62,78,63,70,63,67,66,37,18,23,31,22,27,33,30,35,31,36,41,42,43,26,33,47,39,67,22,62,44,24,42,28,38,31,33,41,34,31,38,39,45,32,36,48,78,57,73,70,51,5,23,7,12
DET,,Charles,Vega,CB,SLOT_CB,63,21,2005,72,189,Grambling State,NORMAL,46,72,70,55,52,62,63,64,57,60,61,36,29,42,32,39,44,39,33,33,28,27,33,28,30,33,36,34,34,66,32,53,32,37,41,42,33,36,36,42,38,27,37,44,39,33,43,57,64,53,78,58,58,23,18,3,10
DET,,Carson,Drake,S,HYBRID_NICKEL,79,30,1996,74,215,Oregon State,NORMAL,71,78,86,72,83,88,85,70,76,77,83,26,24,48,30,37,32,32,33,29,27,34,26,32,28,22,34,40,32,64,35,69,41,15,36,28,29,31,33,22,37,26,35,45,34,39,72,80,77,72,85,91,63,8,5,15,4
DET,,Brandon,Stewart,S,STRONG_SAFETY,74,21,2005,74,207,Miami,SLOW,69,72,67,79,76,75,70,71,69,76,70,24,46,47,33,44,38,35,30,30,35,32,30,32,33,38,38,27,44,71,31,64,38,24,22,27,46,42,33,31,31,28,36,35,38,31,63,78,91,81,71,63,53,13,14,3,19
DET,,Devonte,James,S,STRONG_SAFETY,68,30,1996,75,203,Boston College,QUICK,68,61,66,72,61,70,64,61,65,74,61,40,27,36,37,30,34,40,35,40,39,41,29,28,31,31,35,27,35,73,29,61,30,18,26,32,39,24,34,36,32,39,33,19,27,55,57,66,67,71,70,63,46,8,8,6,2
DET,,Peyton,Padgett,S,HYBRID_NICKEL,62,23,2003,75,193,Tulsa,NORMAL,62,55,74,57,67,59,58,58,59,58,62,37,39,40,28,37,32,42,27,41,37,38,32,36,29,40,40,30,37,55,32,42,32,19,39,33,39,29,32,38,36,28,27,46,36,36,43,72,63,58,70,62,46,7,2,4,6
DET,,Jordan,Nash,K,SPECIALIST,82,29,1997,71,183,Bowling Green,QUICK,80,81,86,80,80,83,78,79,81,76,82,43,45,40,42,52,52,41,44,41,31,38,39,36,40,35,38,43,37,44,51,50,45,37,36,42,39,39,51,48,42,37,31,48,39,39,33,39,45,35,37,44,46,79,85,29,33
DET,,Vincent,Torres,P,SPECIALIST,75,34,1992,71,189,James Madison,SUPERSTAR,74,82,77,80,79,80,73,80,72,74,66,43,36,38,38,41,41,43,50,20,36,40,43,51,50,48,44,39,44,39,46,45,34,50,45,43,35,39,42,43,36,47,42,39,45,43,43,41,38,56,45,39,52,30,40,74,76
DET,,Devin,West,LS,SPECIALIST,67,31,1995,75,259,Ohio,QUICK,68,71,63,65,77,66,66,79,69,62,64,38,38,58,39,37,40,39,41,39,44,33,33,49,45,42,39,43,45,49,40,37,39,42,35,33,39,48,42,36,54,37,42,50,52,46,45,33,65,45,48,45,41,46,33,38,38
GB,,Liam,Henderson,QB,POCKET_PASSER,79,21,2005,72,214,Boston College,SLOW,69,83,73,77,78,72,76,76,82,84,84,68,84,83,83,72,77,74,77,62,68,73,31,32,35,16,32,35,29,44,27,37,48,31,32,46,45,28,23,34,39,37,30,35,37,37,40,37,36,28,31,39,35,13,3,15,8
GB,,Duke,Fleming,QB,FIELD_GENERAL,67,26,2000,72,197,TCU,X_FACTOR,53,67,74,70,67,59,63,60,73,78,67,57,74,61,63,70,66,61,67,56,51,58,33,29,37,27,31,38,33,37,29,27,36,36,40,29,40,28,35,42,38,28,32,37,36,37,37,26,33,35,30,31,36,16,17,10,13
GB,,Brock,Page,QB,DUAL_THREAT,60,28,1998,72,207,North Carolina A&T,SLOW,75,65,56,62,58,70,58,53,55,69,58,62,59,51,58,68,61,55,55,75,49,46,38,26,25,45,43,42,36,42,33,34,29,37,31,36,27,33,39,41,43,40,32,36,39,26,20,23,37,31,38,35,34,21,11,17,7
GB,,Simeon,Sherman,RB,ONE_CUT_ZONE,73,29,1997,69,210,Troy,NORMAL,71,74,76,67,73,73,77,78,73,70,70,31,32,30,30,27,23,41,25,35,69,68,71,59,76,36,43,26,81,66,66,32,70,63,24,53,71,79,42,59,31,42,27,26,38,40,35,33,42,27,45,44,45,12,16,8,9
GB,,Ryder,Todd,RB,ONE_CUT_ZONE,66,27,1999,73,234,Virginia Tech,QUICK,64,70,65,58,53,67,65,64,63,70,61,45,49,30,42,34,24,25,36,32,65,70,61,60,60,29,43,33,72,65,63,40,52,60,28,58,63,68,42,49,42,25,23,24,31,28,35,32,42,28,36,27,41,18,11,5,1
GB,,Dominic,Sanders,RB,ONE_CUT_ZONE,60,28,1998,74,241,Kansas,NORMAL,60,67,67,59,51,57,64,63,52,63,62,37,41,34,36,19,24,39,42,36,54,62,55,53,58,42,39,44,61,52,50,36,46,44,34,46,54,60,42,37,30,32,40,44,35,27,35,26,35,53,25,28,34,13,3,15,16
GB,,Desmond,Hardin,RB,RECEIVING_BACK,62,25,2001,71,202,Maryland,SUPERSTAR,57,65,67,58,67,63,58,69,65,60,61,33,35,32,31,29,35,39,36,32,56,71,54,54,60,29,39,40,56,82,46,47,78,49,28,53,49,68,37,54,35,38,39,32,44,27,32,31,43,37,36,26,26,17,20,14,18
GB,,Hunter,Johnson,FB,POWER_BACK,67,30,1996,74,267,Jackson State,SLOW,58,55,75,75,62,62,66,73,61,63,59,21,30,27,34,26,34,34,34,25,67,40,71,28,31,39,33,42,43,53,49,37,56,50,31,59,69,40,69,66,37,33,37,24,40,40,31,36,35,27,37,41,32,13,15,15,18
GB,,Trevon,Wade,WR,YAC_RECEIVER,78,30,1996,73,187,Appalachian State,QUICK,71,80,83,77,76,83,77,83,77,79,85,38,25,37,30,39,39,44,34,41,66,36,78,29,79,35,35,32,42,77,85,66,86,82,72,77,64,37,30,37,38,29,53,40,28,32,32,35,41,35,39,37,30,1,10,7,14
GB,,Marcus,Peck,WR,YAC_RECEIVER,75,21,2005,73,174,Iowa State,NORMAL,75,81,71,69,68,87,78,76,73,80,69,38,36,28,27,30,31,30,26,20,70,34,84,38,79,41,31,35,40,77,74,71,84,75,72,72,63,26,32,36,35,45,45,31,46,34,24,34,28,41,32,34,46,13,3,9,12
GB,,Kendrick,Oliver,WR,X_CONTESTED,72,21,2005,72,188,Oregon,NORMAL,57,72,64,80,80,72,68,61,77,73,68,37,31,39,33,46,28,35,37,33,62,43,61,36,53,33,32,41,31,72,85,87,72,71,70,76,63,32,29,38,36,42,38,30,42,33,27,34,42,33,40,38,33,18,12,9,15
GB,,Beau,Nelson,WR,X_CONTESTED,70,29,1997,73,199,Middle Tennessee,NORMAL,60,72,63,78,77,66,73,74,62,73,76,26,31,27,40,35,38,28,33,29,74,30,66,38,41,29,40,48,28,68,85,75,66,75,70,70,57,30,35,40,30,38,33,36,38,42,31,34,32,26,30,32,37,7,18,22,3
GB,,Marcus,Hubbard,WR,YAC_RECEIVER,61,24,2002,71,196,Tulane,SUPERSTAR,63,71,66,57,62,62,56,63,63,59,60,46,40,26,38,40,25,36,50,26,50,29,46,44,61,34,36,34,31,61,52,56,76,58,51,55,60,42,37,39,31,33,30,41,34,32,33,32,39,26,35,38,37,8,4,21,18
GB,,Caden,Sandoval,WR,SLOT,58,29,1997,76,224,Arizona State,SUPERSTAR,58,60,62,60,53,59,49,68,69,62,50,32,30,50,31,32,34,36,33,40,39,32,45,34,45,32,24,40,42,52,59,48,73,61,47,63,41,42,35,39,38,34,32,39,30,34,34,41,41,32,44,35,24,13,21,18,18
GB,,Denzel,Gibbs,TE,MOVE_TE,75,28,1998,76,244,LSU,NORMAL,82,85,74,73,70,79,69,69,76,78,81,40,36,31,31,37,35,37,19,40,30,41,39,43,39,26,19,39,32,72,72,70,74,75,58,62,76,76,81,63,38,52,66,28,30,21,38,31,29,38,46,35,37,19,17,3,15
GB,,Eli,Chambers,TE,MOVE_TE,70,26,2000,75,238,Kentucky,NORMAL,75,76,57,67,68,63,71,66,75,69,77,33,29,41,27,36,37,44,27,33,32,26,37,34,33,42,32,33,41,71,61,56,69,71,57,43,69,63,78,61,44,37,60,21,27,38,33,48,35,35,29,40,22,11,27,14,12
GB,,Cam,Powers,TE,MOVE_TE,59,25,2001,78,269,Central Florida,NORMAL,56,73,61,56,56,65,51,46,60,52,61,32,35,32,29,39,33,29,32,30,30,28,30,34,37,31,36,32,34,66,56,45,58,63,50,41,66,46,50,53,45,35,40,35,19,34,36,26,30,39,26,24,30,13,2,4,14
GB,,Joel,Hammond,LT,PASS_PROTECTOR,81,31,1995,80,334,Wisconsin,SLOW,74,87,81,77,91,74,81,85,81,82,78,37,48,29,40,43,40,35,41,32,20,38,32,40,29,39,37,30,27,34,32,31,35,31,41,27,79,90,45,38,60,80,81,84,30,36,26,35,48,23,36,36,43,13,20,23,13
GB,,Hayden,Benson,LT,PASS_PROTECTOR,55,27,1999,76,308,Pittsburgh,NORMAL,53,54,51,48,62,53,59,46,57,59,60,39,47,37,31,40,36,28,41,22,31,30,44,37,28,31,24,31,36,19,25,33,39,35,36,36,53,58,29,28,41,50,62,65,31,35,30,41,35,19,39,35,36,7,15,16,11
GB,,Liam,Garrett,LG,ZONE_BLOCKER,78,31,1995,74,302,Southern Illinois,SLOW,86,83,85,72,79,79,75,76,80,73,79,39,43,31,29,36,29,30,42,43,32,32,36,33,36,37,28,36,38,34,42,12,40,43,26,29,77,80,73,33,73,92,79,56,29,35,35,38,37,34,37,30,36,7,9,7,14
GB,,Colby,Wallace,LG,POWER_MAULER,61,23,2003,75,298,Villanova,NORMAL,67,57,49,74,52,61,60,68,55,49,58,37,42,34,22,31,28,36,42,40,32,45,36,38,36,28,28,41,22,31,35,34,29,30,40,26,60,58,61,22,75,50,57,59,33,36,29,38,28,27,25,35,35,19,6,18,20
GB,,Nehemiah,Hunter,C,ZONE_BLOCKER,68,30,1996,75,290,SMU,SLOW,65,76,78,54,70,65,67,68,78,61,74,33,29,23,38,33,37,30,50,26,27,33,31,28,28,30,32,43,27,44,38,28,40,35,30,43,78,63,68,37,59,79,62,54,42,38,33,35,30,31,31,44,37,1,14,13,9
GB,,Jayden,Watts,RG,ATHLETIC_PULLING,77,27,1999,78,332,Rice,NORMAL,90,81,92,67,76,71,76,78,73,76,73,32,33,42,29,19,45,23,28,39,37,35,44,28,42,31,41,25,32,29,33,42,34,38,30,30,79,77,84,29,85,84,69,68,38,36,34,20,35,34,37,27,37,15,14,23,10
GB,,Blake,Carr,RG,PASS_PROTECTOR,55,30,1996,74,304,Rice,NORMAL,64,48,53,58,53,57,54,53,60,55,57,29,38,41,34,39,23,36,38,28,24,42,37,40,38,33,43,38,27,28,33,37,33,35,25,24,51,59,53,35,38,52,65,46,31,35,34,34,23,28,40,26,30,7,13,12,11
GB,,Hunter,Downs,RT,POWER_MAULER,77,26,2000,78,288,Kent State,SLOW,76,71,63,87,79,79,83,76,74,81,68,21,34,25,27,30,30,33,35,32,40,32,48,40,35,36,30,35,30,37,32,26,29,24,34,25,73,76,36,24,91,70,81,81,44,47,21,35,26,28,30,24,26,19,13,5,2
GB,,Cooper,McDaniel,RT,ATHLETIC_PULLING,61,21,2005,80,319,Troy,NORMAL,69,74,73,55,54,64,57,56,53,53,56,43,31,31,35,29,32,39,30,38,56,33,27,40,33,37,29,35,25,40,36,24,29,38,29,26,64,62,27,46,66,56,58,61,44,34,32,29,36,35,29,29,35,11,18,17,7
GB,,Devin,Meadows,EDGE,RUN_STOPPING_EDGE,76,24,2002,77,262,Villanova,QUICK,69,70,80,81,76,82,71,78,73,84,76,33,30,34,42,30,32,44,37,43,40,42,33,41,22,42,33,27,27,38,46,27,39,35,33,27,38,37,29,14,37,38,28,48,69,73,82,76,83,61,68,62,21,11,9,18,6
GB,,Silas,Simpson,EDGE,RUN_STOPPING_EDGE,75,29,1997,76,257,Colorado State,QUICK,72,76,69,90,84,84,79,69,74,86,75,38,38,32,29,31,40,34,42,31,34,37,34,26,32,42,31,33,46,17,42,36,23,30,37,40,39,34,36,45,37,41,40,35,68,63,89,73,82,57,72,69,43,2,12,17,14
GB,,Jacoby,Chavez,EDGE,POWER_RUSHER,69,23,2003,77,265,Florida,NORMAL,56,65,66,82,71,68,69,64,76,73,67,34,28,34,35,31,32,45,46,28,38,35,29,41,45,35,29,27,39,44,26,30,42,29,30,30,31,37,25,34,34,34,31,36,85,59,71,70,63,60,71,59,28,8,8,15,9
GB,,Dalton,Alexander,EDGE,COVERAGE_OLB,61,24,2002,74,255,Nebraska,NORMAL,70,56,59,50,65,55,59,64,71,69,66,36,40,29,30,38,34,46,29,36,39,33,41,40,28,25,44,30,26,50,40,25,35,45,33,27,41,34,23,32,38,37,40,41,49,67,63,69,62,52,64,59,24,5,11,1,9
GB,,Hakeem,Buckley,EDGE,SPEED_RUSHER,61,21,2005,78,281,San Jose State,QUICK,73,86,75,54,57,61,64,64,71,55,65,36,47,25,45,39,43,26,25,33,36,41,43,50,26,28,29,36,31,33,42,30,34,40,31,29,33,39,38,30,35,40,31,42,54,60,49,64,55,53,57,54,32,9,7,14,12
GB,,Deandre,Scott,DT,NOSE_1TECH,77,22,2004,78,336,Wake Forest,NORMAL,66,67,84,86,73,77,78,77,64,83,72,37,32,39,32,33,24,28,27,31,36,33,24,33,41,32,30,36,27,40,37,33,33,32,32,37,28,41,42,28,37,38,29,33,74,61,85,65,80,72,29,35,26,15,16,23,8
GB,,Raymond,Kirby,DT,NOSE_1TECH,72,25,2001,75,319,Oregon State,NORMAL,62,60,66,92,68,63,73,72,70,69,72,34,26,43,40,28,35,33,34,24,39,29,27,25,44,42,37,42,36,35,32,25,42,31,28,34,31,34,33,32,38,35,42,29,72,61,70,63,75,61,31,40,39,10,14,22,5
GB,,Jeremiah,Price,DT,NOSE_1TECH,66,25,2001,74,308,East Carolina,QUICK,50,58,76,74,66,64,62,65,64,62,77,26,43,33,42,32,27,35,47,38,21,30,36,35,34,29,41,30,33,33,45,36,35,28,41,27,32,44,31,26,40,40,30,26,73,54,69,52,69,53,36,44,44,10,1,9,18
GB,,Rhett,Cameron,DT,TWO_GAP_5TECH,59,22,2004,77,322,Texas Tech,QUICK,56,47,57,66,55,58,60,60,54,63,59,30,37,24,33,29,33,38,42,30,27,43,20,41,33,35,22,39,32,41,27,28,31,41,39,25,42,39,36,32,33,37,34,36,56,38,69,61,59,43,31,34,36,6,18,4,13
GB,,Damian,Kirby,LB,THUMPER,82,24,2002,75,245,Duke,NORMAL,69,81,84,93,80,84,91,85,73,88,82,28,33,35,26,27,46,29,37,22,31,35,29,30,32,37,31,29,40,36,34,38,29,48,38,38,34,27,30,36,35,35,37,28,74,59,92,87,89,90,79,69,82,13,8,17,7
GB,,Jermaine,Vega,LB,THUMPER,70,23,2003,74,249,Cincinnati,NORMAL,59,73,72,78,72,72,72,66,66,73,68,39,34,33,26,31,38,36,39,42,37,40,31,31,38,40,33,36,32,36,23,34,43,42,34,28,39,23,35,27,34,42,32,27,63,43,79,68,80,75,60,60,56,12,23,13,26
GB,,Emmanuel,Banks,LB,COVERAGE_LB,70,21,2005,76,235,Michigan State,NORMAL,78,70,75,72,67,71,71,76,63,74,70,34,44,28,32,29,34,41,38,30,37,33,40,41,27,23,48,26,36,30,30,33,42,38,30,40,36,41,38,31,31,38,36,35,62,56,69,60,74,59,72,76,57,10,16,12,11
GB,,Sterling,Walton,LB,THUMPER,55,25,2001,76,259,Temple,NORMAL,44,54,60,68,65,46,50,56,56,54,50,36,40,33,39,32,38,39,32,32,36,38,34,37,34,40,37,28,44,29,29,36,37,38,45,36,32,37,33,32,25,35,27,23,30,42,63,55,69,66,40,39,44,10,1,21,11
GB,,Dwayne,Walker,LB,COVERAGE_LB,54,25,2001,74,241,Purdue,QUICK,69,52,63,38,55,58,56,61,51,49,48,33,30,27,29,39,31,33,35,30,30,39,42,31,26,35,22,52,33,45,41,44,24,33,35,29,28,31,29,27,29,34,33,28,40,45,40,60,48,44,60,70,47,17,12,17,15
GB,,Quentin,Buckley,LB,BLITZING_LB,56,21,2005,74,228,Tulane,QUICK,60,68,53,55,51,54,56,54,57,59,57,36,22,40,37,40,27,41,35,47,37,27,30,27,38,40,33,30,39,34,25,34,40,28,41,37,33,25,31,30,29,19,33,41,55,54,56,62,55,62,53,39,61,11,7,23,5
GB,,Eric,Steele,CB,BALLHAWK,78,27,1999,69,176,Tulane,SLOW,78,73,75,82,85,86,81,82,74,87,71,32,38,26,38,28,37,29,35,30,39,33,30,26,36,37,33,35,30,86,35,58,30,25,34,33,21,44,34,36,46,40,32,20,35,28,25,63,73,68,74,85,72,16,20,9,23
GB,,Drew,Strong,CB,SLOT_CB,73,29,1997,71,196,Wake Forest,QUICK,72,86,72,74,53,77,78,69,69,70,76,29,30,44,29,26,37,50,29,35,40,30,36,33,32,24,33,31,28,62,35,67,32,34,43,34,39,41,35,33,47,38,41,30,34,33,28,67,76,64,81,72,64,16,6,1,17
GB,,Hayden,Henderson,CB,ZONE_CB,74,24,2002,70,186,Wisconsin,QUICK,72,72,75,65,72,82,69,77,75,84,64,44,30,43,31,35,31,36,37,34,21,28,24,33,45,33,30,35,40,77,36,75,36,35,35,28,25,41,32,27,39,33,34,36,35,39,27,55,71,60,69,85,66,6,22,1,9
GB,,Shawn,Shannon,CB,BALLHAWK,61,21,2005,72,180,Notre Dame,NORMAL,55,48,60,62,67,58,58,59,70,64,61,38,43,30,31,38,33,36,34,32,40,29,21,36,34,36,38,28,35,74,25,55,35,32,36,36,36,39,25,42,38,43,42,41,29,42,34,51,50,49,62,77,49,13,26,9,27
GB,,Marshall,Hester,CB,ZONE_CB,61,25,2001,71,184,Central Michigan,NORMAL,55,62,59,61,59,55,59,63,73,75,61,38,37,38,33,32,34,34,31,25,37,39,30,29,39,28,28,40,35,59,35,56,39,31,34,31,40,22,26,30,37,25,38,37,37,23,31,47,59,54,56,79,41,3,7,1,12
GB,,Ezekiel,Conley,S,HYBRID_NICKEL,71,28,1998,73,201,Liberty,SLOW,68,64,81,70,79,72,70,67,59,72,73,45,38,22,33,36,39,35,32,30,37,27,30,38,31,35,38,32,35,70,33,61,38,41,24,38,38,36,34,30,26,36,30,33,38,23,58,75,70,68,78,75,52,6,7,20,11
GB,,Rhett,McCoy,S,BOX_SAFETY,70,23,2003,74,227,Troy,SLOW,65,76,63,66,67,82,77,70,72,78,65,28,30,36,29,35,34,32,34,43,35,35,31,35,33,35,29,29,33,72,35,47,26,41,36,42,47,37,33,25,33,38,34,33,41,41,78,70,73,80,67,58,63,12,16,8,18
GB,,Ezekiel,Knight,S,BOX_SAFETY,64,23,2003,72,215,Troy,QUICK,63,71,62,63,62,69,74,62,69,69,65,33,33,39,48,38,35,52,29,30,30,30,37,27,39,29,30,32,45,65,32,49,46,28,27,30,37,27,30,36,26,27,32,31,22,26,62,61,76,79,49,54,56,13,14,17,7
GB,,Wesley,Bryant,S,STRONG_SAFETY,55,28,1998,73,221,Texas Tech,QUICK,42,58,60,57,52,59,50,55,53,56,48,49,29,38,42,38,37,32,40,41,37,31,32,39,38,42,27,26,22,52,33,35,40,27,27,30,36,35,33,25,28,29,34,31,30,33,44,64,69,68,50,49,50,7,12,6,2
GB,,Wesley,Jefferson,K,SPECIALIST,75,21,2005,74,200,Miami,NORMAL,78,70,80,77,82,73,84,73,80,75,72,33,43,43,40,53,38,36,47,35,41,39,47,37,32,44,34,37,42,51,54,41,42,31,33,38,44,46,43,43,41,40,28,38,40,32,34,45,50,38,41,51,40,74,75,41,29
GB,,Justice,Gentry,P,SPECIALIST,71,31,1995,71,188,San Diego State,NORMAL,64,69,69,74,69,63,70,77,68,74,76,51,46,42,43,35,45,49,39,46,44,48,41,40,42,42,38,51,37,47,49,40,46,49,35,44,34,36,41,37,43,46,44,44,51,36,35,42,40,50,49,33,42,23,37,68,74
GB,,Mason,Williams,LS,SPECIALIST,59,27,1999,76,249,Colorado,QUICK,57,49,58,58,53,64,59,52,59,61,60,53,41,37,32,45,35,49,34,38,38,40,35,37,59,44,45,39,44,46,49,37,49,40,49,48,42,41,40,48,36,38,36,45,38,40,43,37,60,47,45,40,38,35,37,38,33
MIN,,Dante,Jacobs,QB,POCKET_PASSER,83,24,2002,77,243,Sam Houston State,NORMAL,76,84,86,85,81,84,77,81,95,75,89,84,82,92,92,64,80,76,73,68,78,67,33,36,42,33,26,34,29,30,43,35,38,40,40,27,44,30,37,28,42,33,42,23,35,41,27,30,34,36,43,43,25,13,13,1,16
MIN,,Travis,Cannon,QB,DUAL_THREAT,72,27,1999,74,219,Central Florida,NORMAL,87,82,74,73,74,75,68,86,64,74,70,72,73,64,76,79,67,70,75,88,57,61,29,26,39,24,31,31,34,39,41,31,28,33,39,34,34,26,41,29,23,41,39,43,39,38,37,32,31,47,41,22,24,14,12,8,19
MIN,,Duke,Saunders,QB,FIELD_GENERAL,59,27,1999,78,244,Tulane,NORMAL,53,58,61,57,54,65,63,76,69,71,61,61,55,55,55,56,59,52,60,51,50,47,30,26,29,38,29,35,35,26,28,29,30,33,38,32,32,43,28,28,38,33,33,25,37,37,31,30,21,36,36,29,36,14,11,15,24
MIN,,Jasper,Morrison,RB,POWER_BACK,83,27,1999,73,212,UNLV,SUPERSTAR,69,85,87,89,74,87,81,82,86,79,82,39,24,36,41,27,32,38,33,38,86,89,96,95,68,44,33,44,82,79,72,35,71,72,35,83,70,80,43,72,37,33,36,30,30,38,32,33,36,25,27,23,41,18,16,4,25
MIN,,Nolan,Hart,RB,ELUSIVE,75,31,1995,74,228,Maryland,NORMAL,74,79,80,64,77,78,78,77,69,78,85,34,42,33,27,38,34,35,29,27,68,74,80,62,83,36,26,33,73,75,60,43,63,79,32,59,60,70,31,60,40,37,32,23,26,32,35,36,32,38,28,40,27,17,17,19,1
MIN,,Cody,Goodwin,RB,ELUSIVE,65,30,1996,73,226,Duke,NORMAL,53,67,71,46,63,63,56,71,63,66,64,40,37,28,35,25,30,31,43,39,68,65,63,57,74,34,33,39,66,64,56,25,50,55,36,56,57,62,34,58,38,32,26,36,40,36,34,26,32,41,34,31,39,8,17,19,12
MIN,,Hayden,Carlisle,RB,WORKHORSE,60,22,2004,73,208,Ohio State,NORMAL,57,64,57,57,69,74,56,60,51,60,55,31,26,34,36,34,38,42,37,34,70,62,60,67,51,32,44,28,61,62,46,48,48,46,36,51,33,67,30,39,21,29,30,35,32,40,26,39,36,37,24,39,39,5,18,1,20
MIN,,Mitchell,Ramsey,FB,POWER_BACK,71,23,2003,74,249,San Diego State,NORMAL,63,73,71,76,75,70,68,80,69,73,63,26,45,34,29,36,32,28,24,43,70,45,75,33,20,29,34,43,42,59,62,28,55,53,38,62,72,26,70,73,38,34,33,40,39,33,34,49,36,43,32,29,41,8,1,5,16
MIN,,Tanner,Wood,WR,YAC_RECEIVER,78,24,2002,72,196,Arkansas,SLOW,77,84,80,76,79,84,83,75,75,79,84,30,34,36,37,39,25,38,36,38,59,41,78,28,82,37,33,38,41,84,81,70,84,70,73,78,66,27,43,38,24,41,34,37,35,32,46,40,39,27,32,17,30,10,15,13,17
MIN,,Demarco,Little,WR,YAC_RECEIVER,74,32,1994,72,199,Miami,NORMAL,70,78,74,70,73,87,80,71,74,76,71,35,30,38,35,23,37,34,44,27,55,41,71,34,72,26,32,43,42,81,74,68,76,78,63,74,82,38,32,40,37,31,17,39,41,37,28,41,35,33,32,42,43,12,1,12,7
MIN,,Raymond,Heath,WR,Z_ROUTE_TECH,78,26,2000,75,214,Washington,QUICK,81,75,59,70,77,81,81,77,83,89,76,31,36,36,25,26,37,33,32,38,63,32,81,42,59,40,42,44,20,70,74,84,86,93,79,74,65,20,31,37,39,37,28,34,30,28,32,33,31,44,28,33,35,9,11,3,17
MIN,,Trevon,Watts,WR,X_CONTESTED,69,24,2002,72,195,Minnesota,NORMAL,62,69,73,80,75,75,73,71,61,58,69,26,29,24,31,32,29,29,42,38,63,25,62,43,47,42,31,21,38,68,81,76,64,71,64,63,61,36,33,40,30,29,33,27,43,31,36,33,31,40,29,31,36,15,22,9,17
MIN,,Charles,Giles,WR,YAC_RECEIVER,57,24,2002,72,199,Wyoming,NORMAL,52,60,55,57,60,59,56,52,57,61,49,31,36,31,28,33,30,34,36,36,54,40,57,26,65,28,30,28,30,56,59,58,74,54,51,55,47,28,40,32,33,43,25,39,36,29,36,28,32,44,31,37,31,16,17,8,12
MIN,,Corey,Bates,WR,X_CONTESTED,60,22,2004,74,195,Coastal Carolina,QUICK,56,52,59,70,69,54,59,69,68,60,61,34,41,30,36,41,45,23,41,35,57,32,46,34,47,35,34,35,36,59,71,70,56,63,55,61,37,40,32,36,32,32,34,38,37,36,35,38,37,23,30,41,37,19,17,19,7
MIN,,Riley,Page,TE,MOVE_TE,80,28,1998,77,261,Duke,NORMAL,81,86,86,69,80,84,74,82,78,80,85,34,32,32,23,42,30,26,34,30,20,39,43,34,30,34,39,40,23,80,74,71,83,95,77,69,83,80,71,58,34,26,72,32,42,24,46,30,36,42,32,39,27,8,18,19,10
MIN,,Riley,McClain,TE,INLINE_BLOCKER,73,30,1996,77,259,Minnesota,NORMAL,56,78,78,86,69,72,67,71,71,70,69,26,36,32,28,39,40,34,30,35,28,32,36,41,39,28,37,19,27,65,69,64,65,63,63,57,87,85,81,57,28,45,60,39,11,23,30,41,45,30,36,30,32,17,27,11,9
MIN,,Shane,Walls,TE,RECEIVING_TE,63,22,2004,74,247,Texas A&M,NORMAL,58,61,63,63,66,63,60,74,68,66,61,37,26,31,29,31,32,23,30,27,48,39,35,37,35,29,34,30,40,65,71,46,68,62,41,51,57,64,58,54,32,39,53,39,29,41,33,39,20,20,31,31,43,24,7,6,3
MIN,,Duke,Sparks,LT,ZONE_BLOCKER,85,28,1998,78,312,Brigham Young,NORMAL,83,96,86,78,91,80,90,87,87,79,90,36,30,33,35,33,39,43,22,43,32,29,15,34,37,32,36,29,33,30,27,36,33,37,36,38,84,86,31,31,73,93,87,87,38,30,47,35,40,34,34,31,41,5,7,13,17
MIN,,Hunter,Ellis,LT,PASS_PROTECTOR,61,26,2000,80,321,Ole Miss,NORMAL,66,60,54,56,59,61,64,59,69,63,63,23,36,28,37,36,25,41,34,28,33,32,41,43,37,27,36,28,26,39,30,22,47,30,44,32,54,72,32,33,38,50,68,65,38,29,32,38,32,30,25,36,40,8,15,8,1
MIN,,Rashad,Sawyer,LG,ATHLETIC_PULLING,83,26,2000,78,339,Wisconsin,NORMAL,90,78,94,73,81,85,87,85,81,93,87,30,36,35,34,39,28,33,39,38,28,29,31,27,30,27,36,30,37,27,47,32,39,41,33,34,92,76,81,24,83,88,87,63,37,27,34,27,38,31,34,33,31,14,6,7,25
MIN,,Trevon,Drummond,LG,ZONE_BLOCKER,68,22,2004,74,303,Rice,SLOW,66,77,76,53,73,75,74,64,71,62,59,39,39,35,29,35,46,32,31,39,33,32,38,39,31,39,42,26,32,28,36,30,34,32,38,39,77,68,62,43,62,79,68,59,34,39,35,37,35,33,35,35,41,6,6,15,15
MIN,,Xavier,Simon,C,ZONE_BLOCKER,79,29,1997,78,312,Kansas,NORMAL,81,84,87,71,76,77,82,80,85,79,82,33,32,31,34,29,33,38,32,41,33,33,54,40,42,38,38,29,29,31,25,27,34,35,40,29,79,83,76,43,68,92,74,65,36,40,34,33,46,48,32,46,40,14,11,19,6
MIN,,Kolton,Fields,RG,ATHLETIC_PULLING,88,32,1994,75,300,Brigham Young,NORMAL,98,96,92,78,87,82,82,91,87,87,83,26,31,41,31,31,32,36,39,39,50,25,21,32,38,25,49,40,35,35,26,33,35,45,44,36,84,98,89,41,89,92,82,73,41,32,46,34,38,38,33,26,36,21,8,1,15
MIN,,Cody,Fisher,RG,POWER_MAULER,63,22,2004,75,312,Auburn,SLOW,60,62,44,70,63,67,63,58,59,72,56,28,36,35,46,41,30,31,30,42,26,21,29,27,28,41,36,30,37,28,36,31,37,44,29,35,67,55,74,30,73,45,66,44,41,35,35,36,39,40,32,35,24,11,11,19,13
MIN,,Orlando,Arnold,RT,ATHLETIC_PULLING,85,25,2001,76,305,Arizona State,NORMAL,96,97,99,76,81,89,82,90,87,89,91,21,33,32,34,27,30,34,30,20,35,42,21,35,50,24,25,34,30,38,23,22,42,38,36,46,87,87,30,38,88,68,81,86,53,42,28,37,36,37,25,26,42,20,8,16,10
MIN,,Cornelius,Atkins,RT,ATHLETIC_PULLING,69,26,2000,77,294,Florida,NORMAL,83,79,88,64,65,59,65,59,73,79,69,31,28,33,41,27,28,40,32,39,22,30,29,31,22,35,35,36,31,37,34,39,39,32,31,32,66,74,27,28,71,64,59,66,40,30,23,34,45,30,26,35,34,11,3,1,15
MIN,,Austin,Stanley,EDGE,POWER_RUSHER,88,27,1999,74,259,Kent State,NORMAL,81,86,81,99,86,86,88,93,89,87,83,32,38,37,35,44,38,31,25,43,39,31,40,32,29,29,33,35,33,32,34,34,34,40,36,38,40,32,33,37,40,24,32,25,99,79,92,83,94,73,80,71,23,17,14,12,11
MIN,,Stefon,Cardenas,EDGE,SPEED_RUSHER,75,27,1999,75,262,Michigan,NORMAL,85,91,81,64,67,76,73,73,72,72,77,26,38,31,20,24,32,33,36,36,33,36,37,34,35,37,29,40,33,44,28,39,36,41,38,39,36,35,37,33,33,42,41,39,69,88,57,71,68,52,56,72,45,25,5,22,11
MIN,,Holden,Stark,EDGE,COVERAGE_OLB,74,21,2005,79,271,Brigham Young,NORMAL,88,83,76,63,70,77,74,71,73,68,71,36,38,35,37,36,22,31,36,39,32,32,35,29,36,16,28,30,27,37,37,37,33,33,29,25,39,37,34,27,35,31,35,34,68,68,73,83,75,66,82,74,31,1,13,13,20
MIN,,Kolton,Copeland,EDGE,RUN_STOPPING_EDGE,64,26,2000,78,261,North Carolina A&T,NORMAL,58,61,64,75,67,62,65,63,71,70,66,40,24,35,39,34,30,43,31,30,30,33,32,35,29,26,46,34,37,33,25,26,41,32,31,37,33,38,34,40,44,35,35,38,65,49,74,64,72,47,55,62,32,11,9,18,10
MIN,,Jordan,Little,EDGE,COVERAGE_OLB,59,28,1998,76,244,Pittsburgh,SUPERSTAR,75,63,54,53,57,59,60,65,62,60,54,24,30,36,33,22,38,38,37,42,28,37,27,36,38,39,25,38,27,19,36,27,45,24,43,35,29,44,31,36,30,29,47,34,45,58,65,62,53,39,50,60,30,10,7,25,14
MIN,,Weston,Hansen,DT,INTERIOR_RUSHER,85,29,1997,76,322,Louisiana,NORMAL,81,95,79,85,77,90,81,92,83,78,93,45,37,34,35,31,26,40,21,45,45,30,43,43,34,47,23,28,30,39,32,24,44,32,33,40,31,45,27,30,44,43,29,38,93,99,72,90,84,77,44,29,30,11,16,17,5
MIN,,Grady,Combs,DT,INTERIOR_RUSHER,78,30,1996,77,331,Texas A&M,NORMAL,79,86,82,78,85,76,80,84,83,70,79,49,48,36,36,47,28,43,46,22,36,30,38,31,27,29,32,27,29,35,33,32,26,36,32,34,38,22,27,34,28,33,41,45,84,88,69,81,75,60,39,29,31,12,6,10,19
MIN,,Cristian,Pace,DT,PENETRATOR_3TECH,71,26,2000,78,334,Iowa,QUICK,70,85,72,62,80,68,77,70,68,67,75,36,36,34,35,31,29,37,31,33,26,41,38,30,23,43,30,34,34,38,43,31,31,35,31,41,30,37,41,37,22,33,23,28,81,79,64,75,70,60,43,40,35,5,14,11,4
MIN,,Calvin,Dorsey,DT,INTERIOR_RUSHER,60,34,1992,75,316,Houston,QUICK,56,65,63,58,63,56,56,67,58,59,57,31,34,38,25,34,37,36,49,32,50,32,35,37,34,39,36,34,35,34,29,36,37,28,45,33,36,36,33,35,47,40,41,30,73,66,54,58,54,50,33,28,31,16,16,7,15
MIN,,Maxwell,Hansen,LB,THUMPER,83,34,1992,73,248,Louisiana,X_FACTOR,73,73,82,92,80,89,90,75,87,83,87,35,37,34,40,43,41,36,32,26,32,46,33,37,37,20,35,45,30,44,32,38,27,29,35,25,29,42,36,36,34,26,34,36,75,75,93,77,94,88,69,78,81,16,16,14,10
MIN,,Alec,Zimmerman,LB,FIELD_GENERAL_MLB,78,29,1997,74,243,Kent State,NORMAL,72,73,78,75,74,76,78,70,81,86,86,31,33,31,33,37,42,43,27,39,42,30,24,32,33,39,32,24,36,37,38,41,30,46,30,32,35,28,31,37,34,41,36,28,62,68,78,78,79,77,75,73,59,16,19,3,21
MIN,,Kade,Glover,LB,BLITZING_LB,64,21,2005,75,250,Fresno State,SLOW,66,68,71,70,66,66,60,67,63,67,59,31,52,18,33,30,36,33,36,36,36,36,36,35,40,42,35,40,32,40,39,33,33,35,35,33,35,38,45,40,32,40,33,26,60,62,66,69,64,61,59,51,52,19,21,14,13
MIN,,Gerald,North,LB,THUMPER,60,26,2000,76,247,Purdue,NORMAL,44,54,58,73,57,54,71,60,61,57,59,32,36,38,29,32,33,35,29,21,26,37,36,37,40,24,38,43,33,32,27,48,29,25,31,32,31,27,36,32,30,42,21,46,58,43,71,64,74,76,48,49,39,6,10,12,14
MIN,,Ricardo,McClain,LB,FIELD_GENERAL_MLB,65,21,2005,76,256,Texas Tech,SLOW,53,56,57,68,68,66,70,61,76,74,70,34,19,29,46,39,41,34,26,40,33,25,41,37,35,15,26,33,28,38,36,23,37,32,33,39,36,29,34,25,35,35,26,34,58,52,57,73,68,63,56,55,54,13,15,13,13
MIN,,Kendrick,Patterson,LB,COVERAGE_LB,55,23,2003,72,229,Duke,NORMAL,67,48,50,42,57,53,56,58,56,50,51,33,22,33,33,41,33,31,48,43,42,32,35,38,41,42,36,28,34,19,34,30,37,32,36,43,43,38,38,33,43,50,36,37,44,38,47,56,54,41,61,66,45,6,6,12,17
MIN,,Bo,Cain,CB,BALLHAWK,88,25,2001,69,196,Notre Dame,SLOW,87,87,86,89,89,89,86,92,87,96,83,39,28,35,26,41,23,42,38,30,46,31,38,32,40,26,35,32,38,96,48,79,31,25,33,31,34,36,41,34,35,30,37,40,36,36,41,72,74,73,88,96,78,9,8,12,7
MIN,,Jermaine,Nolan,CB,SLOT_CB,79,24,2002,74,192,Central Florida,QUICK,73,89,89,79,63,76,77,87,84,72,82,37,32,30,34,39,33,44,34,22,37,50,35,40,36,22,32,36,40,73,29,67,34,44,35,31,27,25,38,33,30,39,25,30,38,28,33,70,80,68,83,82,68,8,17,23,14
MIN,,Tariq,Bishop,CB,ZONE_CB,68,24,2002,73,204,San Diego State,SLOW,76,71,62,70,72,70,65,62,79,79,74,53,34,27,33,31,26,38,29,38,29,34,31,33,32,34,40,22,42,66,32,51,35,37,41,47,36,41,44,33,43,35,47,20,32,43,37,46,70,60,58,74,57,7,15,22,2
MIN,,Greg,Perkins,CB,BALLHAWK,69,21,2005,73,206,North Carolina A&T,SUPERSTAR,67,65,67,71,84,67,71,66,72,77,64,44,31,36,36,37,35,29,30,38,31,40,45,45,37,48,26,28,31,74,46,51,32,39,35,36,34,40,32,42,28,40,35,33,32,43,32,57,55,61,69,76,58,16,4,17,16
MIN,,Jaxon,Robinson,CB,MAN_PRESS,61,22,2004,72,173,Ole Miss,NORMAL,68,57,52,71,52,57,63,69,56,52,59,25,20,27,40,36,29,31,40,17,34,37,38,35,39,29,27,39,35,56,37,51,30,44,41,41,23,34,33,33,30,36,30,29,40,38,34,45,59,56,76,50,65,15,7,16,10
MIN,,Chris,Hall,S,BOX_SAFETY,85,23,2003,73,200,Iowa State,NORMAL,81,80,84,84,91,85,95,87,91,97,87,32,24,32,35,38,35,34,31,36,40,21,38,44,35,32,39,29,36,85,36,74,39,35,34,37,34,36,42,28,28,41,38,43,36,36,69,93,98,93,70,70,78,4,6,7,4
MIN,,Jackson,Harper,S,BOX_SAFETY,72,31,1995,72,203,Oregon,SLOW,61,68,72,67,73,71,79,74,73,81,75,35,39,43,37,43,36,44,48,35,28,24,33,36,27,34,33,29,33,64,35,58,34,25,29,41,29,35,33,41,47,31,42,31,23,34,70,79,86,79,63,65,71,11,12,7,8
MIN,,Jaxon,Carson,S,STRONG_SAFETY,62,23,2003,71,210,Central Florida,NORMAL,54,65,57,64,65,59,63,60,62,58,62,30,38,32,34,29,29,26,35,34,37,34,32,29,32,24,33,31,33,64,36,60,33,32,34,38,42,38,36,29,45,44,39,38,41,22,53,64,73,71,66,53,55,1,14,16,14
MIN,,Justin,Cochran,S,HYBRID_NICKEL,55,24,2002,75,209,Wake Forest,SLOW,55,53,58,46,59,51,59,47,54,51,54,34,35,35,28,29,35,32,33,49,30,45,25,36,27,24,33,45,39,62,38,42,44,39,47,25,38,27,37,27,36,38,39,33,23,37,43,64,48,44,56,61,47,25,13,9,6
MIN,,Quincy,Mullins,K,SPECIALIST,78,24,2002,75,214,TCU,NORMAL,84,70,77,71,70,79,73,85,80,88,87,32,45,56,49,38,37,46,37,56,41,42,57,41,32,49,28,42,37,42,33,41,43,46,41,39,50,38,39,45,38,36,48,42,46,43,52,45,37,45,43,45,34,81,75,39,36
MIN,,Joshua,Phillips,P,SPECIALIST,78,27,1999,76,229,East Carolina,NORMAL,77,77,72,80,83,82,76,75,80,81,75,42,36,41,40,46,34,40,36,52,37,33,36,44,48,39,58,50,44,43,35,47,48,49,57,44,57,38,46,41,47,32,39,34,44,51,41,33,40,50,48,45,50,24,32,77,79
MIN,,Damian,Powers,LS,SPECIALIST,67,30,1996,73,242,Kent State,NORMAL,53,68,76,66,72,66,68,65,66,66,67,36,41,47,43,35,39,47,49,47,44,47,38,40,36,63,41,49,41,34,38,45,32,49,40,44,34,43,44,19,48,47,42,43,49,42,35,44,69,40,56,40,42,27,33,27,41
NO,,Marcus,Wright,QB,IMPROVISER,83,26,2000,75,231,Oregon,SLOW,81,83,75,81,81,78,83,89,82,83,80,75,83,79,80,93,91,90,84,85,66,71,40,34,29,41,28,41,32,35,38,41,36,27,35,30,34,28,37,24,32,34,45,31,38,28,35,38,35,38,34,30,30,29,11,12,14
NO,,Andre,Cox,QB,GUNSLINGER,71,29,1997,74,236,Tulsa,NORMAL,76,72,74,70,72,68,71,70,57,70,58,84,66,76,79,74,67,68,74,71,56,44,26,39,44,23,37,41,22,36,42,20,43,35,40,15,30,43,31,44,37,33,36,38,21,37,35,34,31,38,31,35,27,13,15,14,14
NO,,Warren,McDaniel,QB,GUNSLINGER,62,25,2001,72,193,Indiana,NORMAL,69,62,65,56,62,58,60,59,58,60,57,74,52,66,65,67,70,54,60,58,57,50,44,32,31,26,23,31,32,29,37,31,39,33,32,37,36,38,40,32,25,28,37,42,25,40,26,40,40,36,38,42,37,9,11,11,8
NO,,Bennett,Simmons,RB,ELUSIVE,77,28,1998,68,208,Houston,NORMAL,77,82,85,64,69,77,72,81,71,77,67,45,31,40,31,42,39,30,34,25,72,70,65,70,97,36,35,26,77,67,71,34,64,52,33,71,67,68,22,62,30,36,32,35,24,31,36,29,45,41,36,38,33,8,12,12,6
NO,,Thomas,Patterson,RB,ELUSIVE,75,33,1993,74,214,Louisiana,SUPERSTAR,68,75,80,67,67,70,77,74,74,73,73,41,25,45,33,33,31,38,34,40,75,60,73,66,90,32,35,41,79,74,70,32,61,72,20,66,70,72,39,64,30,27,36,31,30,31,36,40,41,37,36,22,45,15,3,11,19
NO,,Jamal,Flores,RB,WORKHORSE,70,21,2005,72,220,Southern Illinois,NORMAL,65,65,61,68,71,81,67,65,68,77,76,33,31,39,36,34,29,27,29,35,80,82,76,67,64,37,39,20,69,78,56,31,52,54,29,55,46,71,26,54,41,24,37,34,32,29,40,41,28,26,35,47,36,15,9,11,11
NO,,Dillon,Cortez,RB,POWER_BACK,66,21,2005,71,202,Indiana,NORMAL,64,59,66,68,66,69,66,70,68,65,67,29,29,33,40,27,32,36,36,37,70,64,81,79,52,38,44,36,71,60,62,40,52,52,43,55,52,62,32,54,24,39,35,27,40,29,44,22,40,35,40,36,30,10,8,8,15
NO,,Harrison,Flores,FB,RECEIVING_BACK,66,32,1994,70,239,Boston College,X_FACTOR,66,70,67,65,69,62,74,68,62,71,61,43,25,36,30,43,34,39,22,25,67,39,53,25,40,31,40,29,45,88,48,39,70,74,28,49,69,45,63,64,35,38,34,35,38,35,29,28,36,38,36,30,27,14,4,13,24
NO,,Calvin,Parrish,WR,Z_ROUTE_TECH,87,26,2000,75,212,Indiana,NORMAL,83,91,75,91,84,84,97,86,99,88,82,29,33,33,37,33,34,37,23,36,73,37,80,27,76,45,37,30,41,83,75,87,93,96,95,88,68,42,31,37,37,33,34,29,36,36,39,38,31,28,34,41,35,10,5,4,16
NO,,Nash,Sullivan,WR,YAC_RECEIVER,75,23,2003,69,180,Penn State,QUICK,67,75,74,76,82,75,73,77,73,71,84,43,37,31,31,28,23,37,48,47,49,32,75,36,72,24,33,35,14,76,76,68,80,78,75,70,61,39,30,31,25,29,44,31,32,28,32,36,41,34,28,35,44,8,22,3,18
NO,,Jayden,Hardin,WR,YAC_RECEIVER,72,28,1998,69,178,Western Michigan,SLOW,68,81,73,71,77,67,78,71,72,71,62,38,43,34,38,31,37,38,26,38,54,24,70,39,78,26,40,32,32,70,70,70,77,75,71,67,58,41,32,37,40,42,27,35,38,34,32,30,20,26,32,38,29,7,12,10,6
NO,,Charles,Houston,WR,Z_ROUTE_TECH,61,31,1995,76,229,Troy,NORMAL,59,51,54,54,57,63,57,62,62,63,57,32,40,25,36,34,26,35,36,33,51,35,46,28,41,30,32,26,37,61,55,67,68,66,66,59,62,32,32,30,27,28,39,39,38,26,46,32,38,24,31,38,46,1,1,7,14
NO,,Zane,Burgess,WR,DEEP_THREAT,61,21,2005,70,172,Boston College,NORMAL,73,63,54,49,64,54,58,60,62,53,66,25,37,41,25,30,31,40,31,33,37,37,41,49,56,38,48,47,58,53,54,53,49,62,80,67,41,32,35,35,36,35,39,30,41,33,36,48,27,34,35,45,24,12,17,9,15
NO,,Micah,Cooper,WR,SLOT,61,26,2000,76,217,Southern Illinois,NORMAL,52,57,67,57,54,66,60,65,52,60,61,39,44,37,28,42,46,32,21,34,44,32,43,33,45,30,33,28,37,59,68,63,79,58,53,68,57,28,41,32,30,44,17,37,33,41,30,35,31,37,39,28,39,8,18,5,18
NO,,Travis,McDaniel,TE,H_BACK,80,24,2002,74,238,Ohio State,NORMAL,70,82,79,80,78,84,79,85,77,83,73,35,31,29,44,34,24,27,42,31,33,41,34,32,18,39,35,28,27,89,69,60,83,75,48,72,79,87,90,91,40,29,55,27,39,34,30,31,43,40,39,34,31,11,9,7,18
NO,,Devonte,Boyd,TE,H_BACK,76,26,2000,74,233,Southern Miss,NORMAL,70,75,79,79,73,79,82,75,83,75,71,38,21,39,35,36,44,24,27,33,31,28,35,31,42,30,33,32,40,78,77,48,75,66,54,59,76,71,80,76,31,35,58,32,26,34,39,46,42,23,33,42,37,10,9,11,8
NO,,Nathan,Manning,TE,H_BACK,57,27,1999,75,232,Liberty,NORMAL,46,58,55,61,59,56,55,59,51,55,58,38,33,29,37,23,35,29,19,37,33,41,42,33,30,40,36,34,27,66,49,44,56,55,45,41,61,55,62,63,26,50,42,40,45,35,27,25,31,44,34,32,22,8,7,10,9
NO,,Cameron,Morris,LT,POWER_MAULER,84,31,1995,78,314,Central Florida,NORMAL,90,80,73,94,92,84,88,86,76,78,80,30,28,27,33,33,33,34,22,28,26,37,31,41,25,32,26,30,35,28,41,42,30,47,32,31,88,83,34,35,94,70,91,83,39,40,34,37,44,34,35,38,41,12,15,9,1
NO,,Gabriel,Leach,LT,ZONE_BLOCKER,65,27,1999,79,301,North Carolina,NORMAL,66,67,80,62,73,68,73,59,72,73,62,31,30,36,35,24,28,33,39,39,24,24,38,34,39,33,35,28,35,34,31,32,32,38,22,23,57,63,33,40,54,75,65,69,32,49,24,16,26,30,35,33,33,15,14,15,16
NO,,Nolan,Hester,LG,POWER_MAULER,76,29,1997,75,297,Colorado,NORMAL,73,71,54,84,78,77,87,86,67,80,76,32,26,33,33,27,35,30,34,29,39,31,39,29,29,27,35,42,35,50,38,41,36,37,33,34,77,73,83,41,87,77,72,65,32,41,36,35,36,31,43,31,36,15,16,15,27
NO,,Kyler,Langston,LG,ATHLETIC_PULLING,60,28,1998,77,327,California,QUICK,68,64,76,58,52,71,59,64,66,56,61,42,34,46,31,34,23,36,31,29,31,38,30,28,44,29,28,35,38,32,42,39,39,30,34,41,59,53,59,45,63,59,61,45,35,38,29,41,39,23,34,26,41,17,10,4,13
NO,,Ryder,Berry,C,PASS_PROTECTOR,77,29,1997,75,291,UNLV,SLOW,81,79,80,78,80,78,67,74,80,77,79,40,40,27,43,29,28,26,22,37,28,33,38,37,37,30,39,39,43,26,35,31,20,40,34,38,79,86,63,33,69,76,73,80,38,26,33,42,36,40,24,35,37,10,11,6,10
NO,,Theo,Sherman,RG,PASS_PROTECTOR,76,26,2000,76,319,Georgia Tech,QUICK,72,65,79,74,74,80,73,84,82,75,72,41,28,27,31,25,28,38,37,34,29,34,33,52,43,29,39,29,37,41,38,39,39,44,34,34,76,87,66,28,67,70,72,76,19,39,37,36,30,38,25,40,31,7,10,14,12
NO,,Javon,Atkins,RG,POWER_MAULER,67,23,2003,77,325,Notre Dame,NORMAL,57,58,52,69,71,69,64,72,61,73,70,35,34,43,43,33,39,34,41,24,34,33,36,31,30,31,31,37,22,38,33,35,32,21,41,37,78,63,72,37,64,48,69,55,29,39,35,37,26,37,37,33,34,23,10,11,7
NO,,Jaxon,Wood,RT,ZONE_BLOCKER,77,23,2003,79,324,Ohio,NORMAL,72,77,84,66,73,73,76,77,77,76,78,34,26,35,34,28,36,41,32,22,39,40,35,37,28,35,30,34,34,37,37,43,31,26,28,34,78,73,48,35,64,93,84,78,25,49,30,36,37,37,35,33,42,12,1,14,8
NO,,Silas,Gilbert,RT,PASS_PROTECTOR,58,27,1999,77,305,Marshall,NORMAL,63,56,50,51,47,57,65,54,60,53,54,40,47,42,32,42,32,32,36,37,28,34,41,39,31,30,29,40,38,36,38,44,37,28,33,41,53,69,27,39,45,62,57,59,29,37,35,38,30,22,36,37,33,6,11,16,9
NO,,Ty,Waters,EDGE,POWER_RUSHER,82,24,2002,79,274,Youngstown State,NORMAL,72,73,69,99,82,82,82,81,77,81,87,40,36,35,24,53,46,37,41,29,40,46,28,27,28,41,34,40,35,35,30,44,32,36,38,40,31,35,24,23,32,34,37,44,99,68,92,82,80,61,69,68,37,20,3,16,15
NO,,Zion,Snell,EDGE,SPEED_RUSHER,73,27,1999,77,263,Auburn,QUICK,84,85,75,63,76,72,61,75,72,75,71,38,38,39,34,29,39,34,44,39,33,31,31,35,19,34,26,32,30,40,27,34,30,28,30,36,37,30,27,38,28,23,28,32,62,81,63,71,74,64,66,56,31,6,25,26,6
NO,,Caleb,Butler,EDGE,RUN_STOPPING_EDGE,71,27,1999,77,259,Illinois,NORMAL,64,76,71,75,70,70,72,74,75,81,76,31,34,37,33,31,32,27,30,41,36,32,33,32,44,33,35,45,40,35,34,24,30,19,37,30,26,33,37,37,33,28,33,27,64,57,90,71,79,40,65,72,37,14,8,23,12
NO,,Carter,Richardson,EDGE,POWER_RUSHER,66,25,2001,75,237,LSU,NORMAL,52,58,61,80,68,59,72,64,78,67,64,40,21,34,41,32,35,36,34,39,31,36,37,35,43,31,37,49,30,35,33,36,34,34,36,37,25,39,22,41,32,45,41,32,74,59,78,61,70,56,52,60,43,12,16,4,12
NO,,Deandre,Boone,EDGE,RUN_STOPPING_EDGE,53,28,1998,75,240,Wyoming,SLOW,46,51,51,61,50,54,59,53,59,62,47,34,34,33,35,33,36,31,37,36,29,25,41,42,34,25,29,41,36,21,32,32,21,33,38,35,44,24,48,35,34,31,36,33,44,45,69,49,61,39,42,50,42,13,16,13,7
NO,,Reece,Roman,DT,NOSE_1TECH,81,21,2005,77,328,Duke,NORMAL,67,64,78,93,81,86,80,67,72,76,82,42,31,34,30,21,37,34,32,20,28,32,31,37,28,33,41,37,35,32,20,37,38,31,35,33,26,25,32,29,44,40,43,37,80,69,92,69,81,74,38,33,28,13,8,15,23
NO,,Cameron,Osborne,DT,INTERIOR_RUSHER,75,27,1999,78,344,Maryland,NORMAL,72,81,77,63,74,78,72,79,78,75,80,45,32,38,45,30,34,34,31,39,33,33,46,34,44,37,40,35,22,27,22,37,30,38,40,35,36,41,44,42,34,39,24,43,89,84,68,79,74,66,40,28,30,10,10,1,9
NO,,Cole,Jefferson,DT,TWO_GAP_5TECH,64,24,2002,75,308,Florida Atlantic,QUICK,65,56,64,65,63,59,64,63,60,69,61,38,39,30,22,32,30,38,36,28,30,40,26,31,42,31,43,31,35,39,44,35,31,34,28,41,35,34,38,41,37,39,25,29,63,52,71,66,66,48,29,40,33,15,19,7,8
NO,,Landon,Cruz,DT,TWO_GAP_5TECH,56,21,2005,75,310,San Jose State,NORMAL,51,44,58,64,51,59,55,56,55,55,57,46,38,37,40,35,47,42,33,40,41,31,40,29,23,29,37,29,39,34,45,37,35,35,31,33,37,35,35,33,42,40,21,35,55,51,58,57,56,46,33,36,45,1,13,1,9
NO,,Wesley,Mills,LB,THUMPER,77,30,1996,75,234,San Diego State,QUICK,74,75,73,89,83,73,73,79,74,75,71,30,41,42,30,37,38,40,36,44,32,30,35,44,43,29,38,46,42,24,26,24,33,35,26,36,28,43,48,34,38,38,38,43,61,56,90,70,87,96,67,65,63,10,17,10,16
NO,,Dante,Vincent,LB,THUMPER,74,29,1997,76,254,West Virginia,QUICK,67,67,70,90,81,75,74,75,79,74,71,31,27,46,29,47,32,30,30,30,42,37,30,36,39,38,38,27,37,35,41,38,38,43,34,39,35,39,35,27,23,26,37,39,59,67,83,67,85,84,60,66,69,10,27,20,13
NO,,Theo,Steele,LB,BLITZING_LB,73,22,2004,75,235,Louisiana,NORMAL,75,78,77,80,72,70,79,72,74,74,72,28,37,33,39,37,36,27,38,37,42,38,36,36,32,32,38,33,23,33,41,43,41,39,39,45,29,36,31,27,32,32,29,26,60,62,74,82,70,70,67,63,59,4,13,2,11
NO,,Noah,Hale,LB,COVERAGE_LB,67,27,1999,76,262,TCU,QUICK,81,66,70,61,69,68,64,61,68,68,63,35,33,22,42,39,41,48,30,42,34,31,25,30,35,42,34,31,30,30,28,37,32,34,38,35,30,44,34,34,31,42,33,33,53,52,53,65,59,63,80,71,56,17,12,5,9
NO,,Reece,Roman,LB,THUMPER,61,25,2001,75,235,Jackson State,SLOW,45,58,63,61,63,61,66,60,55,66,65,38,43,27,35,40,41,35,44,43,37,37,37,30,32,37,33,35,24,34,22,45,36,35,46,40,27,30,30,34,51,31,42,35,51,51,70,62,66,79,54,50,43,7,9,22,10
NO,,Isaac,Houston,LB,THUMPER,55,28,1998,76,250,Grambling State,NORMAL,46,62,48,60,64,59,52,50,53,59,52,42,43,42,33,38,34,33,23,39,41,31,52,34,34,34,25,36,28,31,36,44,40,37,29,33,44,32,33,32,46,32,33,40,46,35,54,53,65,67,51,41,39,18,14,10,9
NO,,Pierce,Leach,CB,MAN_PRESS,79,24,2002,73,199,North Dakota State,NORMAL,92,76,77,82,78,75,85,82,69,62,82,45,19,34,28,41,37,27,35,31,33,30,30,31,31,21,29,32,24,77,38,76,38,35,31,29,36,36,31,36,41,32,37,37,45,45,35,80,75,64,89,63,93,7,15,12,8
NO,,Vance,Rutledge,CB,MAN_PRESS,78,24,2002,73,204,Houston,QUICK,88,75,67,80,75,82,74,76,82,67,82,37,34,27,32,36,32,40,41,35,35,47,39,41,36,29,25,32,28,72,37,67,31,46,34,41,43,27,27,31,30,35,37,32,34,40,40,66,72,63,89,65,86,15,8,4,1
NO,,Shane,Powers,CB,ZONE_CB,76,24,2002,70,188,Old Dominion,NORMAL,74,70,79,72,79,77,67,66,85,89,71,47,27,42,35,43,31,26,33,37,32,25,34,27,30,34,38,38,33,73,40,65,42,39,29,32,43,36,29,28,37,37,45,29,33,29,34,57,75,68,67,93,67,8,22,6,18
NO,,Blake,Terrell,CB,BALLHAWK,68,21,2005,73,207,Michigan State,SLOW,67,64,61,60,78,58,64,68,72,69,67,43,32,29,39,37,39,26,28,36,36,47,31,46,36,35,41,48,48,80,36,53,41,28,28,38,35,20,42,35,36,36,45,38,36,36,35,58,60,60,65,77,64,17,19,15,11
NO,,Trevon,Henry,CB,BALLHAWK,61,25,2001,69,184,Oklahoma,NORMAL,60,57,65,70,63,60,62,63,62,70,61,38,30,41,29,31,44,34,26,34,30,40,31,43,39,36,24,40,32,76,32,53,27,32,29,39,26,44,36,28,33,37,32,22,37,38,39,52,48,60,54,70,49,18,11,10,7
NO,,Franklin,McNeil,S,FREE_SAFETY,76,28,1998,72,204,Rutgers,NORMAL,80,74,75,77,72,75,74,81,72,81,78,24,39,25,30,36,37,42,35,35,22,47,32,39,28,41,39,24,31,81,35,64,25,24,43,42,19,38,30,45,25,32,35,30,34,31,65,73,64,57,75,87,60,7,23,13,2
NO,,Joshua,Miles,S,STRONG_SAFETY,75,31,1995,73,194,Wisconsin,NORMAL,60,78,73,91,70,70,88,71,74,78,80,30,35,30,28,40,16,29,38,37,36,34,37,38,27,40,37,32,24,74,32,61,39,39,41,34,39,30,32,30,35,32,36,38,28,32,60,81,88,84,75,64,60,3,1,13,2
NO,,Chris,Gaines,S,HYBRID_NICKEL,67,24,2002,70,186,Notre Dame,SLOW,63,58,71,61,62,67,78,61,71,58,68,28,29,35,26,38,34,37,28,30,42,31,35,28,33,39,36,35,28,62,40,56,28,44,32,37,30,32,39,31,50,31,28,35,44,27,58,66,69,60,74,75,62,16,5,13,20
NO,,Keegan,Brewer,S,BOX_SAFETY,56,23,2003,74,207,Duke,NORMAL,51,62,58,48,48,54,56,55,55,66,58,32,34,23,26,45,43,27,46,32,35,36,23,41,31,35,39,35,26,59,25,48,32,33,29,33,37,34,28,26,41,31,25,42,39,33,51,56,72,66,45,38,37,7,14,9,6
NO,,Quentin,Webb,K,SPECIALIST,75,29,1997,75,204,Notre Dame,SLOW,67,75,70,80,74,70,74,68,70,76,67,44,40,42,47,32,34,39,37,42,28,45,36,41,44,40,44,43,45,41,38,40,34,38,48,38,39,54,47,48,43,31,42,50,47,40,49,33,51,43,47,47,45,70,80,38,33
NO,,Victor,Hubbard,P,SPECIALIST,72,31,1995,72,184,California,NORMAL,73,86,77,74,65,62,80,76,73,74,75,51,40,47,46,57,35,33,36,42,47,43,54,35,56,37,40,40,52,39,35,48,41,32,42,40,46,49,42,48,37,42,42,40,38,42,50,49,51,60,45,41,45,36,29,75,70
NO,,Jonah,West,LS,SPECIALIST,58,29,1997,74,228,Missouri,QUICK,49,53,58,60,64,66,56,58,58,56,53,44,41,43,47,37,52,47,35,37,40,47,48,44,47,48,49,32,40,36,48,41,51,45,36,41,44,37,43,42,41,40,41,50,37,37,32,46,55,34,45,52,43,37,32,18,35
TB,,Jarrett,Holloway,QB,IMPROVISER,87,26,2000,75,226,Coastal Carolina,QUICK,84,87,89,83,92,86,84,94,78,80,84,92,85,94,82,95,94,94,83,99,78,75,42,28,35,30,35,44,33,28,34,38,45,29,33,44,32,30,26,44,44,39,34,32,31,44,39,36,44,26,40,43,27,10,12,11,9
TB,,Hayden,Bowen,QB,DUAL_THREAT,71,27,1999,74,218,Auburn,SLOW,85,82,79,74,70,65,68,72,72,70,78,64,73,67,69,75,72,65,67,90,84,64,36,35,45,31,34,53,31,32,30,32,36,27,29,30,37,43,41,33,34,39,46,36,36,37,34,41,31,29,37,40,39,5,16,11,15
TB,,Devin,Bryant,QB,POCKET_PASSER,63,21,2005,72,199,LSU,SLOW,46,59,60,62,61,60,67,59,71,60,69,65,63,64,69,55,66,66,53,50,52,47,38,38,31,32,44,21,37,21,30,42,32,40,33,32,25,37,47,36,30,42,33,32,34,32,24,38,30,44,28,33,34,15,10,7,4
TB,,Tariq,Lowe,RB,RECEIVING_BACK,85,22,2004,74,230,Georgia Southern,SLOW,85,88,79,84,84,81,77,84,89,83,86,30,41,25,30,39,33,33,28,26,81,98,77,77,85,37,33,41,83,95,67,35,85,94,25,80,72,88,35,67,27,29,33,28,46,23,34,35,36,37,37,35,24,12,9,15,7
TB,,Grant,Sears,RB,POWER_BACK,67,30,1996,73,232,Baylor,X_FACTOR,50,60,72,79,71,68,61,65,71,72,66,30,29,32,30,35,40,34,34,27,78,71,85,81,63,34,30,32,59,65,53,34,51,59,30,52,53,63,25,58,29,41,32,24,35,34,40,32,42,23,25,29,34,18,7,11,11
TB,,Jamal,Knight,RB,ONE_CUT_ZONE,65,21,2005,71,212,Kansas State,QUICK,61,74,68,57,66,67,67,66,60,61,68,34,40,35,30,37,47,36,46,29,62,71,62,53,66,34,34,40,66,69,52,38,52,53,30,32,60,57,36,58,32,38,41,30,36,28,28,39,36,44,42,31,33,6,7,18,26
TB,,Avery,Lawson,RB,RECEIVING_BACK,61,25,2001,68,183,Alabama,NORMAL,59,64,65,58,54,61,55,59,70,70,67,31,38,32,31,46,39,29,40,23,60,60,51,60,57,39,44,33,57,80,43,35,61,66,33,34,54,67,24,50,48,36,43,33,32,25,39,35,30,43,33,25,33,8,13,10,9
TB,,Keenan,Gray,FB,WORKHORSE,62,25,2001,71,229,Northwestern,NORMAL,52,69,67,62,67,80,67,70,65,64,51,33,38,29,44,29,19,32,37,29,66,23,64,35,31,42,27,38,30,60,43,37,50,51,27,52,63,28,70,56,41,22,41,31,39,38,31,33,31,36,32,29,28,10,10,1,23
TB,,Jaden,Steele,WR,SLOT,82,21,2005,73,204,Florida,NORMAL,84,79,87,84,75,74,81,86,84,83,82,40,39,33,28,37,27,32,30,22,66,35,65,46,70,40,36,28,34,84,90,79,86,80,68,88,66,45,32,31,37,40,38,30,31,44,36,37,46,32,33,36,35,1,10,1,24
TB,,Kaleb,Tyler,WR,X_CONTESTED,82,22,2004,75,207,Minnesota,NORMAL,79,80,71,85,90,83,76,85,75,84,84,27,28,27,42,30,35,37,19,24,71,32,61,39,61,33,30,26,37,85,87,90,76,80,80,90,77,42,37,26,42,38,34,41,37,43,35,35,41,33,29,31,31,17,11,14,19
TB,,Braxton,Clayton,WR,X_CONTESTED,71,29,1997,70,184,SMU,QUICK,64,69,68,80,78,71,73,70,72,73,69,34,42,29,34,36,36,32,32,28,50,32,59,26,56,30,36,45,38,68,76,89,68,71,70,70,53,38,23,40,27,28,29,45,22,33,35,36,42,31,32,25,35,10,12,11,4
TB,,Phillip,Greer,WR,SLOT,66,25,2001,70,172,Memphis,NORMAL,63,64,68,50,61,66,69,67,65,65,63,44,25,36,40,36,36,35,34,38,61,40,46,39,55,33,38,40,33,67,66,66,78,66,51,76,53,34,30,33,29,34,33,33,23,31,28,33,33,30,29,40,31,14,3,8,12
TB,,Joshua,Riggs,WR,Z_ROUTE_TECH,66,24,2002,72,192,Coastal Carolina,NORMAL,61,61,66,62,54,65,66,71,73,66,74,32,16,28,35,28,32,31,27,36,50,30,58,32,56,47,47,30,29,68,61,58,69,67,74,70,55,37,32,22,44,26,37,26,42,33,36,35,20,42,41,28,29,11,8,9,21
TB,,Cam,Warner,WR,Z_ROUTE_TECH,58,25,2001,76,203,Villanova,NORMAL,51,51,50,63,58,66,50,56,73,58,63,36,34,33,40,42,31,37,37,33,37,30,46,34,39,33,43,37,28,49,56,53,66,66,64,67,40,27,35,33,25,28,40,41,46,43,36,23,35,26,33,31,35,18,9,19,18
TB,,Tyler,Eaton,TE,H_BACK,84,30,1996,78,247,Baylor,SLOW,77,72,85,80,88,80,89,73,88,85,76,32,39,39,48,24,43,39,36,31,28,34,31,39,27,31,34,38,40,82,85,74,80,83,68,76,80,95,89,81,34,33,76,41,42,36,36,38,25,29,40,36,42,20,11,1,14
TB,,Mitchell,Wise,TE,INLINE_BLOCKER,69,26,2000,79,275,Marshall,X_FACTOR,58,75,69,68,62,76,74,78,66,75,70,32,45,26,36,34,24,29,27,31,31,25,32,31,36,34,30,23,37,58,63,53,70,60,56,57,81,82,79,60,41,33,54,28,37,37,43,32,32,29,34,40,30,21,6,8,8
TB,,Walker,Chase,TE,INLINE_BLOCKER,68,25,2001,75,229,Pittsburgh,SLOW,54,67,68,78,65,67,76,66,67,63,58,31,47,33,41,22,29,32,25,37,34,30,21,34,31,39,39,29,27,56,71,50,67,58,56,52,79,77,76,67,36,27,48,30,30,38,39,36,37,32,25,23,29,10,12,18,21
TB,,Kenny,Ward,LT,POWER_MAULER,82,22,2004,80,320,Maryland,QUICK,94,82,68,85,82,89,82,80,87,83,83,37,29,26,43,37,30,40,33,40,39,36,34,40,30,28,36,38,26,46,28,41,31,35,27,23,90,80,41,41,95,69,80,76,43,45,33,30,31,27,33,22,36,21,1,12,11
TB,,Vincent,Hester,LT,ZONE_BLOCKER,62,30,1996,79,315,Oklahoma State,NORMAL,74,70,70,47,58,57,61,65,73,61,59,36,37,40,39,34,34,28,37,46,28,41,35,37,27,39,37,37,39,40,34,37,31,33,47,29,68,62,29,45,50,65,63,56,34,33,29,38,35,32,25,40,34,22,16,1,9
TB,,Patrick,Ware,LG,POWER_MAULER,71,30,1996,75,303,Georgia Tech,NORMAL,78,70,53,83,63,66,66,67,61,68,68,42,47,39,44,42,39,37,31,32,20,35,38,36,36,27,35,37,30,28,32,35,34,32,29,35,75,65,74,49,80,66,71,63,37,35,37,41,30,45,34,33,52,1,5,14,1
TB,,Reggie,Woods,LG,POWER_MAULER,58,31,1995,77,335,Georgia,NORMAL,56,44,44,65,57,58,53,53,51,56,58,36,39,44,32,37,21,41,30,39,30,23,31,38,28,23,33,32,40,29,30,33,44,32,33,28,67,51,64,34,66,53,51,43,27,15,35,32,27,32,33,34,42,17,25,30,15
TB,,Calvin,Ware,C,POWER_MAULER,76,21,2005,75,312,Missouri,SLOW,75,76,57,77,71,68,82,82,71,81,76,44,34,38,33,29,39,32,30,43,32,27,35,29,26,28,30,39,35,35,33,19,31,37,52,43,77,77,80,24,86,71,76,66,35,34,29,31,36,36,45,43,34,8,13,7,17
TB,,Eric,Herrera,RG,POWER_MAULER,79,27,1999,78,342,Georgia Southern,NORMAL,84,73,72,80,77,91,91,74,76,71,80,33,34,33,27,36,31,40,28,33,26,36,37,38,29,31,34,44,26,30,35,33,44,36,32,32,84,70,81,40,94,78,79,69,29,21,27,30,30,36,41,47,29,21,12,17,14
TB,,Hunter,Ramsey,RG,POWER_MAULER,58,25,2001,75,292,Georgia Tech,NORMAL,61,47,39,65,60,66,60,53,54,58,54,30,39,42,43,36,44,33,27,38,32,38,40,38,18,24,36,41,25,37,30,41,31,27,34,36,67,56,57,31,64,39,53,54,31,37,36,35,29,36,46,35,36,18,8,14,12
TB,,Dominic,English,RT,ATHLETIC_PULLING,75,30,1996,78,307,Texas Tech,NORMAL,85,74,90,68,75,74,83,74,76,70,67,36,37,38,40,27,24,36,31,32,34,35,32,24,33,27,30,31,32,43,28,37,34,27,38,32,74,83,36,35,78,72,65,70,33,42,31,34,25,46,35,35,27,10,6,16,20
TB,,Adrian,Williams,RT,ZONE_BLOCKER,62,26,2000,76,302,Georgia,NORMAL,63,74,73,48,60,63,59,54,66,66,53,29,30,37,28,37,35,39,35,30,40,32,36,35,36,41,28,35,35,37,36,26,31,35,24,36,61,60,22,30,51,70,62,71,39,38,27,43,36,46,35,44,40,13,13,18,13
TB,,Austin,Campbell,EDGE,SPEED_RUSHER,81,24,2002,74,238,Appalachian State,SUPERSTAR,96,96,86,68,79,85,74,80,82,72,76,34,37,37,39,36,38,28,35,31,45,43,36,39,35,34,32,29,42,37,39,27,39,29,50,33,28,35,35,38,43,35,36,31,72,90,72,80,76,62,61,64,37,10,21,9,14
TB,,Denzel,Farmer,EDGE,COVERAGE_OLB,81,22,2004,74,233,Tennessee,NORMAL,91,84,82,76,85,77,85,91,79,79,80,29,28,35,34,28,28,36,28,38,41,22,34,32,34,30,33,24,32,33,33,35,36,30,40,27,41,31,20,33,40,23,36,30,71,85,82,84,81,78,70,87,33,15,17,1,12
TB,,Cooper,Barrett,EDGE,RUN_STOPPING_EDGE,73,22,2004,76,254,West Virginia,NORMAL,64,74,64,78,69,69,69,71,77,86,68,27,27,31,38,30,35,37,33,36,39,33,35,43,40,28,37,31,40,40,23,26,27,36,41,35,36,35,34,39,24,38,42,37,76,63,77,74,82,61,65,58,35,11,12,18,9
TB,,Gavin,Manning,EDGE,SPEED_RUSHER,66,32,1994,76,265,Tulsa,NORMAL,82,81,85,51,71,73,66,65,70,66,71,38,38,28,30,39,40,36,35,35,35,28,28,33,26,37,41,30,38,31,27,33,26,38,34,39,34,37,36,42,42,36,39,34,52,75,49,65,65,57,53,56,34,12,15,15,5
TB,,Jackson,Pope,EDGE,SPEED_RUSHER,57,23,2003,77,276,Louisiana,SLOW,68,76,65,48,60,58,61,54,53,59,50,36,33,24,45,30,24,35,24,33,25,39,37,24,43,37,32,31,23,26,33,35,34,30,28,27,32,41,21,41,48,36,34,37,42,68,42,54,60,42,42,50,37,7,16,5,6
TB,,Victor,Miles,DT,PENETRATOR_3TECH,82,24,2002,74,302,James Madison,QUICK,85,88,69,80,82,73,81,77,81,88,81,32,40,34,44,22,30,35,32,34,38,29,33,44,43,27,31,31,25,28,30,33,43,29,27,39,40,41,38,37,31,39,18,37,84,94,73,85,77,67,29,38,33,9,24,23,6
TB,,Orlando,Hayes,DT,TWO_GAP_5TECH,75,28,1998,76,320,Troy,QUICK,68,70,74,75,78,71,74,77,70,75,79,33,35,27,32,47,45,39,36,36,29,29,24,30,35,36,29,25,33,33,32,37,36,25,33,35,38,24,23,24,36,34,27,38,72,72,80,67,86,65,24,48,30,14,8,15,21
TB,,Jalen,Freeman,DT,NOSE_1TECH,68,21,2005,74,302,Ole Miss,NORMAL,62,57,61,79,76,72,69,74,60,66,68,33,37,34,34,39,31,43,37,27,36,45,34,31,34,27,29,35,31,32,29,30,28,38,38,36,39,39,40,36,34,29,30,34,69,57,70,66,71,57,36,27,34,15,18,13,12
TB,,Evan,Patterson,DT,TWO_GAP_5TECH,62,24,2002,73,301,Baylor,NORMAL,63,49,60,68,61,62,55,67,60,61,67,34,34,35,35,30,28,41,41,37,43,30,34,34,30,25,27,45,32,33,38,37,37,33,38,26,32,34,24,30,31,20,38,32,58,46,70,61,65,54,38,27,30,3,8,12,9
TB,,Lawrence,Goodwin,LB,FIELD_GENERAL_MLB,77,24,2002,72,213,Northwestern,SLOW,73,69,73,80,79,78,86,82,80,87,77,39,26,24,30,43,30,18,34,42,46,42,36,41,33,36,28,44,38,37,27,38,22,37,32,35,24,31,39,35,45,34,36,39,73,72,72,78,89,78,59,69,59,15,10,17,13
TB,,Holden,Solomon,LB,FIELD_GENERAL_MLB,75,31,1995,76,252,Wisconsin,SLOW,76,68,74,71,75,75,69,71,88,84,77,25,23,42,33,30,38,46,32,34,33,24,39,38,31,26,34,29,26,30,32,29,25,32,27,27,40,34,41,37,35,29,23,25,60,67,70,73,73,65,65,73,72,15,7,21,1
TB,,Damarcus,Fletcher,LB,COVERAGE_LB,66,28,1998,74,242,UNLV,SLOW,72,67,79,60,66,65,65,63,65,62,64,41,37,40,35,32,19,32,35,41,34,32,27,39,35,38,43,29,28,32,26,33,31,35,28,32,36,35,38,28,29,35,35,27,44,54,50,68,64,57,78,82,53,10,18,13,18
TB,,Cornelius,Dixon,LB,FIELD_GENERAL_MLB,66,25,2001,72,241,Florida Atlantic,SLOW,57,59,68,64,71,66,63,70,74,76,71,36,33,34,38,29,34,24,34,35,33,27,25,42,42,29,35,25,28,34,30,33,35,38,38,39,34,37,34,28,46,28,31,34,50,50,56,66,71,59,60,64,51,12,5,12,13
TB,,Duke,Langston,LB,COVERAGE_LB,60,29,1997,75,244,Bowling Green,NORMAL,65,53,68,59,62,52,53,64,55,63,54,34,42,29,34,34,34,33,42,41,34,30,39,43,26,33,41,34,34,34,33,35,39,37,28,39,24,32,27,36,46,37,35,29,44,56,52,53,56,56,70,77,50,1,12,10,12
TB,,Keenan,Mann,LB,BLITZING_LB,63,29,1997,73,219,Florida State,SLOW,64,74,64,51,64,60,61,63,61,62,64,41,36,34,32,30,35,30,39,30,28,30,28,30,27,30,38,38,39,34,36,48,44,34,25,24,28,35,38,42,38,30,31,32,62,68,69,68,59,66,65,54,60,10,15,5,9
TB,,Kyler,Glover,CB,BALLHAWK,79,25,2001,69,185,Kent State,NORMAL,78,74,74,80,81,84,79,76,79,88,84,40,42,32,41,30,39,37,21,43,35,26,31,27,39,27,37,38,31,92,26,74,34,26,32,19,34,38,30,34,33,31,31,27,40,42,37,66,69,68,75,92,71,7,2,4,5
TB,,Barrett,Solomon,CB,ZONE_CB,80,26,2000,73,195,Kansas,NORMAL,82,75,80,79,86,85,78,74,85,94,71,49,28,41,37,31,20,21,27,20,36,36,39,43,36,31,25,37,29,80,43,72,32,31,27,37,34,28,34,29,29,29,37,25,30,31,35,71,78,72,75,86,63,18,13,6,13
TB,,Jonah,Nash,CB,ZONE_CB,77,21,2005,73,202,Louisiana,NORMAL,81,77,75,72,79,86,74,76,81,89,77,34,42,29,36,39,35,29,40,35,43,27,42,37,34,36,31,44,35,74,34,53,32,36,38,51,31,31,34,39,35,36,43,33,38,33,29,73,69,64,61,92,70,19,10,10,12
TB,,Evan,Simpson,CB,BALLHAWK,66,23,2003,74,207,South Dakota State,NORMAL,68,66,62,59,74,65,67,68,66,73,67,30,29,30,41,29,24,19,35,34,29,31,34,36,38,32,43,41,29,80,41,45,37,35,33,42,35,28,32,45,39,27,33,39,43,35,23,52,57,56,63,73,52,14,23,8,19
TB,,Sterling,Bryant,CB,BALLHAWK,58,21,2005,70,188,Arizona State,NORMAL,58,52,55,60,66,66,61,58,50,66,58,26,27,38,32,41,27,40,44,45,41,39,26,34,40,32,28,24,44,75,30,44,28,40,35,32,46,41,29,35,39,49,31,36,36,37,27,58,53,37,57,66,40,9,17,9,9
TB,,Khalil,Brooks,S,HYBRID_NICKEL,75,34,1992,71,191,Oklahoma State,NORMAL,75,72,75,63,76,72,73,71,71,70,74,28,40,33,44,48,24,32,31,38,31,38,35,29,26,44,34,28,25,72,25,59,33,48,37,34,38,36,30,33,44,30,38,32,24,47,63,77,73,62,81,83,66,10,5,12,4
TB,,Brock,Harrington,S,FREE_SAFETY,78,24,2002,75,223,Clemson,SUPERSTAR,85,78,83,71,74,81,79,82,70,83,78,38,36,29,27,32,26,28,34,36,33,35,34,35,28,37,34,19,34,83,47,60,26,21,44,32,40,39,26,37,30,31,44,30,40,47,69,72,66,73,76,84,69,5,6,10,12
TB,,Rondell,Palmer,S,BOX_SAFETY,65,25,2001,75,205,Youngstown State,NORMAL,59,60,66,60,66,59,69,71,65,65,65,33,36,33,31,34,36,26,32,33,28,34,28,31,33,38,28,28,32,69,30,54,47,40,31,30,33,25,33,41,36,41,30,39,36,37,56,67,77,79,59,56,65,14,13,6,14
TB,,Rhett,Ward,S,STRONG_SAFETY,58,22,2004,74,204,Louisiana,NORMAL,47,62,58,68,52,62,59,59,58,59,54,29,36,37,28,37,36,35,29,47,37,28,38,33,30,34,29,43,21,61,44,48,35,33,40,38,32,38,38,41,34,25,37,34,36,31,47,65,75,68,52,48,42,9,8,4,11
TB,,Cameron,Hardin,K,SPECIALIST,71,31,1995,73,188,Central Florida,NORMAL,66,65,70,76,70,70,66,74,77,73,70,55,45,46,34,41,50,39,42,47,53,43,45,44,37,40,34,46,39,43,40,40,48,29,41,31,34,41,53,37,53,39,25,48,52,39,50,46,53,50,43,46,48,73,69,31,27
TB,,Jameson,Wiley,P,SPECIALIST,73,21,2005,72,198,Tennessee,QUICK,67,74,72,82,70,72,75,68,73,67,75,47,43,41,47,35,43,49,43,41,46,45,34,45,43,43,41,46,48,47,35,43,52,42,45,46,56,42,38,49,41,36,35,42,42,44,42,37,43,41,44,41,36,35,21,80,66
TB,,Colby,Christian,LS,SPECIALIST,59,22,2004,75,258,North Carolina A&T,QUICK,67,57,70,57,53,62,55,60,63,59,64,34,35,34,41,46,33,32,40,36,33,38,48,36,33,46,41,49,35,39,36,34,35,43,29,36,34,48,57,37,45,47,58,34,40,43,44,39,56,31,49,46,49,30,32,28,25
AUS,,Braxton,Douglas,QB,IMPROVISER,77,33,1993,77,233,Louisville,NORMAL,74,73,81,83,73,82,81,72,67,78,70,79,81,74,76,81,78,95,75,77,80,61,34,28,34,32,29,39,27,41,34,38,35,32,31,40,35,26,34,30,26,28,38,41,47,41,31,38,35,39,26,36,30,7,10,21,6
AUS,,Jacoby,Oakley,QB,FIELD_GENERAL,65,32,1994,77,245,Hawaii,NORMAL,50,66,70,72,71,67,69,63,63,75,66,61,72,65,66,61,58,71,67,52,53,42,35,26,33,31,29,27,35,37,28,27,42,32,30,34,38,37,34,44,27,25,21,33,34,37,26,30,35,39,35,35,42,11,13,10,11
AUS,,Stefon,Cameron,QB,DUAL_THREAT,56,24,2002,77,240,Tennessee,NORMAL,69,68,53,50,54,64,54,62,46,57,56,56,54,51,54,59,63,60,62,73,48,29,23,33,36,34,44,35,16,39,31,32,30,30,27,29,40,36,27,43,39,31,31,31,30,33,26,29,24,40,34,46,32,6,14,18,12
AUS,,Pierce,Mayfield,RB,RECEIVING_BACK,75,28,1998,70,201,Louisiana Tech,NORMAL,78,72,78,79,78,82,76,78,84,75,86,33,34,36,39,30,37,35,27,35,71,82,62,59,69,42,28,25,79,90,69,27,84,77,36,68,60,86,32,62,33,24,35,30,42,31,31,37,28,43,27,31,26,26,1,11,19
AUS,,Mitchell,Robertson,RB,ELUSIVE,78,27,1999,74,239,Iowa State,QUICK,75,75,83,62,82,78,76,83,83,75,83,48,23,39,30,24,38,34,30,41,79,78,78,63,90,43,26,30,77,75,69,33,57,68,37,63,63,67,41,63,37,42,37,34,41,33,25,33,42,37,35,31,37,14,9,14,13
AUS,,Cameron,Parker,RB,RECEIVING_BACK,64,23,2003,69,198,Utah State,QUICK,64,66,66,61,66,64,60,62,70,52,64,35,26,38,33,37,28,33,41,29,60,65,53,53,66,35,30,39,64,74,62,29,55,53,37,48,44,71,36,59,34,32,38,33,29,31,39,35,35,28,35,31,33,17,18,19,9
AUS,,Rhett,Case,RB,POWER_BACK,60,25,2001,71,213,Middle Tennessee,NORMAL,59,59,66,71,47,61,62,57,53,58,62,29,34,30,40,35,39,34,37,26,66,62,63,70,54,32,40,41,58,51,40,31,50,40,46,41,51,48,24,50,25,35,38,36,34,33,23,28,34,28,41,43,36,19,10,21,10
AUS,,Cedric,King,FB,ELUSIVE,66,24,2002,70,225,Texas,SLOW,67,71,73,62,70,70,68,76,63,68,59,31,42,37,34,33,42,26,34,31,71,33,69,24,29,25,34,34,29,62,55,38,57,56,30,57,68,28,70,65,35,20,41,25,41,33,20,39,35,42,25,32,39,10,11,20,11
AUS,,Cristian,Ford,WR,X_CONTESTED,78,26,2000,72,213,Kansas,SLOW,65,78,87,88,96,78,82,81,78,79,78,39,40,41,36,41,30,32,36,32,59,32,71,34,60,30,32,33,33,76,87,90,71,75,80,74,77,40,33,40,30,32,30,29,34,44,36,32,41,34,47,28,31,9,8,9,15
AUS,,Aaron,Brock,WR,DEEP_THREAT,71,27,1999,75,226,Stanford,NORMAL,83,80,69,62,65,67,65,71,73,67,77,41,27,38,41,23,37,22,42,50,62,38,63,32,59,26,47,28,26,77,54,63,64,65,82,72,68,37,30,31,33,37,29,34,29,43,43,28,27,31,20,36,43,4,8,20,22
AUS,,Elijah,Fuller,WR,SLOT,77,24,2002,77,232,Virginia Tech,QUICK,78,68,82,70,67,74,75,84,80,74,78,20,32,41,40,38,41,37,42,32,65,18,73,39,68,33,35,19,37,72,81,77,93,79,57,92,66,32,38,27,31,29,35,25,32,33,31,35,42,36,30,30,35,7,9,27,10
AUS,,Finn,Hodge,WR,SLOT,63,22,2004,73,206,Jackson State,NORMAL,60,64,75,50,60,69,67,65,62,64,72,33,31,33,25,35,46,31,34,42,61,26,56,38,53,43,38,39,30,61,64,67,77,59,47,73,61,28,25,29,39,33,34,37,31,35,38,31,42,30,37,34,34,12,13,4,7
AUS,,Byron,Conley,WR,YAC_RECEIVER,58,25,2001,69,171,Michigan State,QUICK,53,65,52,59,55,60,59,64,58,60,55,32,27,29,38,41,33,32,31,39,29,20,54,27,62,44,32,40,41,60,56,50,65,58,60,63,48,43,41,28,32,34,35,36,44,35,37,23,36,29,34,15,29,7,10,14,2
AUS,,Davion,McNeil,WR,Z_ROUTE_TECH,52,28,1998,77,221,USC,QUICK,48,51,51,38,44,53,47,47,54,54,57,24,39,38,27,37,31,33,33,36,36,40,32,38,40,29,40,44,34,48,45,45,54,65,53,56,40,34,31,26,36,29,44,43,27,27,40,35,34,29,33,44,38,11,20,3,27
AUS,,Sebastian,Wise,TE,MOVE_TE,67,28,1998,75,250,Central Michigan,X_FACTOR,74,76,66,69,66,69,64,62,64,71,65,35,31,38,35,25,29,29,39,49,31,33,30,29,32,38,32,26,50,62,60,60,59,74,66,59,71,65,71,41,39,32,58,22,18,40,38,41,33,30,32,37,40,19,10,3,10
AUS,,Percy,Watts,TE,RECEIVING_TE,69,28,1998,74,246,Middle Tennessee,QUICK,68,75,69,69,62,64,65,68,64,67,73,51,22,34,36,33,37,28,35,37,32,25,32,35,40,32,27,43,33,82,76,51,71,74,70,68,59,63,57,62,35,41,59,30,40,38,27,35,29,35,40,21,25,15,15,7,11
AUS,,Darius,Parks,TE,MOVE_TE,64,24,2002,76,262,Ohio,NORMAL,72,76,61,63,61,71,65,65,63,72,60,32,40,28,35,33,22,32,33,31,34,22,22,24,32,31,36,32,31,67,66,50,63,66,63,52,63,58,60,55,45,28,47,39,39,33,42,26,26,37,23,37,31,10,9,22,9
AUS,,Davion,Bradley,LT,ZONE_BLOCKER,74,24,2002,80,327,Central Michigan,SLOW,70,76,86,72,72,71,78,78,72,83,73,32,44,37,25,34,19,35,32,48,32,30,36,36,38,27,31,35,42,32,36,31,31,42,38,33,76,71,35,38,70,85,74,70,36,39,25,39,41,27,40,36,31,16,5,11,12
AUS,,Ricardo,Duncan,LT,POWER_MAULER,57,25,2001,79,322,Middle Tennessee,NORMAL,61,50,51,61,56,49,60,55,53,56,51,43,38,35,35,37,31,32,42,37,32,27,40,36,36,33,41,33,33,41,27,32,34,27,29,31,73,52,24,29,72,46,52,55,33,39,36,31,29,36,45,38,32,9,17,25,17
AUS,,Franklin,Vega,LG,PASS_PROTECTOR,72,35,1991,78,341,LSU,NORMAL,80,76,71,64,69,64,72,71,80,73,68,35,48,42,36,27,34,34,42,31,34,33,36,28,22,23,37,34,28,32,35,34,38,33,39,38,70,83,73,26,57,71,75,67,32,35,32,30,33,26,38,33,37,11,7,8,22
AUS,,Patrick,Riggs,LG,POWER_MAULER,63,29,1997,78,335,Boise State,NORMAL,67,57,49,72,59,67,56,61,59,57,70,25,42,40,32,42,25,29,29,41,36,31,36,31,31,34,32,34,35,26,36,28,40,34,36,30,62,60,59,43,78,57,63,44,37,35,29,38,40,45,32,38,38,9,10,11,3
AUS,,Damian,Lewis,C,PASS_PROTECTOR,77,29,1997,77,303,Toledo,NORMAL,80,76,75,70,76,80,76,74,76,80,74,42,42,31,24,30,23,31,38,37,31,26,26,37,27,42,36,29,32,39,36,37,26,34,24,15,78,87,73,29,69,76,82,70,42,41,28,46,40,31,37,39,27,4,11,16,10
AUS,,Patrick,Lloyd,RG,ZONE_BLOCKER,74,29,1997,78,319,Southern Miss,SUPERSTAR,74,81,83,63,76,78,80,76,83,72,76,45,32,42,30,33,44,27,26,46,42,28,26,33,33,30,42,31,35,36,32,32,45,41,40,32,79,73,72,22,63,88,75,62,38,35,30,37,41,33,37,41,32,13,17,12,9
AUS,,Phillip,Herrera,RG,ZONE_BLOCKER,59,21,2005,78,319,Rice,SLOW,63,66,64,62,64,61,58,55,53,62,54,38,32,39,37,34,30,27,36,41,41,29,37,40,44,31,36,23,33,26,43,41,35,45,39,41,69,55,60,31,40,73,61,49,39,31,31,32,32,30,26,29,38,7,25,17,14
AUS,,Harrison,Burke,RT,ZONE_BLOCKER,72,26,2000,76,310,Louisville,NORMAL,72,81,78,65,76,81,76,69,78,79,70,37,34,34,24,28,43,25,48,39,33,44,38,26,39,24,28,33,32,33,36,28,35,32,38,32,77,69,37,36,62,83,63,77,41,35,37,34,31,38,36,30,32,9,16,12,14
AUS,,Nehemiah,Adams,RT,POWER_MAULER,61,31,1995,80,333,Washington State,SLOW,56,60,50,69,62,59,62,59,61,58,64,29,24,34,33,34,25,45,32,35,34,32,38,32,30,42,38,26,38,30,34,23,23,27,29,44,64,60,37,35,70,51,56,62,41,24,38,33,36,22,29,45,39,10,7,11,23
AUS,,Tariq,Maxwell,EDGE,COVERAGE_OLB,82,32,1994,78,286,Wyoming,NORMAL,88,78,86,79,79,72,83,81,81,85,77,34,34,26,35,34,34,29,30,43,33,32,32,31,34,36,44,31,45,33,36,28,41,41,33,38,22,38,33,31,33,31,31,36,73,79,84,96,78,63,78,86,39,12,12,14,21
AUS,,Logan,Mills,EDGE,RUN_STOPPING_EDGE,77,31,1995,77,261,Wyoming,SUPERSTAR,70,81,71,84,79,82,82,82,69,76,79,33,35,32,33,36,41,40,32,33,29,39,33,37,28,37,34,31,29,33,30,32,37,41,40,31,40,33,38,43,25,35,29,30,79,70,87,66,83,60,71,57,33,33,21,13,2
AUS,,Alec,Cardenas,EDGE,POWER_RUSHER,65,26,2000,76,255,Arizona State,NORMAL,58,64,70,76,65,65,62,62,64,66,71,35,24,31,41,32,34,32,31,36,29,31,41,34,45,37,39,35,34,32,32,28,40,32,31,42,38,44,24,24,32,27,47,33,79,52,72,63,58,53,51,64,52,17,16,7,17
AUS,,Colin,Blackwell,EDGE,SPEED_RUSHER,58,24,2002,74,262,Nevada,NORMAL,70,69,62,51,61,63,57,58,58,50,62,30,34,41,35,32,28,43,36,27,36,35,27,43,17,38,30,45,31,33,36,31,32,36,37,33,44,34,36,36,24,36,25,23,43,71,42,56,62,54,45,48,34,15,15,9,17
AUS,,Reece,Bradley,EDGE,RUN_STOPPING_EDGE,58,21,2005,77,264,Indiana,NORMAL,52,49,54,66,55,53,63,61,52,63,61,30,43,33,28,39,32,31,27,36,46,31,27,24,41,32,37,32,51,34,32,28,36,32,36,22,35,42,36,41,38,27,28,33,56,57,64,60,64,48,46,39,31,22,18,4,5
AUS,,Brett,Snyder,DT,TWO_GAP_5TECH,79,25,2001,74,305,Purdue,NORMAL,74,72,80,87,81,73,72,82,75,80,80,30,35,32,38,41,36,30,38,41,21,35,26,39,33,31,32,34,34,34,23,38,38,29,43,42,24,37,29,24,30,30,40,38,74,58,91,80,79,63,29,35,41,7,10,1,1
AUS,,Brennan,Lopez,DT,PENETRATOR_3TECH,72,23,2003,76,331,Marshall,NORMAL,73,82,80,63,72,63,72,71,76,65,78,36,38,38,38,25,41,38,39,46,29,43,32,36,37,38,30,34,33,32,40,27,20,30,30,35,43,29,35,39,33,40,27,40,75,88,68,73,73,64,38,27,37,1,5,13,8
AUS,,Cameron,Key,DT,TWO_GAP_5TECH,70,26,2000,78,329,Oklahoma,SUPERSTAR,69,51,75,78,68,71,70,72,63,71,62,27,37,39,37,35,39,35,32,25,35,46,36,31,32,48,35,49,48,22,26,38,34,33,32,36,28,32,31,25,40,31,38,45,70,57,78,70,68,60,27,36,36,12,9,14,10
AUS,,Devonte,Jimenez,DT,TWO_GAP_5TECH,54,25,2001,74,306,Liberty,X_FACTOR,49,46,54,56,58,50,55,59,55,60,53,46,27,34,42,25,21,42,37,35,32,37,45,28,35,42,33,24,25,36,35,35,39,29,32,28,45,26,35,40,31,27,38,33,53,43,62,54,50,43,25,35,32,7,10,9,21
AUS,,Caleb,Moran,LB,FIELD_GENERAL_MLB,84,23,2003,75,233,Troy,QUICK,77,74,82,82,82,78,81,82,90,92,78,34,32,31,41,38,34,35,25,23,37,22,28,34,36,34,26,38,38,32,34,31,29,34,43,32,32,28,31,32,23,44,28,49,71,71,86,94,88,77,70,77,72,17,23,13,1
AUS,,Devin,Rivera,LB,THUMPER,74,27,1999,72,229,Boston College,NORMAL,60,70,72,86,78,75,71,84,74,73,64,29,29,37,36,34,33,24,32,41,38,40,31,31,28,36,36,26,47,33,35,34,31,22,37,35,23,28,38,25,31,28,28,36,54,63,81,77,92,85,64,55,59,7,5,9,13
AUS,,Trace,York,LB,FIELD_GENERAL_MLB,70,24,2002,76,233,Colorado,NORMAL,63,69,71,66,67,72,74,72,72,75,66,31,36,21,34,29,36,29,35,42,24,31,40,34,26,37,27,22,34,25,10,34,33,42,39,37,38,37,36,31,35,26,31,34,57,59,62,74,79,66,62,67,64,18,10,13,12
AUS,,Chris,Boyd,LB,FIELD_GENERAL_MLB,64,25,2001,75,215,North Dakota State,SLOW,56,67,63,64,58,65,64,60,74,72,69,35,48,26,36,22,42,34,34,41,27,44,31,33,27,31,24,27,28,33,27,33,37,22,44,41,27,36,43,42,32,42,23,31,42,55,59,68,63,53,52,63,46,12,8,11,6
AUS,,Nolan,Case,LB,FIELD_GENERAL_MLB,54,21,2005,76,249,Nevada,SUPERSTAR,47,47,56,54,56,58,56,56,63,60,60,41,27,31,27,37,28,40,38,31,39,30,44,26,35,35,32,29,32,34,34,37,43,31,39,27,41,40,39,30,38,32,34,37,43,48,49,61,51,54,51,52,50,3,12,7,1
AUS,,Jonah,Leach,LB,THUMPER,53,24,2002,72,216,Arizona,NORMAL,50,51,45,65,54,43,54,58,52,60,52,33,42,32,39,43,39,33,36,31,38,25,43,36,28,32,30,38,49,37,37,24,38,29,39,30,34,40,33,33,43,25,31,35,37,38,63,50,60,62,40,38,39,14,24,6,25
AUS,,Justin,Ballard,CB,ZONE_CB,77,26,2000,72,214,Virginia Tech,QUICK,77,76,80,78,81,73,77,81,85,89,80,33,34,38,34,31,29,35,18,40,29,34,41,39,30,35,27,30,31,76,28,66,39,32,24,28,29,37,47,31,37,15,27,37,30,34,28,66,82,62,64,92,67,11,15,7,7
AUS,,Trace,Boyd,CB,ZONE_CB,77,30,1996,69,186,Georgia Tech,NORMAL,78,78,70,76,79,77,72,73,85,93,76,28,29,31,30,39,33,31,31,38,44,32,37,39,28,29,24,38,27,74,34,76,23,32,26,36,24,41,33,29,28,35,23,36,29,35,41,56,71,67,70,86,65,13,14,16,14
AUS,,Theo,Jarvis,CB,ZONE_CB,64,29,1997,74,197,Alabama,NORMAL,57,67,57,58,63,66,67,63,73,62,73,41,25,31,30,26,41,37,35,43,41,30,29,29,35,35,32,38,31,62,32,54,40,35,37,35,30,33,32,31,35,31,38,31,25,29,39,64,56,51,61,87,55,9,8,21,13
AUS,,Gavin,Thomas,CB,SLOT_CB,60,21,2005,73,200,Wyoming,QUICK,51,68,70,69,45,58,62,64,54,60,66,43,28,33,38,23,23,31,39,42,36,35,30,32,33,32,28,27,34,60,35,58,31,40,37,29,41,28,33,35,36,29,34,32,37,34,27,41,56,53,67,54,57,10,23,16,17
AUS,,Hayden,Chambers,CB,SLOT_CB,56,25,2001,71,174,Wyoming,SUPERSTAR,53,59,63,57,52,60,61,62,53,47,57,32,47,30,30,38,28,39,29,36,28,27,24,43,31,29,38,40,31,60,35,42,31,37,29,30,46,46,33,41,34,39,30,31,42,34,30,34,67,38,58,61,47,20,1,16,20
AUS,,Jasper,Morrow,S,BOX_SAFETY,77,35,1991,73,208,Kansas State,SLOW,69,76,77,73,75,65,80,81,68,91,78,36,43,35,37,30,36,33,25,24,24,22,33,28,38,30,25,35,34,75,34,66,40,31,28,37,28,36,34,26,35,36,27,42,38,37,84,74,83,88,69,71,65,3,12,13,12
AUS,,Aaron,Snell,S,STRONG_SAFETY,75,26,2000,72,212,Georgia,SUPERSTAR,64,81,68,85,69,70,74,73,82,76,72,39,29,41,28,36,36,27,16,50,40,33,39,38,47,38,30,33,27,70,27,73,36,41,30,31,43,31,31,39,40,35,40,29,33,26,67,83,83,86,71,67,58,13,4,7,11
AUS,,Trevon,Paul,S,HYBRID_NICKEL,66,21,2005,70,199,Texas,NORMAL,62,66,73,60,66,58,65,71,56,68,67,40,20,42,35,49,30,40,22,43,43,38,33,25,38,33,25,33,25,67,39,61,30,42,32,36,24,27,35,31,30,32,38,30,47,29,46,71,62,64,73,69,60,13,10,13,34
AUS,,Sebastian,Burgess,S,BOX_SAFETY,61,21,2005,70,199,Stanford,NORMAL,57,65,65,61,65,70,59,54,57,73,54,29,32,32,24,30,38,29,38,29,33,38,36,27,32,43,35,39,30,60,30,51,36,42,43,30,37,38,36,43,27,24,41,32,39,38,55,56,68,82,53,50,49,20,10,10,15
AUS,,Charles,Hart,K,SPECIALIST,75,31,1995,72,190,Michigan State,QUICK,69,76,73,74,80,74,69,79,73,76,72,42,39,45,38,52,42,48,30,43,50,34,30,45,34,51,36,37,50,39,38,40,42,36,30,49,39,41,46,41,38,30,48,40,42,36,46,49,36,43,42,40,52,75,76,11,14
AUS,,Andre,Wheeler,P,SPECIALIST,71,26,2000,71,203,Toledo,SLOW,74,77,64,77,71,73,72,71,71,72,75,40,45,45,39,38,45,43,37,31,33,38,46,40,39,33,40,43,42,53,43,44,47,36,49,46,53,47,49,34,46,46,44,33,37,49,48,40,44,34,48,44,36,32,29,74,69
AUS,,Kendrick,Robertson,LS,SPECIALIST,51,26,2000,77,254,Mississippi State,NORMAL,51,47,54,53,44,56,58,48,49,52,46,37,42,38,49,36,39,32,34,45,42,55,45,43,47,48,25,35,37,47,54,37,49,38,36,42,40,41,51,48,46,40,48,44,38,35,49,43,53,49,43,43,45,36,34,36,39
SA,,Parker,Gill,QB,DUAL_THREAT,95,25,2001,78,236,Kansas State,NORMAL,99,98,87,99,92,91,93,95,90,99,95,99,97,89,96,99,99,89,93,99,78,89,45,38,40,47,36,36,37,42,44,39,36,30,39,30,27,23,39,26,31,41,46,29,37,30,30,41,35,30,35,33,29,16,9,15,18
SA,,Tristan,Shelton,QB,FIELD_GENERAL,75,27,1999,72,213,West Virginia,SLOW,66,76,75,72,76,66,66,75,81,84,78,60,79,77,71,78,68,70,75,62,79,59,42,38,41,38,29,39,37,29,41,34,23,25,38,42,32,33,34,32,48,43,38,36,24,30,39,39,42,35,37,39,47,1,21,2,13
SA,,Chandler,Welch,QB,IMPROVISER,60,27,1999,78,252,Alabama,QUICK,65,59,68,55,46,58,58,60,57,62,60,54,60,53,51,62,69,66,59,74,58,49,35,32,38,38,37,41,29,42,25,34,40,45,33,36,25,36,41,41,35,37,32,37,41,33,35,36,39,44,37,25,30,8,14,11,9
SA,,Noah,Lloyd,RB,RECEIVING_BACK,82,26,2000,74,219,South Carolina,SLOW,80,87,87,73,90,85,85,78,74,87,85,31,30,34,28,33,26,39,36,28,82,75,73,73,84,41,40,33,83,94,76,40,89,75,23,72,72,83,29,59,42,32,32,43,32,41,35,49,36,27,32,48,35,10,10,13,8
SA,,Anthony,Hooper,RB,POWER_BACK,76,25,2001,69,204,South Alabama,NORMAL,70,75,72,81,76,77,80,77,80,77,80,31,32,38,35,33,36,41,31,40,83,83,82,89,66,37,34,31,78,62,67,33,66,63,36,59,60,70,37,62,32,39,33,33,43,26,37,36,41,25,32,32,41,9,23,17,8
SA,,Alec,Bond,RB,ELUSIVE,68,22,2004,73,234,Iowa,NORMAL,68,65,70,64,74,73,63,68,68,62,68,32,44,35,37,34,33,38,25,35,75,72,61,57,76,35,32,32,65,71,56,38,48,55,28,48,61,71,38,52,36,36,21,34,39,40,41,38,48,30,25,25,30,12,14,8,14
SA,,Hayden,Miller,RB,ELUSIVE,60,29,1997,73,224,Clemson,SUPERSTAR,60,57,62,51,53,60,59,62,62,59,63,32,40,31,30,40,45,30,38,32,63,49,65,47,71,40,25,32,58,64,57,29,58,47,29,49,46,54,30,50,33,34,34,29,30,38,42,36,20,43,37,35,31,3,16,10,25
SA,,Raymond,Malone,FB,WORKHORSE,69,35,1991,73,240,Texas,NORMAL,72,70,70,65,77,79,74,70,76,68,65,34,39,39,33,44,39,37,39,35,74,39,71,37,22,33,41,39,33,70,60,38,61,59,34,59,71,24,62,70,28,28,27,44,26,31,32,26,38,41,34,29,32,13,13,16,4
SA,,Bo,Rhodes,WR,DEEP_THREAT,83,31,1995,69,192,Missouri,QUICK,98,91,72,73,74,79,81,89,81,85,75,36,39,30,23,29,34,31,35,34,68,31,63,34,62,35,35,34,34,82,74,78,72,81,96,78,77,31,24,33,27,32,40,31,35,41,32,29,34,32,37,45,37,8,3,19,10
SA,,Logan,Montgomery,WR,SLOT,80,30,1996,73,198,Stanford,NORMAL,83,90,80,80,77,82,77,89,84,74,86,31,37,33,36,36,27,33,27,35,66,26,73,37,73,25,36,45,37,73,81,76,87,76,74,85,70,31,31,30,25,32,38,22,47,39,35,36,29,32,19,36,36,19,17,13,9
SA,,Corey,Solomon,WR,X_CONTESTED,73,24,2002,76,207,USC,NORMAL,63,69,74,84,82,78,72,67,74,76,79,34,26,36,37,40,28,41,42,41,73,28,66,39,53,30,45,26,43,76,75,75,79,69,75,74,60,29,26,27,35,31,33,30,37,39,25,36,43,34,35,29,27,11,12,8,12
SA,,Noah,Collins,WR,Z_ROUTE_TECH,70,25,2001,72,199,Kansas State,NORMAL,66,66,72,67,67,64,76,68,76,68,71,36,26,37,40,41,36,32,34,35,46,36,54,30,44,25,34,41,35,66,68,62,76,76,68,75,57,30,32,29,28,37,29,30,44,30,44,33,39,34,32,42,27,12,14,15,12
SA,,Corey,Fitzgerald,WR,YAC_RECEIVER,69,23,2003,73,187,Northwestern,SUPERSTAR,70,81,73,75,72,72,73,71,76,72,69,28,26,39,39,40,18,31,40,32,57,29,71,36,79,31,35,33,31,67,62,72,72,74,58,63,57,25,37,28,40,31,28,25,34,30,37,32,27,36,28,39,42,15,8,6,21
SA,,Kenny,Daniels,WR,YAC_RECEIVER,58,26,2000,75,212,UCLA,NORMAL,61,59,63,56,55,63,63,63,52,57,57,39,38,36,31,33,36,29,29,35,48,41,47,37,56,44,39,23,29,59,51,49,71,53,49,58,34,45,39,41,30,34,25,32,29,35,27,27,30,30,33,27,31,17,3,16,10
SA,,Simeon,Ross,TE,H_BACK,82,29,1997,78,269,Texas A&M,SLOW,76,83,78,76,82,76,78,84,96,81,83,37,30,32,32,33,36,32,40,37,35,32,35,19,32,32,33,30,37,85,83,58,81,84,61,62,75,83,86,79,35,49,70,26,27,38,29,37,30,34,25,34,40,9,7,5,11
SA,,Quentin,Long,TE,MOVE_TE,73,22,2004,75,231,UNLV,SUPERSTAR,83,81,75,62,75,73,75,75,71,76,76,43,39,35,30,29,33,28,33,44,36,44,36,29,33,25,27,35,32,75,73,60,67,71,57,60,78,76,73,63,31,46,61,41,42,35,34,33,31,43,40,32,36,14,13,18,17
SA,,Mitchell,Haynes,TE,H_BACK,61,27,1999,77,249,Appalachian State,QUICK,50,64,69,67,61,63,56,63,65,57,65,41,28,33,36,36,45,45,34,31,27,34,33,23,31,38,27,30,25,68,56,45,56,67,31,46,58,56,60,59,41,32,58,39,45,29,29,23,45,36,39,33,37,27,16,13,18
SA,,Dillon,Clayton,LT,PASS_PROTECTOR,83,21,2005,78,314,Florida Atlantic,QUICK,87,79,82,77,86,82,83,87,86,90,80,21,26,18,41,39,32,30,41,27,38,35,26,36,36,39,37,31,37,36,34,29,41,33,39,31,78,89,43,41,70,73,89,92,37,30,31,30,36,34,34,30,33,23,15,10,7
SA,,Charles,Aguilar,LT,ATHLETIC_PULLING,68,28,1998,79,311,Arizona State,SLOW,80,81,84,61,65,71,72,72,71,65,72,30,40,44,36,34,35,22,36,39,34,37,34,34,25,37,40,35,39,34,46,31,33,36,42,30,73,68,36,31,60,68,62,63,34,37,40,45,40,38,30,34,27,13,9,15,8
SA,,Duke,Spears,LG,ATHLETIC_PULLING,85,30,1996,78,330,Florida,NORMAL,89,94,99,75,82,88,87,78,84,86,93,42,38,25,29,44,40,39,30,29,32,37,36,28,34,39,32,33,34,38,32,39,24,37,33,30,85,88,88,36,83,88,84,74,51,42,37,44,34,43,34,28,39,8,13,20,12
SA,,Lawrence,Blake,LG,PASS_PROTECTOR,67,31,1995,78,322,South Carolina,NORMAL,64,70,65,62,69,67,68,62,75,67,68,37,22,39,36,45,30,35,39,38,21,28,27,43,25,30,37,27,36,35,32,34,38,38,39,35,60,81,51,26,56,63,79,64,33,32,34,40,25,39,32,23,32,11,9,12,6
SA,,Aaron,Dudley,C,ATHLETIC_PULLING,81,28,1998,78,330,Tulane,NORMAL,96,81,92,75,79,87,74,72,86,92,79,25,40,36,28,32,43,25,35,25,37,38,35,42,30,31,45,30,32,31,29,39,26,34,36,39,89,78,82,32,78,75,71,67,27,29,40,31,39,24,53,44,37,4,6,15,7
SA,,Trevon,Walsh,RG,ATHLETIC_PULLING,83,26,2000,75,316,Oregon State,NORMAL,92,97,97,76,88,82,90,87,84,78,81,22,33,41,37,24,32,21,36,25,37,30,33,37,37,30,33,44,16,35,31,35,28,37,28,29,79,89,93,44,84,77,81,60,28,38,48,36,35,28,33,26,32,9,8,17,7
SA,,Beau,Jones,RG,ZONE_BLOCKER,66,24,2002,76,303,Kentucky,SLOW,66,70,79,54,64,75,68,64,68,68,64,35,28,33,42,24,28,41,37,32,45,27,27,38,32,26,30,32,29,22,31,31,36,26,32,34,72,63,63,28,59,78,67,58,27,35,20,41,35,35,42,28,28,7,9,15,14
SA,,Cody,Baxter,RT,ATHLETIC_PULLING,85,29,1997,77,301,North Dakota State,NORMAL,97,93,97,76,82,89,91,85,82,81,86,29,31,30,33,38,26,27,28,34,34,35,23,36,26,33,28,40,34,43,30,36,38,44,42,32,84,92,32,26,83,85,87,78,34,41,28,29,35,18,36,40,25,18,8,17,11
SA,,Darren,Lawson,RT,POWER_MAULER,71,29,1997,79,317,Southern Miss,QUICK,71,68,62,84,76,72,77,68,68,76,77,50,36,32,36,35,32,38,40,32,29,35,29,40,34,39,45,41,35,41,35,38,28,33,38,29,66,71,42,33,79,59,69,75,32,39,23,43,34,34,43,30,45,7,13,13,27
SA,,Gabriel,Mullins,EDGE,POWER_RUSHER,84,26,2000,79,287,Western Michigan,X_FACTOR,81,84,71,95,85,88,84,81,87,88,85,48,44,41,36,29,31,37,41,29,29,30,40,32,32,35,30,25,25,28,33,43,37,30,34,33,39,27,35,36,36,36,28,27,90,72,88,84,92,74,77,61,36,16,23,7,12
SA,,Cristian,Briggs,EDGE,POWER_RUSHER,82,24,2002,79,276,Houston,SLOW,77,83,66,85,82,84,83,86,83,84,79,22,33,37,35,31,36,32,31,33,35,37,38,32,43,44,36,34,29,40,41,30,26,39,38,55,39,37,29,32,34,25,26,31,89,75,90,84,80,74,63,74,29,24,5,13,17
SA,,Jaxon,Ware,EDGE,RUN_STOPPING_EDGE,72,28,1998,78,279,Arizona State,NORMAL,66,66,67,82,76,66,60,83,70,66,74,37,35,31,34,27,33,34,36,34,36,25,28,33,38,37,32,43,48,35,35,39,32,44,30,37,35,31,35,35,45,34,37,35,68,69,79,70,83,61,65,56,33,2,1,9,10
SA,,Alec,Brantley,EDGE,SPEED_RUSHER,63,24,2002,75,246,California,SLOW,70,61,72,51,74,56,63,60,59,73,68,32,40,46,37,42,26,33,46,34,37,47,34,37,29,33,33,30,31,41,34,38,36,26,35,39,33,35,37,37,30,33,36,35,54,80,53,57,64,49,43,57,30,6,12,2,13
SA,,Barrett,Phillips,EDGE,SPEED_RUSHER,61,25,2001,75,238,UNLV,QUICK,74,72,66,47,58,62,57,62,62,54,67,41,33,30,31,43,24,38,33,32,39,28,37,35,34,26,35,31,35,32,38,46,31,50,37,27,24,40,38,32,37,31,31,39,45,77,49,63,65,48,34,51,22,9,16,19,6
SA,,Byron,Cannon,DT,TWO_GAP_5TECH,88,24,2002,75,316,Bowling Green,SUPERSTAR,92,87,93,94,93,89,98,87,80,95,93,36,27,34,35,40,26,37,42,40,25,37,33,28,28,37,38,32,29,40,39,42,27,35,33,28,28,37,30,33,35,44,37,38,92,75,89,82,85,72,38,34,35,25,8,17,6
SA,,Antoine,Harrington,DT,NOSE_1TECH,81,22,2004,75,309,North Carolina,NORMAL,69,66,84,94,80,80,79,76,75,77,75,33,43,44,44,34,25,27,26,25,37,32,34,37,34,37,33,34,34,35,47,23,37,31,26,24,41,33,36,41,31,39,31,38,70,68,89,82,86,72,39,46,26,20,7,19,13
SA,,Colin,Dudley,DT,TWO_GAP_5TECH,61,25,2001,74,300,Memphis,NORMAL,52,55,60,62,61,67,65,61,53,65,70,36,29,27,34,39,37,28,39,38,31,28,31,32,42,30,32,36,36,28,37,46,35,35,30,31,38,36,38,39,29,26,42,34,58,48,74,56,57,34,31,24,25,18,7,15,15
SA,,Tobias,Goode,DT,INTERIOR_RUSHER,57,21,2005,78,346,Memphis,NORMAL,58,64,63,54,62,57,56,65,57,57,59,44,40,44,31,21,37,38,34,44,35,34,31,31,44,37,52,35,26,37,31,36,35,37,38,36,37,40,34,43,34,29,39,36,72,62,44,55,53,42,31,24,26,18,15,14,17
SA,,Mason,Ballard,LB,FIELD_GENERAL_MLB,85,21,2005,75,246,Louisiana,NORMAL,75,87,76,85,81,88,80,85,89,96,81,32,44,38,40,37,30,32,33,42,35,26,27,31,35,26,30,32,29,31,26,29,38,25,28,32,38,42,34,34,26,25,30,27,86,74,81,80,96,79,76,80,70,2,10,6,13
SA,,Tariq,Norman,LB,THUMPER,78,32,1994,76,240,California,NORMAL,74,74,79,85,68,80,81,79,75,78,79,33,36,39,36,31,25,40,39,37,26,35,36,39,34,29,34,42,42,35,34,26,37,33,44,23,40,24,35,30,34,35,19,33,71,75,96,74,89,86,64,68,71,13,16,18,12
SA,,Maurice,Wallace,LB,COVERAGE_LB,73,21,2005,76,254,Nebraska,NORMAL,88,71,83,62,72,73,67,77,68,75,66,37,28,42,38,32,33,36,23,31,27,11,23,26,35,42,39,25,31,31,35,26,27,40,24,40,33,40,33,34,33,42,22,37,71,66,63,63,75,59,85,83,54,16,6,19,20
SA,,Dominic,Scott,LB,COVERAGE_LB,72,24,2002,74,243,Louisiana,NORMAL,78,65,73,73,68,73,80,76,70,68,77,38,25,32,38,46,32,36,30,39,32,41,40,39,20,40,33,46,25,32,36,30,29,40,42,36,29,35,38,44,44,47,25,28,66,45,69,72,68,61,74,91,63,6,18,16,18
SA,,Elijah,Hester,LB,BLITZING_LB,60,24,2002,76,242,Baylor,NORMAL,62,73,60,64,55,65,61,59,68,63,59,41,24,36,23,45,39,35,45,35,35,23,28,39,28,35,26,41,42,24,38,32,26,23,25,23,24,36,35,30,29,28,38,39,59,54,65,58,61,63,43,45,53,9,17,14,12
SA,,Curtis,Tillman,LB,BLITZING_LB,56,27,1999,72,219,Coastal Carolina,NORMAL,57,73,55,61,53,56,48,51,50,53,66,30,45,33,34,48,30,38,32,42,27,36,30,39,25,30,40,41,27,38,31,25,28,40,31,34,31,36,39,30,24,34,35,34,53,59,57,54,56,64,52,58,44,15,19,15,7
SA,,Marquise,Cardenas,CB,ZONE_CB,84,29,1997,70,182,Northwestern,QUICK,86,83,91,82,75,95,84,82,96,91,77,29,32,30,34,30,43,35,37,45,38,35,30,40,36,39,37,32,33,85,34,79,35,48,37,31,42,34,32,35,30,27,37,33,37,37,24,62,73,76,73,96,76,7,15,6,12
SA,,Ricardo,Davidson,CB,MAN_PRESS,76,23,2003,69,181,Marshall,NORMAL,74,77,75,80,79,78,83,80,72,73,72,42,31,39,40,22,49,34,31,32,32,26,30,34,28,31,36,39,35,76,29,60,23,25,29,28,38,34,41,32,34,27,40,40,23,40,34,61,69,66,87,60,88,9,9,1,6
SA,,Brock,Kent,CB,BALLHAWK,74,22,2004,69,180,Washington,QUICK,73,67,69,76,78,76,80,74,68,86,70,30,30,37,36,43,42,34,37,38,34,30,40,33,32,29,33,21,42,75,30,59,41,39,34,29,32,29,44,33,24,36,28,48,36,40,23,69,68,63,74,85,56,8,15,18,13
SA,,Ricardo,Nash,CB,MAN_PRESS,62,25,2001,69,171,Kentucky,NORMAL,73,53,63,64,68,59,51,68,58,53,63,37,40,36,31,31,27,43,44,37,42,37,28,30,48,30,31,37,30,63,38,55,41,31,42,40,21,45,25,35,35,45,37,34,29,29,37,43,58,54,67,46,73,12,7,8,12
SA,,Shane,Combs,CB,SLOT_CB,58,21,2005,74,205,Tulsa,QUICK,50,66,66,58,58,57,59,55,61,56,58,23,33,32,38,44,31,25,39,29,32,43,28,41,27,39,35,32,26,58,35,45,23,34,33,22,32,28,43,31,39,23,40,37,35,29,33,45,62,44,64,54,50,14,13,20,19
SA,,Walker,Barnes,S,HYBRID_NICKEL,87,28,1998,70,194,Clemson,SLOW,85,79,92,88,92,89,83,89,81,83,83,45,39,40,32,27,39,35,29,39,36,35,43,29,32,41,26,39,32,74,36,74,32,31,35,33,41,40,25,39,35,41,26,39,22,29,82,93,89,81,93,92,77,15,16,16,8
SA,,Kyler,Davis,S,STRONG_SAFETY,75,22,2004,72,215,Northwestern,QUICK,68,72,69,90,75,80,72,74,74,79,79,32,38,36,38,32,33,29,29,40,24,44,37,32,33,29,41,43,33,78,33,69,23,30,37,43,39,33,36,40,43,41,34,41,28,26,57,84,75,90,70,65,65,11,9,14,10
SA,,Stefon,Lawson,S,HYBRID_NICKEL,70,28,1998,73,196,Southern Miss,NORMAL,66,63,81,65,78,72,68,74,66,64,68,38,47,28,42,37,33,27,33,35,38,37,41,25,35,36,30,46,36,68,37,53,36,35,34,25,36,34,27,44,40,29,29,50,29,30,53,70,64,71,78,79,66,11,17,8,20
SA,,Tobias,Snow,S,STRONG_SAFETY,62,27,1999,70,205,Nebraska,NORMAL,52,57,62,74,65,62,60,68,56,65,66,36,29,37,28,31,34,35,37,39,40,25,27,40,36,51,35,41,40,59,32,46,41,25,36,33,36,38,42,26,40,36,43,32,29,36,46,63,72,76,61,59,44,17,18,22,10
SA,,Mario,Davis,K,SPECIALIST,78,28,1998,73,208,North Texas,NORMAL,75,81,82,74,72,80,79,73,70,71,75,35,37,34,39,42,42,39,33,40,48,40,43,43,41,43,53,45,45,40,32,36,38,39,39,46,49,47,54,41,45,42,44,44,45,48,46,44,53,31,43,44,35,83,75,27,25
SA,,Isaac,Rowe,P,SPECIALIST,82,27,1999,71,202,North Texas,SLOW,87,90,82,81,89,82,79,88,94,79,83,36,47,41,39,38,36,38,38,46,31,36,34,36,44,50,53,52,38,40,38,47,50,39,41,36,40,48,35,44,37,43,33,50,49,44,42,37,44,49,47,52,44,28,32,84,79
SA,,Sam,Ramsey,LS,SPECIALIST,68,29,1997,74,255,Arizona State,NORMAL,71,76,72,66,65,67,69,62,74,66,71,46,36,52,46,49,38,34,37,51,47,37,42,35,39,46,42,36,45,39,54,48,41,47,61,41,41,53,43,39,41,47,38,43,36,37,44,33,63,43,47,51,44,43,28,36,29
SEA,,Lorenzo,Hines,QB,FIELD_GENERAL,77,24,2002,76,229,Wisconsin,NORMAL,66,77,71,83,77,77,81,80,83,87,87,64,78,76,74,78,84,70,80,68,69,65,31,34,28,35,28,36,46,33,33,19,35,40,37,33,38,44,39,43,34,39,42,32,28,36,25,36,40,38,27,32,45,15,15,7,13
SEA,,Grayson,Jennings,QB,IMPROVISER,67,27,1999,74,224,Kansas,SLOW,62,61,65,62,76,71,70,69,63,62,70,64,71,75,57,70,66,69,70,69,57,46,25,42,22,29,23,33,32,34,35,32,35,29,48,38,35,29,34,38,24,30,35,31,25,39,39,37,42,43,28,45,43,1,10,14,12
SEA,,Beau,Dorsey,QB,FIELD_GENERAL,58,25,2001,75,225,Michigan,NORMAL,49,55,50,58,51,59,53,60,67,65,57,56,57,55,60,51,57,45,60,55,46,43,19,40,47,34,38,32,35,28,29,41,25,44,34,41,26,24,38,30,42,27,30,36,37,30,34,40,40,34,33,30,34,15,8,6,5
SEA,,Julian,Duncan,RB,RECEIVING_BACK,76,28,1998,71,221,Vanderbilt,QUICK,83,75,70,72,73,82,78,70,83,70,78,37,30,36,36,29,37,30,27,45,76,73,78,65,77,31,36,35,75,79,65,31,77,80,36,74,64,78,41,65,32,29,32,45,33,25,39,37,37,38,33,41,36,1,14,11,22
SEA,,Quincy,Smart,RB,ONE_CUT_ZONE,72,25,2001,73,218,Jackson State,NORMAL,65,75,74,64,78,75,65,73,74,73,72,29,27,37,40,39,40,30,29,37,72,71,68,59,75,34,26,25,83,77,60,47,69,69,41,59,65,68,29,59,37,39,37,35,34,23,37,40,30,29,27,31,25,5,15,7,10
SEA,,Roman,Hunter,RB,ELUSIVE,61,28,1998,73,232,South Dakota State,QUICK,60,53,68,46,66,62,61,68,65,62,64,38,32,43,36,27,42,35,28,25,57,60,53,54,72,26,34,32,72,57,60,32,56,48,33,48,57,51,36,47,37,35,34,40,33,30,41,48,37,30,35,37,36,7,23,9,14
SEA,,Luca,Watkins,RB,WORKHORSE,59,22,2004,74,229,Wisconsin,NORMAL,51,59,57,58,61,73,61,57,60,59,60,35,39,25,43,34,27,45,39,32,66,70,66,56,56,20,43,39,60,62,35,32,47,42,27,50,55,52,32,45,27,37,43,36,37,33,33,30,33,33,34,29,40,17,22,14,18
SEA,,Joel,Chapman,FB,WORKHORSE,63,21,2005,73,242,Old Dominion,QUICK,61,63,60,59,69,71,61,71,62,61,64,29,41,28,33,28,35,37,27,36,62,32,67,33,28,38,22,36,24,61,34,35,48,53,35,59,66,33,69,59,32,46,29,33,31,24,36,32,33,28,42,33,37,14,5,17,18
SEA,,Jaxon,McDaniel,WR,X_CONTESTED,79,30,1996,71,190,Youngstown State,SLOW,79,76,70,82,81,80,81,75,79,77,77,35,49,30,33,43,26,39,34,38,64,32,63,34,72,42,35,21,33,75,92,97,75,80,71,84,83,30,24,34,29,37,37,16,26,35,41,43,24,33,31,41,37,11,17,20,19
SEA,,Odell,Collier,WR,SLOT,72,26,2000,71,194,Tulane,NORMAL,73,72,77,63,66,68,68,73,71,75,70,39,29,30,33,32,45,48,27,37,57,33,72,24,53,22,41,30,31,65,70,82,81,72,60,80,53,34,44,25,36,36,43,43,32,35,29,37,37,33,33,27,32,6,12,21,11
SEA,,Mitchell,Donovan,WR,Z_ROUTE_TECH,74,27,1999,75,217,Auburn,NORMAL,84,69,68,70,68,67,70,75,85,71,65,35,24,49,43,37,43,36,36,36,69,31,62,29,48,37,35,41,35,73,68,78,76,76,72,77,62,38,27,35,31,41,44,36,37,29,38,33,32,38,38,42,31,4,15,10,15
SEA,,Darren,Fleming,WR,Z_ROUTE_TECH,69,24,2002,74,228,Virginia,NORMAL,67,61,69,67,68,68,77,64,78,71,66,39,44,40,35,40,33,38,45,26,52,39,52,43,62,34,37,30,33,62,53,61,76,81,75,81,53,32,28,45,36,34,33,36,39,26,35,45,34,44,31,38,42,19,12,11,13
SEA,,Thomas,Moss,WR,X_CONTESTED,58,25,2001,70,181,South Carolina,SLOW,50,54,58,64,73,58,57,46,56,49,52,33,43,43,28,43,35,39,47,41,42,31,25,41,39,31,38,37,30,53,72,67,58,52,64,60,49,36,36,29,26,36,35,31,40,37,43,31,46,35,35,32,32,10,11,7,15
SEA,,Ethan,Merritt,WR,YAC_RECEIVER,58,25,2001,76,205,South Alabama,SUPERSTAR,57,68,52,60,52,64,64,53,60,53,62,32,39,30,34,20,47,40,30,41,43,39,52,26,45,28,36,31,42,51,56,52,66,66,57,59,50,30,35,35,35,32,46,24,22,43,36,37,33,28,35,39,28,17,6,6,18
SEA,,Cedric,Jordan,TE,H_BACK,77,30,1996,79,260,Pittsburgh,NORMAL,77,79,77,79,77,80,76,81,78,85,82,41,45,27,39,38,35,36,27,42,32,36,33,27,25,38,41,41,32,85,73,56,79,78,66,73,66,75,86,78,29,35,66,38,37,35,34,35,38,30,37,35,35,14,16,9,16
SEA,,Warren,Cochran,TE,INLINE_BLOCKER,65,33,1993,75,251,Kent State,NORMAL,57,59,60,75,70,64,69,69,73,59,55,42,35,21,26,31,32,36,34,19,33,42,37,33,30,32,38,37,21,64,62,62,57,53,62,48,64,65,79,44,40,43,45,41,31,27,40,30,30,32,28,33,36,19,14,7,12
SEA,,Finn,Sears,TE,MOVE_TE,56,23,2003,78,270,James Madison,SLOW,64,66,60,43,48,51,54,55,56,59,51,41,30,34,33,28,28,22,28,34,37,36,35,39,29,41,37,41,36,57,54,36,59,57,46,50,59,58,54,48,33,34,46,31,38,20,37,32,36,22,33,20,33,22,21,18,17
SEA,,Garrett,Stark,LT,ATHLETIC_PULLING,80,26,2000,80,322,California,NORMAL,87,86,87,79,85,80,85,77,74,85,78,30,25,38,30,23,34,31,40,32,40,41,39,37,32,41,26,35,40,43,33,39,39,36,34,32,89,77,31,37,84,83,70,77,36,35,22,30,30,31,40,30,38,14,6,20,10
SEA,,Amari,Ballard,LT,PASS_PROTECTOR,59,27,1999,77,305,Arizona State,NORMAL,56,62,49,56,59,63,59,56,63,57,56,30,35,37,32,32,38,33,30,28,25,40,37,34,29,29,32,27,31,40,28,35,48,36,33,28,63,63,29,23,44,50,63,59,36,43,34,33,32,41,32,42,38,8,11,1,5
SEA,,Joshua,Leach,LG,ZONE_BLOCKER,75,31,1995,78,322,Georgia Tech,NORMAL,79,90,82,72,76,72,80,65,73,78,75,24,41,35,35,38,36,21,25,34,23,28,22,36,28,38,39,43,27,27,38,34,45,35,28,44,70,80,79,39,63,81,81,78,37,24,26,41,37,33,26,33,26,11,6,8,10
SEA,,Jalen,Gordon,LG,PASS_PROTECTOR,62,29,1997,78,328,Fresno State,QUICK,66,60,64,57,59,56,67,69,68,66,59,34,36,25,24,37,28,40,24,31,44,40,36,27,26,41,42,26,23,40,35,32,25,31,42,24,63,69,48,37,53,64,64,59,36,46,26,36,28,33,43,40,27,10,18,11,16
SEA,,Malachi,Pickett,C,ZONE_BLOCKER,75,21,2005,77,313,Wyoming,NORMAL,69,83,92,66,78,75,75,65,75,58,83,33,28,38,30,45,29,24,30,35,37,35,33,27,36,45,29,43,35,34,41,37,34,46,33,37,78,77,70,28,70,91,70,68,31,31,50,31,29,27,29,38,37,14,19,14,9
SEA,,Jonah,Cooper,RG,ZONE_BLOCKER,74,30,1996,76,314,Ohio State,QUICK,70,84,75,62,72,79,78,80,77,74,71,27,29,33,35,30,40,40,33,25,37,28,34,38,30,48,34,39,33,27,36,31,25,37,33,35,73,81,72,30,66,86,74,73,31,26,35,34,40,36,33,39,38,13,13,18,13
SEA,,Andre,Marshall,RG,ZONE_BLOCKER,55,27,1999,78,342,Colorado,SUPERSTAR,59,66,62,47,60,54,50,56,59,57,54,32,34,40,34,32,26,35,45,36,42,29,28,32,27,30,36,23,47,29,48,33,29,34,34,24,54,56,59,33,49,63,54,48,25,33,35,33,33,44,38,39,39,6,13,1,15
SEA,,Reggie,Parks,RT,PASS_PROTECTOR,77,28,1998,79,323,Brigham Young,SUPERSTAR,76,87,77,75,78,78,84,74,80,85,81,32,28,38,29,34,36,26,47,34,41,36,31,30,30,37,19,31,41,42,38,22,46,31,36,30,73,88,34,36,63,72,72,79,39,37,35,39,38,37,38,38,44,12,9,12,11
SEA,,Miles,Taylor,RT,ZONE_BLOCKER,59,26,2000,79,321,Jackson State,X_FACTOR,63,74,67,49,57,64,64,58,60,63,65,34,32,34,34,35,36,36,32,32,28,27,30,35,34,41,36,35,26,29,31,36,29,30,37,29,60,55,38,36,49,79,59,64,22,32,38,35,32,33,28,36,37,18,8,11,14
SEA,,Jeremiah,Valdez,EDGE,POWER_RUSHER,73,34,1992,78,261,Missouri,NORMAL,65,72,68,84,77,77,74,79,67,82,70,40,27,37,34,34,40,25,33,40,26,33,38,36,44,27,34,31,30,34,32,39,39,45,45,18,38,32,34,33,29,39,39,33,88,56,80,70,73,55,65,61,27,10,12,8,16
SEA,,Kade,Zimmerman,EDGE,SPEED_RUSHER,70,27,1999,76,253,Duke,SLOW,77,83,70,54,65,69,64,68,75,69,77,29,37,39,38,30,23,31,44,28,40,32,39,35,30,39,34,42,36,33,33,31,21,29,35,31,31,35,32,32,38,37,33,43,68,81,57,72,65,43,56,56,25,21,13,18,10
SEA,,Dalton,Norman,EDGE,POWER_RUSHER,72,22,2004,77,261,Western Kentucky,SLOW,65,64,66,76,67,73,69,73,75,72,81,33,35,34,28,42,30,28,29,41,36,36,27,29,36,23,38,29,35,38,37,38,40,38,28,32,39,36,25,29,39,35,33,37,82,64,87,75,68,66,73,64,38,18,14,4,19
SEA,,Isaiah,Whitaker,EDGE,SPEED_RUSHER,56,26,2000,78,261,Rice,QUICK,65,60,60,42,51,56,56,57,49,57,56,23,39,27,28,32,39,33,32,35,31,48,42,35,37,24,24,44,29,43,38,24,24,31,35,35,36,29,27,33,36,39,41,39,47,72,49,47,60,42,47,37,22,8,10,18,16
SEA,,Ricardo,Underwood,EDGE,SPEED_RUSHER,59,29,1997,77,268,Pittsburgh,NORMAL,75,68,64,43,65,65,63,58,63,65,61,30,34,33,20,25,47,36,23,38,35,31,36,28,31,32,31,31,41,35,30,23,41,35,33,34,43,39,31,27,27,37,23,27,49,67,47,54,60,46,41,52,37,20,24,11,11
SEA,,Corey,Hunt,DT,NOSE_1TECH,80,25,2001,77,333,Temple,NORMAL,65,64,81,88,83,75,77,72,87,70,76,20,31,24,44,25,29,35,24,26,40,42,32,32,41,33,31,29,36,40,33,44,49,35,38,34,36,29,26,35,36,33,33,36,77,65,90,71,88,73,31,40,47,30,6,24,19
SEA,,Zachary,Hill,DT,TWO_GAP_5TECH,67,28,1998,73,303,Indiana,SUPERSTAR,72,66,64,68,68,68,72,63,65,74,75,32,30,27,32,33,35,33,34,22,34,34,23,42,41,47,39,36,26,34,42,34,36,31,33,23,40,36,28,26,36,34,39,37,57,58,73,63,75,62,28,31,36,15,3,17,20
SEA,,Drew,Martin,DT,NOSE_1TECH,61,21,2005,75,319,Auburn,NORMAL,61,49,60,75,64,58,61,64,64,63,60,24,29,32,19,47,38,28,44,40,38,33,23,39,35,39,30,39,22,24,38,27,40,33,36,25,28,28,40,37,46,31,30,34,56,50,65,50,65,53,39,27,35,8,5,4,11
SEA,,Jasper,Sandoval,DT,PENETRATOR_3TECH,54,21,2005,77,329,Florida,SUPERSTAR,52,62,51,47,54,55,46,47,53,45,54,40,34,30,26,38,28,35,35,37,24,32,29,27,29,37,34,38,37,26,34,36,32,30,36,36,34,34,42,29,34,35,38,41,59,59,53,56,56,49,28,39,24,14,2,9,1
SEA,,Zane,Smart,LB,BLITZING_LB,73,25,2001,73,241,USC,NORMAL,75,87,72,75,74,69,68,76,80,68,73,26,36,40,43,31,32,35,37,32,36,32,36,31,44,32,33,40,27,32,34,32,34,26,35,36,36,36,34,19,35,41,34,44,72,72,81,82,72,68,65,59,57,13,19,18,10
SEA,,Cameron,Warren,LB,BLITZING_LB,69,25,2001,74,235,Maryland,NORMAL,76,90,74,68,65,67,74,63,70,68,61,31,33,42,35,42,28,35,41,34,38,19,39,47,32,26,36,43,45,32,33,20,37,27,37,34,35,36,19,28,26,29,34,36,66,64,62,69,72,62,69,58,60,5,4,13,19
SEA,,Lucas,McClain,LB,COVERAGE_LB,68,21,2005,75,243,Louisiana Tech,NORMAL,73,62,77,54,71,63,70,61,52,66,69,31,29,38,34,28,29,30,24,28,34,35,32,35,45,41,26,33,29,32,36,30,41,36,38,26,38,34,42,34,30,32,29,38,58,51,63,69,63,71,75,86,56,12,19,18,22
SEA,,Vance,Moses,LB,COVERAGE_LB,64,27,1999,74,249,Stanford,NORMAL,72,63,67,64,62,67,65,69,65,68,61,28,28,30,36,41,36,41,41,31,24,29,24,20,43,27,44,28,31,43,29,36,27,31,35,36,40,22,25,50,40,40,31,27,49,43,56,55,58,53,75,73,47,1,6,10,17
SEA,,Kade,Oliver,LB,COVERAGE_LB,54,21,2005,74,227,Arizona State,QUICK,61,56,63,46,45,58,46,55,52,48,55,31,31,20,34,37,35,31,23,37,25,22,35,40,30,34,28,34,42,35,45,48,23,36,39,32,39,32,42,30,30,33,25,28,45,40,40,53,54,43,67,64,47,20,5,13,13
SEA,,Rhett,Boone,LB,THUMPER,54,25,2001,75,245,Illinois,NORMAL,46,58,62,68,55,63,50,59,54,54,53,31,37,25,38,31,36,28,35,23,33,20,36,33,43,33,37,41,41,35,39,42,31,38,40,39,33,28,41,27,31,32,25,43,47,45,56,51,64,65,39,46,30,2,14,23,18
SEA,,Colby,Dalton,CB,SLOT_CB,77,26,2000,73,202,Oklahoma,QUICK,76,81,86,72,67,70,82,73,80,82,77,38,41,27,36,22,24,37,41,35,39,33,27,29,46,35,23,40,31,74,28,63,41,28,27,24,31,39,43,31,32,39,37,35,43,45,41,58,78,74,79,72,73,17,10,19,16
SEA,,Roman,Morrison,CB,MAN_PRESS,75,29,1997,71,191,Arkansas,QUICK,78,74,72,90,72,75,80,86,73,67,79,36,31,38,42,28,36,46,32,27,39,36,25,34,32,28,39,32,34,81,38,69,26,32,28,36,30,27,39,39,28,41,38,33,45,30,31,53,82,59,84,60,85,12,7,25,6
SEA,,Justice,Holt,CB,BALLHAWK,68,21,2005,72,198,Fresno State,SLOW,58,69,69,73,79,74,53,68,71,77,69,35,29,40,34,37,33,31,31,17,28,31,38,37,30,37,35,34,25,86,43,54,28,34,37,36,26,31,36,34,39,30,43,38,24,31,24,46,61,59,65,74,55,1,20,2,9
SEA,,Trace,Myers,CB,BALLHAWK,63,22,2004,72,199,Georgia Tech,NORMAL,63,66,64,70,63,71,70,61,62,68,61,37,38,31,29,41,28,36,28,33,39,33,21,28,45,25,32,37,34,75,14,43,27,29,26,39,32,49,34,39,46,31,32,35,42,36,15,49,58,42,56,75,48,13,21,19,11
SEA,,Justice,Wilson,CB,MAN_PRESS,58,24,2002,69,173,North Texas,NORMAL,55,58,59,65,58,58,61,50,53,48,54,29,32,52,37,30,33,28,38,32,33,35,38,36,28,30,30,39,37,54,41,47,34,31,39,39,32,44,23,40,31,25,34,28,34,34,26,49,56,36,67,48,69,14,10,13,21
SEA,,Braxton,Cabrera,S,STRONG_SAFETY,75,32,1994,74,215,Kentucky,NORMAL,72,74,72,92,77,69,79,72,74,84,71,34,34,32,41,30,35,39,43,25,27,36,25,26,28,43,22,34,47,74,42,63,31,38,35,37,36,37,28,39,35,44,37,28,39,22,60,78,84,81,79,59,58,13,20,8,17
SEA,,Zachary,Cain,S,STRONG_SAFETY,67,27,1999,72,195,Central Michigan,SUPERSTAR,59,62,59,68,69,73,63,66,56,63,66,35,32,31,43,36,32,35,45,30,31,35,30,34,31,32,38,32,39,63,40,55,35,33,33,33,28,26,27,28,32,30,24,29,33,38,47,75,81,83,56,67,59,18,15,20,18
SEA,,Gavin,Osborne,S,HYBRID_NICKEL,69,27,1999,72,205,Stanford,X_FACTOR,62,58,85,64,77,67,67,65,65,67,68,29,31,39,28,37,34,41,36,28,29,37,39,29,31,28,27,29,31,66,34,53,32,33,30,33,43,29,34,38,30,39,30,42,34,33,56,79,72,63,78,73,51,5,6,10,2
SEA,,Malachi,Dorsey,S,HYBRID_NICKEL,58,21,2005,73,211,Ohio,NORMAL,56,55,70,54,66,53,56,52,52,52,56,40,41,30,42,34,39,42,36,43,40,28,32,37,41,33,37,39,46,63,35,42,33,28,36,36,35,33,38,25,30,31,31,29,30,31,41,68,56,56,70,57,52,8,12,21,12
SEA,,Tyler,Kirby,K,SPECIALIST,65,24,2002,70,178,Washington State,NORMAL,69,69,66,62,69,64,63,68,64,64,62,43,38,49,32,36,35,40,44,45,36,44,35,39,43,35,38,55,36,35,40,38,38,39,45,49,51,45,45,38,34,41,38,49,48,49,42,36,34,44,40,33,50,66,64,42,30
SEA,,Patrick,Whitfield,P,SPECIALIST,67,26,2000,74,206,Appalachian State,NORMAL,59,68,62,68,73,75,68,62,75,69,74,40,46,45,38,38,40,39,42,30,45,45,46,37,36,48,44,42,42,47,37,42,47,46,43,47,43,40,52,38,54,38,47,43,38,39,45,34,27,52,47,38,38,30,41,69,64
SEA,,Amari,Kelly,LS,SPECIALIST,62,24,2002,74,236,Utah,QUICK,65,56,65,65,58,61,59,56,60,64,63,40,38,40,43,50,45,57,32,47,35,43,39,51,37,37,39,36,42,39,30,52,44,38,41,50,37,47,45,40,55,46,40,33,45,39,36,40,60,48,38,32,46,44,33,43,41
POR,,Jamal,Roberts,QB,IMPROVISER,85,23,2003,78,243,Liberty,NORMAL,86,81,79,89,88,82,85,87,72,77,82,84,87,92,76,97,95,95,87,93,72,66,36,36,31,30,40,38,27,35,32,32,25,30,47,35,45,35,35,19,37,37,24,29,34,41,31,35,38,27,38,39,33,4,20,1,22
POR,,Chandler,Cleveland,QB,DUAL_THREAT,59,28,1998,77,235,Florida Atlantic,SLOW,70,66,56,60,60,58,61,58,55,60,53,58,61,50,57,62,61,56,63,79,54,48,28,35,27,38,34,42,37,29,39,29,39,36,30,28,29,36,38,37,45,37,29,39,34,28,33,26,27,47,30,31,32,12,10,8,8
POR,,Kaleb,Bowers,QB,DUAL_THREAT,63,25,2001,73,212,James Madison,SUPERSTAR,77,68,65,61,57,63,71,65,62,62,55,69,52,54,64,75,70,66,64,82,44,47,32,34,38,35,35,37,29,33,36,33,40,38,45,39,39,35,36,38,32,44,25,36,29,39,39,27,23,43,30,38,31,22,15,10,20
POR,,Marquise,Cleveland,RB,WORKHORSE,79,27,1999,69,201,North Carolina A&T,NORMAL,75,80,77,75,77,96,83,79,72,72,74,34,39,31,24,40,36,35,33,38,83,87,85,76,70,30,29,27,83,75,64,41,64,61,42,70,70,79,26,55,30,37,49,34,33,39,39,34,39,35,33,30,28,9,18,12,11
POR,,Vance,Burton,RB,ONE_CUT_ZONE,70,23,2003,69,194,Minnesota,QUICK,66,78,73,66,64,74,73,60,65,69,70,33,38,35,31,31,36,31,28,28,66,68,69,48,72,36,35,31,77,63,65,32,55,59,39,64,55,72,40,47,43,40,43,26,27,44,31,38,29,38,26,39,39,13,9,7,1
POR,,Garrett,Carson,RB,RECEIVING_BACK,65,28,1998,68,192,Florida,QUICK,68,61,66,64,62,71,78,65,63,65,57,25,34,37,28,44,25,24,42,16,63,66,59,55,58,26,39,45,65,84,47,21,62,55,32,56,56,76,30,51,30,30,32,39,25,27,49,39,36,33,38,32,38,3,5,4,15
POR,,Antoine,Burns,RB,WORKHORSE,63,21,2005,74,231,East Carolina,SLOW,58,60,65,64,68,81,63,56,59,58,70,33,26,46,28,27,28,31,25,38,79,63,75,63,50,31,38,27,65,57,40,30,37,52,37,48,51,52,37,53,27,31,33,29,29,34,51,39,39,43,36,28,36,17,5,16,15
POR,,Grady,Powell,FB,WORKHORSE,63,33,1993,71,233,Louisiana Tech,NORMAL,58,61,65,68,63,69,72,60,57,66,61,21,39,27,40,23,40,32,40,49,75,40,71,29,28,38,34,47,39,57,52,31,49,49,41,51,58,26,64,59,35,33,37,38,37,31,32,33,29,32,40,25,28,10,5,11,15
POR,,Declan,Page,WR,Z_ROUTE_TECH,84,29,1997,71,176,Alabama,QUICK,80,81,78,87,81,83,84,82,90,92,80,31,27,38,49,38,41,36,42,31,76,31,75,26,63,35,38,16,30,75,80,79,93,95,88,92,73,37,42,25,33,42,43,34,32,33,36,34,27,39,37,34,36,7,4,9,13
POR,,Malik,Parker,WR,DEEP_THREAT,76,31,1995,75,225,California,NORMAL,83,87,78,68,81,78,75,77,75,79,72,31,35,35,40,31,37,42,45,37,55,49,62,31,66,39,36,35,44,73,68,76,64,74,88,73,67,31,35,42,32,37,38,41,41,32,29,36,34,42,32,40,37,1,5,1,16
POR,,Evan,Small,WR,X_CONTESTED,75,21,2005,71,204,West Virginia,SLOW,64,75,79,80,84,65,69,79,70,77,77,38,35,30,26,41,29,37,26,42,59,36,64,32,58,41,23,35,44,73,90,81,70,75,72,80,52,46,34,35,33,31,28,34,36,36,31,28,30,33,22,42,37,1,7,15,1
POR,,Owen,Walls,WR,YAC_RECEIVER,72,25,2001,77,222,New Mexico,SLOW,75,80,70,75,72,67,74,68,81,72,65,24,32,43,38,40,39,32,38,30,59,31,60,28,65,40,39,32,42,70,78,62,77,72,65,74,58,36,44,33,35,34,27,43,38,35,44,35,41,25,37,39,37,15,4,16,13
POR,,Garrett,Burgess,WR,Z_ROUTE_TECH,66,21,2005,75,205,Purdue,NORMAL,55,64,65,53,64,71,67,64,68,72,66,30,35,33,34,32,36,32,40,31,56,50,58,36,56,34,50,45,39,61,62,63,73,76,72,71,57,39,38,32,37,32,27,35,33,39,33,30,27,34,27,27,30,10,14,12,20
POR,,Warren,Chandler,WR,YAC_RECEIVER,55,21,2005,73,177,Central Florida,SLOW,54,63,63,58,61,59,56,59,58,51,56,27,37,31,43,38,34,28,34,29,51,37,55,28,49,46,34,24,29,47,49,62,69,48,44,57,37,40,26,37,40,36,32,34,39,38,35,31,32,35,32,31,43,12,18,14,3
POR,,Zane,Burns,TE,MOVE_TE,78,22,2004,74,253,Utah State,QUICK,87,78,72,73,86,78,81,73,76,74,70,42,35,42,30,20,24,34,32,52,29,39,45,34,40,41,16,37,31,75,75,67,82,88,65,71,74,81,78,66,36,41,69,41,27,33,41,44,37,26,34,38,32,7,8,6,16
POR,,Jabari,Flowers,TE,INLINE_BLOCKER,69,26,2000,79,264,Wyoming,SLOW,56,63,75,74,63,72,70,63,65,68,57,28,32,44,37,33,27,36,29,32,20,27,39,38,26,37,29,39,36,63,61,59,72,57,70,57,77,78,85,52,23,32,53,25,35,44,32,44,27,42,28,39,33,14,17,18,15
POR,,Micah,Page,TE,INLINE_BLOCKER,62,21,2005,74,241,Florida State,SUPERSTAR,50,63,65,66,58,61,61,61,71,65,57,29,25,45,44,43,36,37,31,29,31,32,34,39,33,35,27,20,31,58,68,47,59,48,57,49,68,65,69,62,32,23,50,42,34,43,16,31,35,38,34,32,30,6,12,4,11
POR,,Marquise,Vaughn,LT,ATHLETIC_PULLING,80,25,2001,76,308,Rice,NORMAL,91,89,97,71,77,75,76,73,80,74,84,31,38,25,21,24,37,25,32,25,43,45,40,36,36,39,30,31,22,37,36,38,39,34,33,38,85,78,30,35,81,90,76,73,30,30,41,45,31,33,38,41,35,13,7,11,18
POR,,Levi,Snyder,LT,ATHLETIC_PULLING,62,26,2000,77,303,Tennessee,NORMAL,74,76,69,58,61,66,59,66,63,58,59,22,34,31,20,32,35,37,46,32,29,38,39,37,41,21,34,39,38,32,37,34,41,29,33,37,61,59,25,36,62,62,63,64,38,35,39,40,23,28,41,32,32,19,10,26,18
POR,,Victor,Ellis,LG,POWER_MAULER,78,27,1999,78,327,Boise State,NORMAL,73,75,62,84,80,73,78,69,79,66,86,38,36,26,41,28,50,27,30,41,35,39,34,37,36,29,40,24,28,47,28,40,45,29,41,34,76,77,86,50,91,61,75,60,39,33,36,34,29,35,34,43,39,12,6,14,21
POR,,Walker,Rollins,LG,ZONE_BLOCKER,70,27,1999,74,295,North Texas,NORMAL,75,78,83,69,69,71,74,65,71,75,73,37,31,34,41,38,30,40,30,26,32,36,43,32,31,36,28,28,33,28,31,36,18,32,36,38,76,68,69,38,57,82,64,64,23,17,40,30,43,30,31,33,33,17,3,9,16
POR,,Nathan,Rose,C,PASS_PROTECTOR,85,28,1998,74,293,Jackson State,SLOW,86,86,76,79,83,87,88,85,91,81,85,35,31,32,27,32,32,30,35,38,28,32,28,36,30,24,21,27,32,33,33,28,33,32,32,38,86,94,81,38,76,74,91,84,40,28,36,26,42,31,23,26,24,7,14,9,10
POR,,Trent,Cabrera,RG,PASS_PROTECTOR,82,26,2000,76,306,Purdue,NORMAL,80,92,79,82,89,77,84,76,90,86,89,30,38,41,33,27,35,36,36,34,20,24,29,32,32,28,32,39,37,21,35,39,36,36,26,37,79,89,70,27,72,80,88,65,32,36,34,37,49,39,26,39,24,13,14,13,18
POR,,Aaron,Bates,RG,PASS_PROTECTOR,61,23,2003,75,312,North Carolina A&T,SLOW,71,56,58,57,66,63,58,59,65,64,58,40,37,38,43,32,41,34,24,26,48,29,29,36,31,43,24,28,39,29,34,39,32,34,37,27,61,71,46,36,53,57,72,54,27,38,44,31,28,24,31,40,35,7,13,14,11
POR,,Chase,Warner,RT,ZONE_BLOCKER,80,32,1994,79,334,Georgia,SUPERSTAR,75,84,90,75,86,90,78,76,82,78,71,23,37,29,24,29,36,35,43,29,30,42,38,25,33,33,24,45,34,30,32,36,34,29,35,28,80,75,37,32,74,87,80,83,38,33,44,38,49,34,37,30,36,7,3,8,13
POR,,Ricardo,Delaney,RT,ZONE_BLOCKER,67,28,1998,78,309,Central Michigan,NORMAL,67,77,75,64,64,69,74,68,69,73,64,38,36,34,30,23,23,29,28,52,19,37,48,34,34,32,29,31,31,43,31,38,37,30,36,31,58,66,34,40,52,82,67,76,44,34,36,29,31,29,39,29,33,7,17,17,16
POR,,Calvin,Barnes,EDGE,RUN_STOPPING_EDGE,86,21,2005,76,256,San Jose State,NORMAL,73,87,90,99,87,84,89,93,86,94,88,39,34,26,35,38,34,41,26,46,42,44,25,33,34,35,41,28,37,31,35,44,44,27,27,37,35,41,28,36,37,24,33,44,84,79,95,85,91,68,70,79,24,3,3,28,16
POR,,Zion,Young,EDGE,COVERAGE_OLB,77,25,2001,74,240,Marshall,SUPERSTAR,87,77,79,65,76,77,74,75,77,81,83,41,43,24,23,32,25,26,36,32,29,29,37,31,43,33,36,41,21,19,33,39,28,31,34,36,35,38,33,38,34,39,35,44,77,76,71,83,73,79,76,73,28,7,8,9,17
POR,,Easton,Ware,EDGE,RUN_STOPPING_EDGE,73,24,2002,74,239,UNLV,NORMAL,64,70,68,77,67,74,68,70,68,85,71,23,33,33,37,28,46,27,35,29,42,34,39,34,28,17,35,35,29,32,42,40,19,33,34,33,35,34,31,38,36,29,39,29,69,66,83,81,75,59,72,57,29,17,19,1,20
POR,,Bennett,Lloyd,EDGE,RUN_STOPPING_EDGE,60,21,2005,78,266,Southern Miss,NORMAL,50,56,62,76,71,65,57,58,63,66,59,42,31,38,33,34,44,45,27,27,31,50,26,37,39,29,40,16,32,28,34,47,37,30,32,36,40,36,27,31,38,36,27,36,63,51,66,54,65,58,53,49,39,1,2,3,11
POR,,Justin,Butler,EDGE,COVERAGE_OLB,60,26,2000,79,269,USC,SUPERSTAR,71,62,60,55,60,60,59,59,56,63,56,21,32,43,49,36,25,29,36,32,37,24,30,31,41,25,39,38,35,33,23,27,29,28,39,29,33,35,29,40,35,24,36,31,42,62,64,67,64,54,59,73,34,16,17,5,7
POR,,Felix,Hayes,DT,NOSE_1TECH,86,27,1999,73,300,Georgia,NORMAL,72,78,81,98,81,76,83,82,87,80,86,36,34,35,22,33,29,38,34,32,32,44,38,36,32,29,33,22,32,27,30,35,28,35,35,37,31,32,28,29,37,29,28,31,88,78,84,78,94,75,30,38,24,14,8,16,9
POR,,Gerald,Pope,DT,TWO_GAP_5TECH,72,27,1999,76,340,Tennessee,NORMAL,68,60,75,79,68,69,75,79,72,78,74,33,25,29,19,28,31,32,32,35,40,34,38,31,35,39,46,28,28,33,30,34,27,37,41,28,33,25,29,31,23,36,30,32,65,59,76,68,76,61,38,42,29,16,4,13,13
POR,,Miles,Snow,DT,NOSE_1TECH,70,24,2002,78,343,Memphis,NORMAL,70,63,69,81,77,69,60,61,68,65,68,40,39,43,32,30,35,34,30,35,37,30,31,32,45,27,38,34,22,37,33,39,33,29,41,37,37,30,42,39,32,35,46,38,72,62,70,69,70,64,32,41,36,10,7,2,15
POR,,Levi,Buckley,DT,TWO_GAP_5TECH,64,23,2003,78,338,Western Michigan,NORMAL,65,51,64,81,64,57,61,69,61,60,65,33,38,34,44,37,33,39,28,37,40,44,33,32,27,25,32,34,40,37,22,38,29,37,39,36,44,36,31,27,41,36,27,30,60,54,66,60,64,40,35,50,24,11,7,8,14
POR,,Hendrix,Murray,LB,COVERAGE_LB,84,21,2005,75,236,Tulsa,SUPERSTAR,86,81,91,81,93,83,86,80,85,93,82,45,34,38,26,32,35,29,38,30,31,36,46,30,36,20,35,36,20,26,32,27,40,31,34,42,33,32,28,43,32,39,24,31,79,76,72,83,80,65,89,93,74,14,18,8,10
POR,,Jared,Bridges,LB,THUMPER,76,27,1999,74,242,San Jose State,SLOW,77,75,73,87,72,75,74,73,75,77,74,30,22,30,36,27,31,34,28,34,37,36,29,38,37,28,36,34,31,22,33,44,37,29,21,41,38,47,30,25,32,30,36,42,53,53,77,73,87,84,70,64,71,9,14,23,14
POR,,Warren,Herrera,LB,FIELD_GENERAL_MLB,71,26,2000,75,240,Colorado State,NORMAL,64,60,63,72,69,69,63,67,77,84,76,28,25,38,30,33,14,28,27,28,47,38,33,30,30,48,36,32,32,29,36,24,43,29,34,34,36,25,21,37,26,21,28,39,76,68,64,73,80,62,59,68,56,22,16,1,14
POR,,Elijah,Douglas,LB,COVERAGE_LB,61,25,2001,74,223,Georgia Southern,QUICK,70,66,71,62,72,54,64,63,56,65,72,45,35,34,27,27,42,26,27,32,29,42,34,37,46,30,33,40,38,28,27,28,35,40,22,34,34,37,41,35,34,34,32,37,53,59,52,54,62,48,66,71,44,1,1,13,24
POR,,Isaiah,Chase,LB,COVERAGE_LB,59,21,2005,73,243,Purdue,NORMAL,68,57,61,61,61,55,65,62,57,56,63,31,34,39,38,34,39,45,33,42,30,33,37,41,35,20,31,28,40,33,35,30,40,34,30,30,41,32,37,34,34,37,31,39,60,59,50,57,58,50,75,68,56,23,9,18,8
POR,,Calvin,Whitfield,LB,FIELD_GENERAL_MLB,58,21,2005,73,236,Arizona State,NORMAL,49,54,51,60,62,54,59,57,64,66,51,35,35,47,43,28,37,36,35,43,37,35,31,36,35,34,23,30,32,29,31,38,29,37,44,28,29,32,35,45,32,30,27,33,52,36,57,59,66,49,52,55,38,7,14,8,6
POR,,Thomas,Simmons,CB,SLOT_CB,80,25,2001,74,202,San Diego State,NORMAL,72,85,90,82,75,72,78,83,79,81,84,29,40,31,35,32,44,34,52,31,31,32,36,40,31,32,38,30,41,74,31,60,29,34,45,35,29,22,32,34,29,42,33,44,41,37,26,79,82,74,86,79,74,10,18,14,12
POR,,Khalil,Mayfield,CB,MAN_PRESS,80,24,2002,69,183,Nebraska,NORMAL,84,82,68,85,82,82,81,76,90,77,87,34,28,24,37,32,36,31,39,40,28,30,39,34,37,26,38,32,31,74,29,64,36,25,21,25,44,34,37,32,44,36,37,42,35,27,39,63,73,67,92,69,88,13,2,17,9
POR,,Gavin,McCoy,CB,BALLHAWK,72,24,2002,72,201,Washington State,QUICK,68,73,77,71,82,68,72,72,58,77,70,34,25,35,43,38,45,38,32,38,31,43,32,31,31,37,42,37,31,77,41,46,33,30,34,36,39,31,23,31,33,47,34,32,35,33,36,56,69,66,66,78,68,26,21,16,7
POR,,Rashad,Perry,CB,BALLHAWK,63,24,2002,69,186,Ole Miss,NORMAL,61,62,56,66,70,67,62,66,64,68,56,27,39,47,37,38,32,11,45,27,35,27,27,34,25,33,36,39,27,72,33,46,27,35,30,43,43,34,30,35,39,29,28,28,31,24,30,57,63,51,58,65,66,18,11,16,16
POR,,Felix,King,CB,ZONE_CB,59,22,2004,73,199,Arkansas,NORMAL,58,54,68,66,60,64,58,54,60,74,58,31,32,41,38,33,39,33,37,31,35,31,30,35,41,22,38,30,27,53,36,55,42,35,32,36,31,33,31,36,26,30,47,43,37,41,30,55,59,54,49,68,53,12,18,20,3
POR,,Harrison,Giles,S,HYBRID_NICKEL,85,34,1992,70,205,Alabama,NORMAL,92,88,95,76,87,81,85,80,87,81,88,32,25,37,31,36,44,37,23,30,43,21,30,33,26,36,36,35,42,89,28,67,28,33,38,53,28,26,27,34,31,35,33,42,29,20,69,88,76,78,89,85,65,22,11,22,1
POR,,Nolan,Nelson,S,STRONG_SAFETY,76,23,2003,70,188,Oregon State,NORMAL,72,84,81,88,64,81,75,78,66,78,80,28,33,41,39,34,29,29,35,31,38,31,29,35,39,38,46,23,29,79,34,66,17,31,26,29,34,24,31,36,23,30,30,24,37,34,77,88,81,77,68,75,72,8,8,12,6
POR,,Cam,Roberson,S,HYBRID_NICKEL,68,22,2004,72,202,Kent State,QUICK,70,58,78,64,70,62,69,64,65,60,64,38,33,37,41,24,25,33,27,45,38,28,39,32,27,41,28,28,36,68,20,50,37,36,38,35,33,39,24,38,30,35,31,21,39,39,50,82,65,60,78,72,43,20,5,13,13
POR,,Nathan,Herrera,S,FREE_SAFETY,62,28,1998,73,201,Louisiana Tech,SLOW,74,60,67,56,55,64,59,56,50,70,63,28,30,27,37,31,36,34,35,27,33,40,23,40,21,34,39,32,29,59,40,58,35,27,35,38,26,35,44,24,44,37,33,26,30,40,53,57,45,50,58,77,45,11,17,11,22
POR,,Cristian,Randall,K,SPECIALIST,71,31,1995,71,194,Tulsa,QUICK,72,72,67,74,68,71,67,61,71,74,69,43,41,51,45,42,36,37,38,48,45,56,37,42,40,28,34,41,38,42,42,31,45,47,38,44,40,35,32,46,45,38,41,35,42,37,34,36,32,47,34,48,44,69,72,37,33
POR,,Dalton,Sharp,P,SPECIALIST,73,32,1994,76,232,Iowa State,NORMAL,67,75,76,75,69,71,72,65,79,74,80,33,37,44,35,41,38,39,33,44,42,43,43,42,38,39,38,41,42,41,34,39,31,32,45,41,32,52,46,45,45,49,42,37,47,43,49,28,47,31,52,52,44,39,31,68,77
POR,,Darius,Merritt,LS,SPECIALIST,65,31,1995,77,254,LSU,NORMAL,65,70,72,67,64,71,71,66,60,64,69,49,44,37,36,37,40,52,52,50,32,48,38,50,37,37,54,39,40,46,50,54,35,46,42,43,40,42,47,42,38,47,53,43,42,52,39,52,70,38,49,33,36,44,34,28,26
SF,,Jesse,Swain,QB,POCKET_PASSER,83,31,1995,73,208,Appalachian State,NORMAL,67,73,87,84,76,82,86,78,87,84,73,87,76,88,91,74,87,83,83,70,71,71,25,27,37,36,37,25,27,36,32,42,34,35,38,40,38,34,26,37,40,44,32,24,40,32,39,22,26,34,35,47,45,10,8,13,2
SF,,Corey,Wilson,QB,DUAL_THREAT,66,21,2005,75,214,Arizona,NORMAL,77,69,60,60,62,69,67,64,57,63,62,73,66,58,69,80,63,68,69,74,55,68,36,32,44,31,38,36,28,46,34,40,40,27,38,24,35,33,30,35,27,38,40,36,38,37,32,35,32,30,35,39,31,16,19,11,5
SF,,Rondell,Jarvis,QB,POCKET_PASSER,61,23,2003,73,212,USC,NORMAL,51,64,56,60,69,67,64,59,64,68,58,59,60,68,67,48,57,70,55,41,55,46,26,47,30,30,37,33,43,35,36,30,33,28,31,30,29,33,37,39,32,39,22,31,40,26,34,42,31,18,34,30,39,14,13,12,13
SF,,Brandon,Ashford,RB,WORKHORSE,77,24,2002,71,210,Texas Tech,SLOW,72,72,75,72,71,90,81,81,77,72,80,22,27,37,42,38,39,44,26,34,85,86,86,71,67,30,30,26,79,80,60,35,59,57,33,71,68,82,45,59,15,43,20,28,30,22,34,38,35,43,33,34,27,7,16,14,17
SF,,Andre,Tate,RB,ONE_CUT_ZONE,76,29,1997,68,194,Oregon,NORMAL,70,80,76,69,72,73,72,73,69,77,76,41,34,39,30,39,29,27,31,26,77,73,78,65,71,35,29,37,91,74,74,34,69,70,38,61,64,74,25,72,37,27,30,25,38,35,32,42,36,31,37,45,47,12,7,28,12
SF,,Deandre,Bridges,RB,POWER_BACK,72,25,2001,70,206,North Carolina,SLOW,68,71,69,71,66,75,74,72,67,65,68,33,28,25,38,35,37,36,35,38,71,74,83,85,61,29,36,35,77,60,70,31,64,67,37,55,50,69,27,63,33,27,39,36,34,29,31,28,30,32,39,32,39,2,9,4,13
SF,,Nehemiah,Matthews,RB,ELUSIVE,62,24,2002,73,218,Syracuse,QUICK,62,60,70,63,67,61,63,62,50,66,62,35,34,35,28,37,29,20,28,34,59,61,64,55,81,29,41,32,55,55,58,32,55,52,34,48,43,51,33,57,37,31,36,31,26,44,37,31,30,36,31,39,38,14,14,6,3
SF,,Felix,Bailey,FB,POWER_BACK,67,24,2002,72,249,Missouri,NORMAL,65,68,63,69,68,74,76,74,67,67,65,32,30,40,33,39,35,35,39,37,75,34,75,31,39,26,33,31,42,64,53,34,55,58,31,57,67,34,60,68,30,49,27,44,27,27,38,33,30,36,35,37,27,18,11,1,13
SF,,Aaron,Brown,WR,DEEP_THREAT,87,26,2000,70,180,Arizona State,NORMAL,99,95,89,82,84,86,86,90,87,85,97,36,26,27,32,35,36,37,28,34,69,41,67,43,75,26,34,35,28,85,80,73,65,96,98,85,73,28,34,35,30,32,39,34,43,56,29,46,39,37,27,45,34,11,24,3,13
SF,,Malik,Sutton,WR,X_CONTESTED,77,29,1997,72,210,Vanderbilt,SLOW,68,76,77,88,85,80,69,80,85,81,78,38,29,38,33,35,30,28,29,32,58,37,65,33,67,36,28,24,33,75,87,84,76,73,71,85,62,39,31,21,24,34,31,35,37,41,34,30,31,24,27,37,39,12,16,6,3
SF,,Jarrett,Carter,WR,YAC_RECEIVER,78,24,2002,77,232,James Madison,NORMAL,78,91,80,79,76,80,82,81,76,80,74,31,35,37,23,41,39,37,36,31,62,32,76,33,71,35,33,43,39,76,84,72,81,74,71,84,71,48,35,27,34,40,37,15,41,26,29,37,27,37,26,33,39,17,16,1,16
SF,,Jace,Keller,WR,X_CONTESTED,70,25,2001,69,166,USC,NORMAL,66,73,71,82,82,67,76,69,76,69,63,34,35,22,29,35,53,29,38,34,56,33,52,33,50,31,40,31,35,68,86,68,71,61,63,76,64,33,30,41,44,36,24,41,23,25,30,33,32,39,48,26,46,6,30,8,14
SF,,Brandon,Young,WR,DEEP_THREAT,67,23,2003,76,220,Central Florida,X_FACTOR,80,80,67,57,65,72,63,68,63,68,67,41,32,23,28,53,37,33,34,26,54,31,66,32,59,26,28,31,45,71,60,62,51,63,77,58,56,34,37,32,34,28,26,29,38,40,31,37,37,41,33,38,46,1,9,14,8
SF,,Declan,Preston,WR,Z_ROUTE_TECH,60,21,2005,75,203,Washington,NORMAL,61,57,59,51,56,53,63,62,65,63,61,30,33,37,22,42,28,37,33,29,46,26,51,26,57,27,33,24,36,51,57,60,64,65,61,70,53,31,39,42,34,23,40,35,35,37,41,34,25,46,33,36,22,11,13,20,17
SF,,Grady,McCall,TE,INLINE_BLOCKER,84,28,1998,75,248,Western Michigan,SLOW,77,83,85,92,84,80,87,93,76,82,87,28,36,35,28,39,25,35,32,37,28,44,32,27,40,31,22,41,35,71,78,72,87,75,65,68,96,94,97,81,40,39,76,35,32,39,32,30,33,33,32,34,43,18,17,12,17
SF,,Reggie,Giles,TE,INLINE_BLOCKER,70,27,1999,77,250,Brigham Young,QUICK,61,72,74,73,76,74,71,72,78,72,71,37,36,46,36,37,42,36,37,30,28,40,34,44,31,34,34,34,31,61,69,60,59,64,66,50,77,84,78,68,35,38,62,40,43,31,36,32,30,30,31,29,34,14,7,14,10
SF,,Cameron,Reynolds,TE,H_BACK,60,25,2001,76,232,Boston College,QUICK,51,60,55,61,63,63,68,71,67,59,57,36,27,24,33,32,42,41,40,46,34,34,39,33,36,39,33,27,33,67,64,59,50,51,42,51,57,68,56,57,38,42,49,39,29,43,37,32,34,38,37,31,26,2,11,6,27
SF,,Connor,Cleveland,LT,POWER_MAULER,82,29,1997,80,324,Houston,NORMAL,83,75,79,93,71,90,91,79,83,86,88,36,35,38,29,35,25,34,36,36,33,41,43,42,37,31,34,36,21,28,42,27,37,44,41,45,87,76,41,27,95,71,79,80,29,39,37,31,34,30,31,36,30,15,13,22,22
SF,,Trace,Hammond,LT,ZONE_BLOCKER,63,22,2004,79,324,Auburn,NORMAL,66,71,80,55,60,72,64,53,73,54,63,33,38,44,36,33,33,31,34,30,37,36,28,35,35,40,32,40,35,30,30,31,33,30,39,41,56,58,26,33,59,81,61,60,30,43,35,34,31,39,25,29,38,18,9,3,9
SF,,Caden,Conley,LG,ZONE_BLOCKER,82,29,1997,77,327,Liberty,NORMAL,90,87,89,79,81,81,87,81,86,83,84,38,38,33,34,37,23,28,34,29,28,34,34,37,26,43,33,26,23,37,36,29,39,44,32,26,81,87,71,29,76,87,83,72,26,32,32,26,34,37,33,34,31,12,10,3,9
SF,,Reggie,McDaniel,LG,PASS_PROTECTOR,63,25,2001,75,293,Toledo,SLOW,65,61,61,68,76,59,59,67,64,64,67,34,41,33,27,48,26,26,38,31,38,40,21,35,32,28,29,37,36,25,32,33,37,34,41,32,55,71,53,25,55,63,69,57,38,34,31,31,46,37,45,30,25,4,8,21,16
SF,,Franklin,Rivera,C,ATHLETIC_PULLING,81,23,2003,75,301,Coastal Carolina,SLOW,91,91,98,75,79,73,79,78,88,74,87,38,38,41,29,36,30,32,34,31,31,27,37,26,36,35,22,31,35,28,22,24,35,43,30,27,80,79,80,32,82,83,74,74,38,38,30,26,30,29,35,32,23,16,17,16,11
SF,,Hakeem,Thornton,RG,PASS_PROTECTOR,76,29,1997,76,323,Tulane,NORMAL,75,77,85,73,77,74,82,72,74,77,78,33,33,41,43,38,34,34,23,39,40,37,32,29,36,26,29,44,29,35,33,35,39,27,35,36,76,87,68,28,63,74,76,65,34,25,39,37,16,29,20,31,42,6,18,13,20
SF,,Rashad,Holland,RG,PASS_PROTECTOR,66,24,2002,77,328,Texas State,SLOW,65,64,67,71,64,67,58,63,73,62,62,22,36,27,34,30,29,31,33,35,37,44,31,30,36,37,37,34,43,38,35,34,36,35,27,31,58,80,56,44,48,59,68,70,28,36,38,31,33,36,37,37,35,15,7,3,14
SF,,Emmanuel,Newton,RT,ZONE_BLOCKER,76,25,2001,78,308,Iowa State,QUICK,75,88,75,72,80,70,72,77,86,79,80,37,29,29,26,25,34,32,35,31,37,40,35,29,36,40,35,26,42,33,32,38,32,31,36,29,74,77,28,41,73,81,73,70,26,39,27,22,43,38,36,30,24,4,15,9,17
SF,,Dante,Goode,RT,ZONE_BLOCKER,63,24,2002,78,313,Rutgers,NORMAL,61,69,72,54,68,56,59,61,68,61,70,39,31,32,22,35,42,34,26,37,39,39,30,34,42,31,36,38,33,29,30,32,27,29,30,25,61,65,40,42,57,76,57,57,38,33,43,27,35,40,37,37,24,20,11,8,16
SF,,Roman,Giles,EDGE,POWER_RUSHER,86,32,1994,74,238,Youngstown State,QUICK,80,82,77,92,92,89,87,91,89,85,83,38,26,24,51,34,43,26,30,29,31,32,44,31,25,33,32,39,35,44,40,41,33,35,18,36,29,31,25,27,33,26,34,37,97,84,86,79,91,74,72,75,32,18,17,6,15
SF,,Colby,McLean,EDGE,RUN_STOPPING_EDGE,79,26,2000,76,270,Nevada,NORMAL,74,69,75,85,77,72,77,86,81,81,85,31,19,36,37,24,38,37,34,29,29,34,38,34,38,37,14,40,38,31,39,34,40,37,37,26,29,27,40,37,39,40,19,21,87,70,87,78,89,67,64,58,39,20,12,11,9
SF,,Dwayne,Blair,EDGE,POWER_RUSHER,71,21,2005,75,253,Toledo,QUICK,63,83,59,78,72,71,60,77,71,65,64,40,46,29,33,45,40,47,33,27,31,24,41,39,28,33,40,35,24,42,38,33,26,38,34,29,25,34,37,42,39,25,31,36,86,55,76,70,71,61,55,62,36,12,16,19,14
SF,,Curtis,Roach,EDGE,RUN_STOPPING_EDGE,58,27,1999,79,283,Virginia Tech,SLOW,48,56,63,71,55,45,57,50,68,57,57,40,34,28,29,42,24,31,43,29,28,24,31,37,32,32,39,29,34,39,29,32,33,26,39,28,31,29,31,34,34,15,34,42,55,54,65,53,63,45,44,37,24,18,7,7,17
SF,,Avery,Cotton,EDGE,RUN_STOPPING_EDGE,62,25,2001,76,256,Nebraska,SLOW,51,56,58,62,62,65,60,62,55,71,61,28,34,38,37,37,39,35,24,34,31,28,29,34,43,36,35,38,27,40,46,32,31,35,29,38,37,33,26,26,33,37,18,34,63,54,68,70,71,42,61,59,48,16,9,15,20
SF,,Jalen,McGee,DT,PENETRATOR_3TECH,87,25,2001,78,351,Houston,NORMAL,87,92,93,88,87,77,85,82,85,83,92,28,35,38,36,29,24,36,29,29,35,31,36,30,28,40,29,43,38,30,27,24,39,27,34,37,34,28,34,29,31,35,26,28,93,93,79,91,87,78,36,34,37,3,2,8,16
SF,,Lamar,Castillo,DT,TWO_GAP_5TECH,77,22,2004,74,283,Texas A&M,X_FACTOR,85,60,72,77,76,73,76,74,73,80,81,28,30,35,34,29,39,26,34,36,44,35,37,30,43,49,34,44,32,25,34,34,42,37,50,32,21,33,38,35,45,38,38,31,79,69,82,70,88,65,28,39,45,16,11,4,14
SF,,Jackson,Davis,DT,TWO_GAP_5TECH,66,29,1997,77,328,Oregon State,NORMAL,64,57,69,66,70,69,70,63,68,70,68,28,27,27,40,34,32,30,38,35,37,42,32,32,43,38,45,36,41,43,28,38,38,31,30,40,38,44,40,28,38,30,30,31,62,53,75,58,71,48,34,32,43,13,7,20,1
SF,,Kolton,Harmon,DT,PENETRATOR_3TECH,58,21,2005,77,330,Maryland,NORMAL,64,64,60,51,53,52,60,62,49,64,57,30,39,48,28,32,31,29,29,32,28,31,21,25,26,42,37,37,30,29,32,45,25,25,27,36,35,34,36,33,24,29,25,38,60,68,57,58,56,45,33,41,37,11,13,18,10
SF,,Eli,Aguilar,LB,BLITZING_LB,77,21,2005,74,237,Central Michigan,NORMAL,80,90,70,79,78,80,74,71,72,83,78,38,29,37,25,39,28,30,29,46,25,33,31,35,44,39,40,42,36,22,28,31,45,36,26,32,42,37,24,27,45,41,39,30,80,79,72,85,78,76,63,70,69,8,7,15,10
SF,,Nathan,Schultz,LB,COVERAGE_LB,77,26,2000,73,243,Auburn,NORMAL,87,77,86,75,85,78,77,73,72,78,69,45,29,40,33,31,27,18,32,47,41,30,40,39,33,35,35,28,38,39,25,31,28,34,36,26,42,27,29,35,36,37,39,23,72,63,72,80,72,70,79,86,68,5,1,11,6
SF,,Harrison,Lawson,LB,COVERAGE_LB,72,22,2004,72,220,Mississippi State,QUICK,77,66,71,64,77,75,79,77,75,64,66,47,33,29,23,32,29,32,38,33,32,40,29,42,34,41,33,43,39,38,28,39,33,20,29,39,31,31,34,31,31,29,23,35,66,66,64,78,63,60,89,85,63,14,3,8,13
SF,,Sterling,Wyatt,LB,COVERAGE_LB,59,28,1998,75,233,Maryland,NORMAL,73,59,63,45,65,58,59,59,64,47,61,21,39,43,38,35,40,39,26,28,41,25,39,33,30,35,50,42,35,41,29,41,34,42,33,35,22,50,35,26,32,42,36,45,49,38,40,56,58,49,74,72,53,18,14,11,16
SF,,Jonah,Stanton,LB,COVERAGE_LB,55,29,1997,72,239,Hawaii,NORMAL,51,44,60,44,52,54,53,63,55,55,57,30,29,32,32,43,35,34,38,32,37,39,20,37,32,29,36,50,30,35,28,29,36,33,40,34,22,37,38,35,35,39,27,39,40,56,44,53,57,39,72,70,38,9,7,5,9
SF,,Jameson,Durham,LB,COVERAGE_LB,55,21,2005,72,237,New Mexico,SUPERSTAR,63,46,56,52,58,53,59,58,56,54,57,35,24,26,36,29,24,28,33,27,41,40,39,31,39,36,28,32,23,24,51,41,37,32,37,40,38,32,32,39,39,29,31,37,46,40,38,53,53,52,59,67,41,4,15,24,9
SF,,Adrian,Reed,CB,BALLHAWK,81,25,2001,70,178,Houston,NORMAL,77,83,81,77,91,79,85,76,75,88,82,34,26,27,30,35,36,29,31,42,25,41,23,30,34,35,27,25,38,89,37,68,36,32,38,32,37,34,42,42,34,46,27,31,27,46,29,62,63,72,79,91,68,14,14,14,1
SF,,Jeremiah,Bowers,CB,ZONE_CB,75,22,2004,70,191,Oregon,SUPERSTAR,75,71,79,75,70,69,73,69,87,87,76,30,33,27,42,30,37,32,28,38,23,28,38,45,34,25,35,23,38,73,33,72,36,44,39,36,29,35,31,29,34,30,36,36,38,31,27,69,75,63,63,93,67,8,9,4,11
SF,,Caleb,Smart,CB,ZONE_CB,71,22,2004,72,201,Ole Miss,NORMAL,73,67,72,69,72,72,73,77,75,82,78,29,31,37,41,41,39,27,38,32,30,37,42,30,35,36,32,36,30,68,30,54,34,32,28,35,34,23,31,28,40,39,31,37,35,24,35,61,74,63,60,85,62,13,7,4,16
SF,,Marquise,Parrish,CB,BALLHAWK,62,21,2005,74,200,Appalachian State,NORMAL,60,54,57,60,76,66,62,56,63,72,63,19,33,35,33,25,36,36,42,28,35,33,43,24,44,32,32,25,34,74,29,51,32,35,42,30,36,34,34,41,40,27,29,25,28,34,36,60,56,52,59,68,56,27,10,11,21
SF,,Marquise,Rowe,CB,MAN_PRESS,60,22,2004,73,203,Boston College,QUICK,63,66,58,67,54,58,60,55,54,44,68,30,33,30,42,36,34,39,32,30,36,29,38,25,24,33,33,36,33,57,40,52,32,26,30,39,34,35,34,42,40,30,30,37,44,41,35,49,64,51,67,49,75,16,15,10,19
SF,,Zane,Campbell,S,FREE_SAFETY,82,29,1997,75,212,Hawaii,SUPERSTAR,90,87,81,72,86,86,84,79,79,85,89,37,38,23,35,26,36,29,33,31,31,27,29,39,40,26,41,37,34,82,39,65,35,43,34,36,37,37,32,35,35,33,34,20,34,29,68,81,73,66,79,87,73,15,10,5,17
SF,,Eli,Rankin,S,HYBRID_NICKEL,74,25,2001,71,198,Tennessee,NORMAL,67,76,85,72,78,74,74,76,71,77,72,39,29,25,39,37,35,41,33,46,30,43,30,49,31,43,34,32,41,74,32,59,34,35,34,37,33,37,24,23,38,31,34,23,44,33,69,73,73,67,83,79,65,17,10,5,1
SF,,Craig,Salazar,S,BOX_SAFETY,65,26,2000,73,204,TCU,SLOW,66,59,65,69,65,64,64,63,65,61,65,30,29,33,35,27,30,39,26,35,40,30,44,41,13,32,33,29,28,60,36,60,33,38,41,31,44,26,41,38,33,42,39,30,36,33,61,73,81,67,51,62,47,3,10,1,3
SF,,Cody,Hendricks,S,HYBRID_NICKEL,55,23,2003,74,210,Arizona,SLOW,52,53,54,50,57,56,50,55,48,49,63,34,46,37,29,36,44,38,35,33,34,28,32,40,28,32,31,39,40,41,33,51,31,38,35,42,27,49,34,29,42,44,38,38,37,29,40,56,59,55,70,57,39,1,10,10,10
SF,,Tanner,Moran,K,SPECIALIST,72,28,1998,75,203,Arkansas,SUPERSTAR,69,66,70,78,78,75,69,71,70,63,77,53,50,36,50,37,50,37,34,48,39,48,44,43,34,35,35,43,42,41,44,35,42,45,53,43,41,41,44,34,47,47,36,48,44,31,47,46,29,40,53,44,50,75,70,34,28
SF,,Nathan,McCoy,P,SPECIALIST,77,29,1997,73,200,Grambling State,NORMAL,80,80,78,76,73,81,88,76,78,76,76,48,49,39,47,49,39,35,40,48,40,47,38,55,34,45,34,43,33,39,42,35,53,44,45,41,43,38,47,49,40,32,38,55,46,39,39,50,35,44,38,42,54,30,40,76,78
SF,,Rashad,Campbell,LS,SPECIALIST,56,21,2005,73,237,Temple,SLOW,60,53,55,56,57,54,50,55,57,62,56,32,56,50,34,49,43,43,45,55,37,42,46,31,44,50,41,44,37,40,49,48,31,54,34,40,39,41,52,35,44,44,35,50,42,41,45,43,56,36,49,34,37,45,46,33,33
LA,,Peyton,Chase,QB,POCKET_PASSER,77,21,2005,72,194,Iowa State,QUICK,61,69,88,79,77,74,81,78,79,78,75,93,77,73,83,71,78,75,72,60,74,75,34,45,35,32,33,44,47,35,45,37,30,27,35,31,40,47,39,37,37,26,30,29,26,27,34,31,38,34,41,33,44,16,7,7,2
LA,,Darnell,Combs,QB,DUAL_THREAT,62,27,1999,78,246,SMU,SLOW,77,69,53,66,63,53,57,67,64,54,67,59,57,59,61,64,64,61,63,79,40,59,41,35,45,47,33,36,36,39,27,33,33,29,29,35,37,33,32,28,30,42,39,40,37,34,37,44,31,41,43,42,43,9,12,25,15
LA,,Damian,Lawson,QB,POCKET_PASSER,51,21,2005,73,219,Texas,SUPERSTAR,44,56,49,58,54,51,51,54,53,55,56,54,41,61,60,42,47,46,54,37,36,25,37,42,31,37,33,38,34,23,28,33,40,24,29,33,35,38,34,30,28,37,46,41,24,33,26,34,42,40,33,36,33,11,7,7,11
LA,,Nico,Larson,RB,POWER_BACK,75,25,2001,72,224,Villanova,SLOW,73,76,70,81,77,82,75,84,70,78,77,41,23,29,43,28,40,27,32,43,74,68,86,85,61,34,36,38,83,70,62,36,68,67,39,63,68,77,38,68,41,33,30,28,34,38,34,35,36,33,30,35,37,17,20,5,11
LA,,Blake,Acosta,RB,ELUSIVE,67,27,1999,70,218,TCU,QUICK,64,63,77,57,70,75,62,65,66,60,60,36,40,33,23,34,37,27,22,25,68,66,65,60,77,29,30,24,64,63,48,37,55,63,34,62,48,68,40,49,47,38,28,36,35,31,36,32,32,46,33,38,36,19,4,5,12
LA,,Zion,Carroll,RB,RECEIVING_BACK,64,26,2000,72,226,Sam Houston State,SLOW,63,65,69,70,62,69,66,58,65,59,65,42,31,32,31,20,32,32,31,32,58,64,59,60,70,24,38,32,60,73,57,43,56,55,38,45,52,72,37,60,38,47,35,16,38,32,33,37,42,32,42,35,43,8,5,22,15
LA,,Gerald,Grimes,RB,ONE_CUT_ZONE,62,22,2004,69,195,Nevada,NORMAL,58,63,66,61,57,59,62,55,58,55,54,36,39,38,35,39,41,33,43,29,49,67,52,53,61,47,32,33,79,66,54,41,49,50,26,48,60,58,32,47,31,47,29,37,38,44,37,43,38,30,28,21,41,7,19,6,10
LA,,Gabriel,Sims,FB,WORKHORSE,66,29,1997,74,267,Georgia Southern,QUICK,66,74,68,59,73,82,64,65,65,68,64,34,36,39,26,35,32,30,38,37,70,40,71,25,32,32,32,40,36,68,53,20,45,63,41,55,71,31,69,63,42,25,36,37,31,34,34,45,36,38,31,39,33,9,22,7,10
LA,,Kolton,Stephens,WR,SLOT,77,30,1996,77,209,Wisconsin,NORMAL,83,73,80,65,71,77,78,83,74,75,78,33,30,29,37,34,30,18,29,35,63,36,74,30,67,30,28,17,40,73,75,80,91,70,68,85,57,22,29,31,30,29,32,39,28,43,21,21,33,40,42,39,32,23,2,6,9
LA,,Elijah,Hammond,WR,YAC_RECEIVER,74,26,2000,74,205,LSU,NORMAL,73,85,78,70,73,77,64,77,75,74,76,30,39,30,33,28,31,31,28,37,62,45,62,33,82,42,27,33,35,67,76,71,79,74,67,77,56,34,31,40,37,30,37,37,29,46,33,33,30,36,27,35,35,10,1,10,7
LA,,Cooper,Key,WR,DEEP_THREAT,69,27,1999,72,190,Pittsburgh,NORMAL,85,75,68,65,61,71,74,75,68,68,70,24,31,41,37,23,42,37,40,33,50,39,59,23,56,40,31,29,42,62,59,67,57,68,78,72,57,36,33,36,36,40,33,35,30,35,28,20,43,41,35,30,38,15,8,25,4
LA,,Cedric,Manning,WR,Z_ROUTE_TECH,69,25,2001,73,197,West Virginia,SLOW,63,70,68,72,69,68,72,61,67,63,70,41,35,33,28,34,30,34,26,33,55,40,55,34,65,43,38,42,33,62,69,67,72,79,71,74,58,26,36,31,32,40,37,32,25,34,32,28,27,40,36,37,30,17,13,11,11
LA,,Jeremiah,Jenkins,WR,DEEP_THREAT,61,25,2001,75,204,Grambling State,NORMAL,79,71,54,63,54,63,68,60,59,60,63,46,31,33,45,30,31,41,36,41,45,28,45,38,50,28,30,32,34,62,45,61,44,58,68,63,39,33,43,38,38,28,32,30,44,32,31,30,35,35,37,35,36,23,21,17,21
LA,,Noah,Kennedy,WR,X_CONTESTED,61,28,1998,70,185,Western Kentucky,NORMAL,51,65,55,72,61,53,62,59,58,66,57,37,41,30,34,32,29,42,24,34,53,43,47,32,57,38,33,33,34,57,70,66,57,71,63,62,48,43,40,34,36,41,32,37,39,33,40,29,31,25,39,33,37,3,13,23,6
LA,,Chandler,Fleming,TE,INLINE_BLOCKER,74,30,1996,74,238,Wyoming,QUICK,70,77,75,72,74,77,66,66,75,76,75,33,34,24,38,31,33,40,30,33,33,37,36,31,25,19,36,34,34,59,76,63,72,68,62,55,83,90,84,63,33,30,54,27,30,34,36,38,26,38,30,35,33,8,13,15,10
LA,,Warren,Payne,TE,MOVE_TE,66,24,2002,78,240,Colorado,NORMAL,71,68,66,64,69,55,76,53,71,73,75,36,37,43,43,36,47,30,33,41,47,46,28,31,35,30,39,30,39,64,62,50,64,75,53,49,63,59,75,56,30,29,57,23,43,30,43,28,41,35,38,33,23,1,14,18,22
LA,,Desmond,Hines,TE,MOVE_TE,57,24,2002,77,260,Cincinnati,NORMAL,66,59,55,50,51,58,64,62,55,58,68,35,31,33,25,40,27,42,37,38,26,37,49,47,33,40,35,32,31,60,58,51,53,61,30,46,54,56,53,42,33,41,43,26,35,31,28,39,40,42,43,23,24,14,16,10,5
LA,,Jabari,Mathis,LT,POWER_MAULER,73,28,1998,76,289,Georgia,NORMAL,68,69,66,70,72,73,73,75,77,74,73,35,29,24,31,35,28,22,43,40,42,43,37,24,38,38,29,34,32,38,29,36,31,31,31,33,78,67,40,45,86,65,75,74,41,34,34,39,31,44,32,41,37,8,7,20,11
LA,,Alec,Padgett,LT,ZONE_BLOCKER,60,31,1995,79,300,Michigan State,SLOW,63,68,72,49,59,64,61,60,69,51,59,34,43,39,37,28,29,47,29,36,38,31,31,32,36,28,37,28,20,38,34,32,45,33,31,32,57,58,43,27,45,73,58,63,30,33,21,34,38,42,43,29,31,13,10,22,20
LA,,Lawrence,Thomas,LG,PASS_PROTECTOR,70,33,1993,74,296,Maryland,QUICK,69,68,58,68,72,65,74,79,71,74,69,36,44,38,43,26,33,28,33,42,33,19,35,43,34,32,42,38,40,33,40,40,30,33,35,31,66,85,56,40,60,73,77,59,35,35,32,34,35,28,34,29,38,16,10,7,20
LA,,Dillon,Bridges,LG,PASS_PROTECTOR,62,23,2003,74,288,Tulsa,NORMAL,66,63,58,54,55,63,54,59,68,57,65,40,25,39,38,25,34,34,37,36,35,34,36,27,27,29,34,20,28,33,32,24,37,28,33,44,63,72,55,33,49,61,61,63,33,34,37,29,25,24,29,31,36,13,12,20,11
LA,,Devonte,McDaniel,C,ZONE_BLOCKER,70,28,1998,74,291,UCLA,QUICK,73,81,79,60,72,73,74,70,76,68,75,33,33,38,44,33,34,39,30,34,41,35,32,20,33,33,32,30,34,36,42,39,32,40,36,34,73,67,65,28,66,84,77,68,32,31,32,28,43,32,32,32,32,15,16,12,7
LA,,Luca,Hicks,RG,PASS_PROTECTOR,71,28,1998,74,296,LSU,NORMAL,78,71,62,66,69,72,65,84,73,71,68,39,26,39,34,26,31,35,23,36,33,36,34,32,31,42,31,28,37,30,35,23,32,35,39,41,72,80,62,38,64,70,70,65,29,41,29,36,36,35,42,32,37,10,14,1,11
LA,,Demarco,Randall,RG,PASS_PROTECTOR,60,30,1996,75,311,Auburn,NORMAL,64,65,47,63,57,62,59,55,63,59,64,30,35,29,30,33,32,38,34,33,34,35,37,39,37,37,28,34,39,36,31,41,27,27,36,32,59,71,53,34,50,56,62,65,37,31,42,26,32,33,37,43,38,15,19,7,15
LA,,Luca,Lucas,RT,PASS_PROTECTOR,75,24,2002,76,302,South Carolina,SLOW,72,76,72,73,77,82,70,76,69,79,74,47,31,35,41,33,35,25,38,32,32,25,44,39,33,27,31,30,27,37,29,41,29,35,36,43,72,87,37,50,59,62,75,80,36,26,38,26,36,38,31,39,41,21,13,15,4
LA,,Gavin,Eaton,RT,PASS_PROTECTOR,63,22,2004,79,326,Clemson,QUICK,58,70,52,65,61,65,57,65,59,60,67,26,32,37,31,37,36,40,30,32,24,38,21,22,33,25,38,19,26,26,31,26,36,39,50,39,61,70,32,31,56,61,61,67,34,33,29,31,38,30,36,33,28,20,11,1,29
LA,,Reece,Burton,EDGE,SPEED_RUSHER,75,23,2003,75,253,North Dakota State,QUICK,81,93,74,59,71,76,68,77,76,79,75,45,30,36,37,34,36,34,36,36,38,14,47,34,23,30,43,25,31,27,33,41,35,32,34,40,32,39,30,44,29,40,35,40,65,90,67,72,68,67,61,61,35,8,5,15,19
LA,,Grady,Tanner,EDGE,POWER_RUSHER,73,26,2000,77,258,Liberty,QUICK,62,68,67,75,76,72,78,76,70,76,77,31,35,42,38,27,31,34,36,28,33,21,38,21,26,35,37,36,27,36,42,20,36,38,37,36,33,34,38,33,30,42,28,37,84,68,78,77,68,64,50,72,36,16,1,14,10
LA,,Hakeem,Sherman,EDGE,SPEED_RUSHER,74,23,2003,78,253,South Dakota State,QUICK,75,83,79,66,83,72,69,68,72,67,76,34,28,37,35,33,42,29,24,30,34,34,46,31,31,31,37,31,36,42,32,36,36,31,31,40,45,28,33,31,35,32,33,34,63,92,74,65,64,63,61,66,23,9,9,15,2
LA,,Austin,Ware,EDGE,SPEED_RUSHER,56,21,2005,77,267,Notre Dame,NORMAL,64,65,63,42,57,60,58,56,49,50,46,41,34,32,45,36,39,36,30,34,44,40,22,38,40,38,27,36,27,31,35,32,37,21,34,44,44,40,39,36,27,41,36,30,45,66,47,61,54,49,43,37,44,4,8,2,9
LA,,Declan,Huff,EDGE,POWER_RUSHER,58,27,1999,76,263,Minnesota,SLOW,45,54,55,67,57,62,51,57,49,68,60,37,38,35,29,36,38,33,32,34,35,32,43,35,41,27,27,31,42,42,41,20,38,39,23,27,38,38,33,39,15,31,40,32,66,41,68,54,70,45,39,48,41,6,16,5,14
LA,,Nathan,Thomas,DT,NOSE_1TECH,73,21,2005,78,334,Texas Tech,QUICK,65,62,72,84,78,81,79,70,68,74,76,34,37,31,34,30,39,35,33,43,30,21,31,39,28,36,34,38,26,27,30,38,38,36,35,47,25,37,17,37,36,40,41,34,72,64,80,64,69,70,34,36,36,4,14,15,21
LA,,Harrison,Spears,DT,TWO_GAP_5TECH,73,22,2004,75,304,Minnesota,NORMAL,74,59,69,84,73,68,65,76,71,79,71,34,30,37,30,24,30,36,25,36,37,41,34,24,39,40,36,26,33,33,29,28,32,37,34,43,23,41,29,30,41,26,30,32,69,57,79,71,75,63,21,41,32,5,9,14,2
LA,,Bennett,Nixon,DT,PENETRATOR_3TECH,65,31,1995,78,328,Maryland,QUICK,66,70,65,62,66,70,68,62,66,62,66,37,29,44,35,35,22,27,31,33,42,38,33,37,23,32,37,34,37,35,36,35,38,30,32,43,28,39,29,31,21,26,33,47,76,80,51,63,66,46,36,39,37,14,11,17,15
LA,,Omar,Fletcher,DT,INTERIOR_RUSHER,56,25,2001,73,299,Southern Miss,NORMAL,53,60,64,52,56,52,60,63,49,56,50,31,36,36,36,30,28,37,31,35,33,33,23,40,33,29,33,40,40,30,37,31,40,34,34,31,34,35,31,24,31,28,21,29,68,66,51,50,48,36,38,35,38,7,8,1,16
LA,,Emmanuel,Thomas,LB,BLITZING_LB,81,28,1998,75,249,Wisconsin,NORMAL,86,85,88,78,81,79,76,77,75,86,83,25,24,34,34,29,35,33,44,34,41,39,41,29,33,25,37,44,35,34,29,33,33,32,37,35,21,22,40,40,35,37,36,37,82,81,74,86,80,79,72,77,73,8,18,13,19
LA,,Cedric,Carey,LB,BLITZING_LB,73,26,2000,75,241,Southern Miss,NORMAL,75,82,75,78,71,65,75,69,64,76,79,40,29,31,33,28,32,41,15,41,40,31,33,32,29,38,38,30,40,34,42,35,34,36,48,32,44,27,24,23,32,23,33,21,74,72,73,80,79,77,61,63,58,5,11,8,10
LA,,Parker,Rollins,LB,THUMPER,68,24,2002,73,232,San Jose State,SLOW,66,77,65,79,70,68,75,74,64,69,68,43,46,34,23,30,42,38,45,41,39,30,31,32,34,32,37,28,37,28,39,29,41,32,27,39,38,31,28,31,32,46,36,32,42,57,81,65,75,75,56,58,63,22,15,19,14
LA,,Micah,Williamson,LB,BLITZING_LB,62,25,2001,73,229,Vanderbilt,NORMAL,57,77,63,55,63,60,65,59,66,65,60,12,46,32,37,36,40,30,37,46,33,32,38,30,32,28,36,34,43,32,41,38,28,43,29,28,37,42,40,36,21,41,32,35,60,59,58,72,60,62,55,49,48,19,16,6,15
LA,,Cedric,Hester,LB,FIELD_GENERAL_MLB,55,25,2001,73,226,Iowa State,NORMAL,44,56,54,50,56,48,53,50,67,61,50,28,33,30,34,30,41,34,48,48,32,23,34,38,37,39,31,40,47,27,37,36,29,36,37,35,37,34,43,30,26,34,35,39,32,38,51,50,61,51,45,55,44,7,1,13,17
LA,,Jace,Woodson,LB,FIELD_GENERAL_MLB,52,21,2005,75,238,Boise State,NORMAL,48,37,49,49,59,51,51,53,57,62,51,36,39,37,45,40,34,25,44,44,31,26,36,30,29,28,27,26,43,35,29,29,32,34,23,38,38,36,38,34,30,38,23,34,35,39,45,53,50,47,45,56,43,12,11,3,13
LA,,Tyler,Bailey,CB,MAN_PRESS,74,33,1993,72,194,Montana,NORMAL,77,64,71,76,67,65,74,70,70,64,64,33,33,29,33,41,29,34,42,35,38,36,37,24,34,31,31,23,31,79,42,56,30,36,38,17,39,37,34,35,38,33,30,34,34,36,30,60,72,63,86,58,89,10,11,6,8
LA,,Leon,Locke,CB,ZONE_CB,78,26,2000,69,174,Michigan State,QUICK,71,88,73,86,77,79,77,74,89,86,85,37,26,40,38,38,34,39,27,28,30,35,37,27,27,42,44,34,37,89,28,65,20,36,39,30,35,32,37,38,34,31,31,34,28,38,43,59,79,59,67,95,70,18,12,11,15
LA,,Lorenzo,Dean,CB,ZONE_CB,69,24,2002,70,194,UCLA,NORMAL,60,74,68,67,68,68,70,72,84,80,71,39,40,41,24,23,16,27,43,27,25,34,38,35,24,45,39,33,32,77,35,58,40,38,34,38,34,33,40,36,46,33,33,33,24,24,37,51,70,46,60,82,66,19,9,8,17
LA,,Avery,Heath,CB,ZONE_CB,62,24,2002,72,187,Houston,SLOW,58,64,63,65,66,63,63,63,67,77,59,34,39,38,32,28,25,20,39,35,35,34,36,47,32,38,33,33,43,59,40,57,32,32,46,40,31,33,46,40,34,32,40,34,26,28,25,46,63,50,52,72,54,15,8,12,12
LA,,Dillon,Ballard,CB,MAN_PRESS,61,21,2005,71,204,Vanderbilt,NORMAL,64,64,61,64,56,59,62,59,60,51,62,19,31,26,30,42,28,34,38,24,32,36,27,26,35,35,38,33,40,60,45,38,40,37,32,26,42,25,37,29,32,28,31,41,36,35,44,50,70,47,68,47,71,6,18,18,2
LA,,Clay,Rowe,S,HYBRID_NICKEL,75,21,2005,74,213,Western Michigan,SLOW,78,70,72,69,69,67,76,76,78,70,74,39,31,33,35,32,27,30,27,38,29,34,25,27,38,37,21,28,38,73,42,66,24,33,34,27,31,28,30,41,39,26,28,31,42,37,61,76,74,66,86,74,62,13,11,15,13
LA,,Tyler,Garrett,S,FREE_SAFETY,73,24,2002,73,216,Oregon,SLOW,79,70,75,67,76,78,73,75,61,78,78,25,28,30,31,49,26,26,38,33,26,26,32,39,40,40,40,41,27,74,33,65,29,33,34,45,31,28,40,42,36,36,33,38,28,43,62,71,68,57,72,84,64,7,13,5,5
LA,,Denzel,Guerrero,S,HYBRID_NICKEL,56,21,2005,73,215,Maryland,NORMAL,46,57,68,44,60,60,54,59,53,53,58,35,33,34,45,34,40,44,28,35,33,46,34,33,27,31,33,37,28,56,40,31,43,28,33,36,31,34,27,36,39,31,38,40,35,34,49,63,52,56,66,62,47,16,10,8,21
LA,,Reece,Vaughn,S,FREE_SAFETY,60,21,2005,70,185,Kansas State,X_FACTOR,64,63,67,59,55,57,57,59,56,70,60,34,34,29,46,35,36,28,38,28,33,47,38,31,41,41,42,25,24,67,30,51,29,36,33,35,37,41,33,34,22,28,33,38,32,32,64,51,53,46,59,68,51,5,16,17,12
LA,,Owen,Vaughn,K,SPECIALIST,73,24,2002,71,201,Central Michigan,NORMAL,77,76,77,73,68,81,77,78,76,70,73,37,37,39,44,37,45,37,40,40,39,49,30,43,42,37,41,38,39,33,34,49,35,31,43,46,44,46,44,46,44,37,31,43,36,36,39,50,43,39,31,33,36,75,70,33,33
LA,,Warren,Hansen,P,SPECIALIST,72,23,2003,74,220,Maryland,NORMAL,70,77,78,81,75,69,69,67,75,71,68,40,37,39,38,49,50,30,39,43,32,41,49,44,40,36,35,45,47,39,40,36,39,31,49,46,36,41,40,39,47,46,44,45,51,39,32,36,46,37,48,29,35,28,23,73,71
LA,,Dominic,Gates,LS,SPECIALIST,59,27,1999,75,261,Wake Forest,SUPERSTAR,55,63,51,61,60,60,53,59,59,56,64,44,47,41,42,46,34,37,51,49,58,43,44,41,41,45,29,32,41,43,41,45,48,47,40,37,49,36,39,46,42,46,41,46,46,46,47,36,58,42,42,36,43,33,36,34,25